solid OpenSCAD_Model
  facet normal 0.227478 0.66945 -0.707171
    outer loop
      vertex 121.9 17.1981 0.4
      vertex 121.301 16.9791 0
      vertex 121.405 17.3663 0.4
    endloop
  endfacet
  facet normal -7.26418e-06 0.793334 0.608786
    outer loop
      vertex 44.6116 17.3539 2.05853
      vertex 44.5525 17.2709 2.16669
      vertex 88.2372 17.2713 2.16669
    endloop
  endfacet
  facet normal 4.17714e-05 0.793321 0.608803
    outer loop
      vertex 44.5525 17.2709 2.16669
      vertex 44.6116 17.3539 2.05853
      vertex 44.566 17.316 2.10792
    endloop
  endfacet
  facet normal 0 0.793355 0.60876
    outer loop
      vertex 31.3062 17.3791 2.02555
      vertex 29.7331 17.2708 2.16669
      vertex 31.3067 17.2708 2.16669
    endloop
  endfacet
  facet normal -1.1461e-07 0.793355 0.608759
    outer loop
      vertex 29.7331 17.2708 2.16669
      vertex 31.3062 17.3791 2.02555
      vertex 29.7313 17.3821 2.02164
    endloop
  endfacet
  facet normal -3.39415e-05 0.793383 0.608723
    outer loop
      vertex 37.6125 17.3671 2.04118
      vertex 37.5568 17.2708 2.16669
      vertex 39.8943 17.2709 2.16669
    endloop
  endfacet
  facet normal -1.94091e-05 0.79351 0.608557
    outer loop
      vertex 37.6125 17.3671 2.04118
      vertex 39.8943 17.2709 2.16669
      vertex 39.9057 17.3628 2.04686
    endloop
  endfacet
  facet normal 0.00305424 0.792717 0.609583
    outer loop
      vertex 37.5568 17.2708 2.16669
      vertex 37.6125 17.3671 2.04118
      vertex 37.59 17.35 2.06353
    endloop
  endfacet
  facet normal 0.137945 0.693476 -0.707151
    outer loop
      vertex 121.301 16.9791 0
      vertex 120.839 17.071 0
      vertex 121.405 17.3663 0.4
    endloop
  endfacet
  facet normal 0.705567 -0.046765 -0.707099
    outer loop
      vertex 124.37 -13.5052 0.4
      vertex 123.938 -13.9749 0
      vertex 123.97 -13.4921 0
    endloop
  endfacet
  facet normal 0.039734 -0.607326 0.793458
    outer loop
      vertex 120.839 -17.0736 2.29382
      vertex 120.356 -17.1052 2.29382
      vertex 120.362 -17.2709 2.16669
    endloop
  endfacet
  facet normal -0.000237488 -1 0
    outer loop
      vertex 3.99907 -17.5009 0.4
      vertex 21.2631 -17.505 1.601
      vertex 3.99907 -17.5009 1.601
    endloop
  endfacet
  facet normal -0.000237488 -1 -0
    outer loop
      vertex 21.2631 -17.505 1.601
      vertex 3.99907 -17.5009 0.4
      vertex 21.2631 -17.505 0.4
    endloop
  endfacet
  facet normal -6.34823e-06 0.707107 -0.707107
    outer loop
      vertex 21.4053 17.105 0
      vertex 21.4052 17.505 0.4
      vertex 88.2372 17.1056 0
    endloop
  endfacet
  facet normal -0.000144626 -0.608713 0.793391
    outer loop
      vertex 21.2632 -17.105 2.29382
      vertex 4.00677 -17.2666 2.16669
      vertex 21.2632 -17.2707 2.16669
    endloop
  endfacet
  facet normal -0 0.608713 0.793391
    outer loop
      vertex 88.2372 17.2713 2.16669
      vertex 106.353 17.1056 2.29382
      vertex 106.353 17.2713 2.16669
    endloop
  endfacet
  facet normal 0 0.608713 0.793391
    outer loop
      vertex 106.353 17.1056 2.29382
      vertex 88.2372 17.2713 2.16669
      vertex 88.2372 17.1056 2.29382
    endloop
  endfacet
  facet normal 0.705567 0.0467553 -0.707099
    outer loop
      vertex 123.97 13.4895 0
      vertex 123.938 13.9724 0
      vertex 124.37 13.5026 0.4
    endloop
  endfacet
  facet normal -0.0946012 -0.0829689 0.992052
    outer loop
      vertex 1.46263 -15.448 2.4
      vertex 1.29802 -15.5743 2.37374
      vertex 1.59174 -15.9092 2.37374
    endloop
  endfacet
  facet normal 0.193539 0.972433 0.130064
    outer loop
      vertex 121.405 17.3663 1.601
      vertex 120.892 17.4684 1.601
      vertex 121.398 17.34 1.80805
    endloop
  endfacet
  facet normal 0 -0.125791 0.992057
    outer loop
      vertex 120.343 -16.7052 2.4
      vertex 36.3052 -16.7052 2.4
      vertex 120.35 -16.9123 2.37374
    endloop
  endfacet
  facet normal 0.0653771 -0.997861 0
    outer loop
      vertex 120.37 -17.5052 0.4
      vertex 120.892 -17.471 1.601
      vertex 120.37 -17.5052 1.601
    endloop
  endfacet
  facet normal 0.0653771 -0.997861 0
    outer loop
      vertex 120.892 -17.471 1.601
      vertex 120.37 -17.5052 0.4
      vertex 120.892 -17.471 0.4
    endloop
  endfacet
  facet normal -0.000235549 1 0
    outer loop
      vertex 21.4052 17.505 0.4
      vertex 3.99907 17.5009 1.601
      vertex 21.4052 17.505 1.601
    endloop
  endfacet
  facet normal -0.000235549 1 0
    outer loop
      vertex 3.99907 17.5009 1.601
      vertex 21.4052 17.505 0.4
      vertex 3.99907 17.5009 0.4
    endloop
  endfacet
  facet normal -8.50046e-06 0.923918 0.382591
    outer loop
      vertex 44.7611 17.478 1.80805
      vertex 88.2372 17.3985 2.001
      vertex 88.2372 17.4784 1.80805
    endloop
  endfacet
  facet normal -9.37493e-06 0.923848 0.38276
    outer loop
      vertex 88.2372 17.3985 2.001
      vertex 44.7611 17.478 1.80805
      vertex 44.7275 17.4501 1.87539
    endloop
  endfacet
  facet normal 1.29394e-05 0.924363 0.381514
    outer loop
      vertex 31.3057 17.4778 1.80805
      vertex 29.7291 17.4679 1.83209
      vertex 31.3058 17.466 1.83664
    endloop
  endfacet
  facet normal 0 0.924662 0.380788
    outer loop
      vertex 29.7291 17.4679 1.83209
      vertex 31.3057 17.4778 1.80805
      vertex 29.7259 17.4778 1.80805
    endloop
  endfacet
  facet normal -0 0.924122 0.382097
    outer loop
      vertex 37.7579 17.4779 1.80805
      vertex 39.9173 17.4558 1.8615
      vertex 39.9201 17.4779 1.80805
    endloop
  endfacet
  facet normal -4.30848e-06 0.924061 0.382246
    outer loop
      vertex 39.9173 17.4558 1.8615
      vertex 37.7579 17.4779 1.80805
      vertex 37.7323 17.4584 1.85519
    endloop
  endfacet
  facet normal -0.53162 -0.4662 -0.707134
    outer loop
      vertex 1.45502 -16.0459 0
      vertex 0.826584 -15.936 0.4
      vertex 1.14467 -15.692 0
    endloop
  endfacet
  facet normal -0.634269 0.312594 -0.707099
    outer loop
      vertex 0.674469 14.8774 0
      vertex 0.535431 15.5001 0.4
      vertex 0.882645 15.2998 0
    endloop
  endfacet
  facet normal 0.392754 -0.587712 -0.707346
    outer loop
      vertex 122.37 -16.9693 0.4
      vertex 122.169 -16.6222 0
      vertex 122.805 -16.6786 0.4
    endloop
  endfacet
  facet normal -0.000141196 -0.608941 0.793215
    outer loop
      vertex 4.01231 -17.101 2.29382
      vertex 4.00677 -17.2666 2.16669
      vertex 21.2632 -17.105 2.29382
    endloop
  endfacet
  facet normal -0.227447 0.66953 -0.707105
    outer loop
      vertex 3.06758 16.9772 0
      vertex 2.4684 17.1961 0.4
      vertex 2.96382 17.3644 0.4
    endloop
  endfacet
  facet normal -0.0649959 0.98934 0.130314
    outer loop
      vertex 3.99907 17.5009 1.601
      vertex 3.47697 17.4666 1.601
      vertex 4.00017 17.4737 1.80805
    endloop
  endfacet
  facet normal 0.906896 0.179742 0.381094
    outer loop
      vertex 124.308 14.0212 1.80805
      vertex 124.207 14.5308 1.80805
      vertex 124.229 14.0107 2.001
    endloop
  endfacet
  facet normal 0.000151479 0.707104 -0.707109
    outer loop
      vertex 120.357 17.1026 0
      vertex 106.353 17.1056 0
      vertex 120.37 17.5026 0.4
    endloop
  endfacet
  facet normal -0.587995 -0.392826 -0.707071
    outer loop
      vertex 0.826584 -15.936 0.4
      vertex 0.535904 -15.5009 0.4
      vertex 0.883026 -15.3005 0
    endloop
  endfacet
  facet normal 0.374921 0.0746411 0.924047
    outer loop
      vertex 123.846 14.4342 2.29382
      vertex 123.659 14.3841 2.37374
      vertex 123.746 13.9471 2.37374
    endloop
  endfacet
  facet normal -0.0463553 0.7056 -0.707092
    outer loop
      vertex 3.52942 17.0692 0
      vertex 3.47697 17.4666 0.4
      vertex 3.99907 17.5009 0.4
    endloop
  endfacet
  facet normal -0.381861 -0.0250254 0.923881
    outer loop
      vertex 0.592941 -13.4815 2.37374
      vertex 0.399994 -13.4878 2.29382
      vertex 0.431641 -13.9707 2.29382
    endloop
  endfacet
  facet normal 0.00020434 0.923748 0.383002
    outer loop
      vertex 120.369 17.4754 1.80805
      vertex 106.353 17.3985 2.001
      vertex 120.367 17.3954 2.001
    endloop
  endfacet
  facet normal 0.195931 0.576777 0.793057
    outer loop
      vertex 121.81 16.9812 2.16669
      vertex 121.344 17.1395 2.16669
      vertex 121.747 16.8278 2.29382
    endloop
  endfacet
  facet normal -0.923874 0 0.382697
    outer loop
      vertex 0.0272522 -13.1298 1.80805
      vertex 0.107178 -13.4974 2.001
      vertex 0.107178 -13.1296 2.001
    endloop
  endfacet
  facet normal -0.923874 0 0.382697
    outer loop
      vertex 0.107178 -13.4974 2.001
      vertex 0.0272522 -13.1298 1.80805
      vertex 0.0272522 -13.4999 1.80805
    endloop
  endfacet
  facet normal -0.138146 0.693491 -0.707097
    outer loop
      vertex 3.52942 17.0692 0
      vertex 3.06758 16.9772 0
      vertex 3.47697 17.4666 0.4
    endloop
  endfacet
  facet normal -5.56582e-06 0.60854 0.793523
    outer loop
      vertex 44.5354 17.2136 2.21069
      vertex 44.5031 17.1052 2.29382
      vertex 88.2372 17.1056 2.29382
    endloop
  endfacet
  facet normal -6.20491e-06 0.608859 0.793278
    outer loop
      vertex 39.8886 17.225 2.20185
      vertex 37.54 17.2308 2.19738
      vertex 39.874 17.108 2.29165
    endloop
  endfacet
  facet normal 0.000305359 0.612578 0.79041
    outer loop
      vertex 37.54 17.2308 2.19738
      vertex 39.8741 17.1052 2.29382
      vertex 39.874 17.108 2.29165
    endloop
  endfacet
  facet normal 0 0.609015 0.793159
    outer loop
      vertex 39.8741 17.1052 2.29382
      vertex 37.54 17.2308 2.19738
      vertex 37.4873 17.1052 2.29382
    endloop
  endfacet
  facet normal 1.98022e-06 0.608935 0.79322
    outer loop
      vertex 31.3068 17.2462 2.18552
      vertex 29.7335 17.2501 2.18253
      vertex 29.734 17.217 2.20794
    endloop
  endfacet
  facet normal -2.33452e-07 0.60901 0.793163
    outer loop
      vertex 29.734 17.217 2.20794
      vertex 31.307 17.203 2.21869
      vertex 31.3068 17.2462 2.18552
    endloop
  endfacet
  facet normal -3.12108e-06 0.608805 0.79332
    outer loop
      vertex 29.734 17.217 2.20794
      vertex 31.3225 17.1051 2.29382
      vertex 31.307 17.203 2.21869
    endloop
  endfacet
  facet normal 0 0.608833 0.793298
    outer loop
      vertex 31.3225 17.1051 2.29382
      vertex 29.734 17.217 2.20794
      vertex 29.6874 17.1051 2.29382
    endloop
  endfacet
  facet normal -0.32126 0.937981 0.130325
    outer loop
      vertex 2.96382 17.3644 1.601
      vertex 2.95141 17.3325 1.8
      vertex 2.97068 17.3391 1.8
    endloop
  endfacet
  facet normal -0.318903 0.938747 0.130595
    outer loop
      vertex 2.95141 17.3325 1.8
      vertex 2.96382 17.3644 1.601
      vertex 2.4684 17.1961 1.601
    endloop
  endfacet
  facet normal -0.000166558 0.707107 -0.707107
    outer loop
      vertex 21.4053 17.105 0
      vertex 3.99907 17.5009 0.4
      vertex 21.4052 17.505 0.4
    endloop
  endfacet
  facet normal -0.0650267 -0.989303 0.130582
    outer loop
      vertex 3.48138 -17.4396 1.80805
      vertex 3.47789 -17.4667 1.601
      vertex 4.00017 -17.4737 1.80805
    endloop
  endfacet
  facet normal 0.633806 -0.311973 -0.707787
    outer loop
      vertex 123.834 -15.5052 0.4
      vertex 123.486 -15.3047 0
      vertex 124.065 -15.0359 0.4
    endloop
  endfacet
  facet normal -0.889307 0.43828 0.130551
    outer loop
      vertex 0.549148 15.4687 1.8
      vertex 0.304123 15.0308 1.601
      vertex 0.328408 15.0208 1.8
    endloop
  endfacet
  facet normal -0.0244371 0.12351 0.992042
    outer loop
      vertex 3.5242 16.6865 2.39674
      vertex 3.51553 16.6586 2.4
      vertex 3.58174 16.6717 2.4
    endloop
  endfacet
  facet normal 0 0.923918 0.382591
    outer loop
      vertex 106.353 17.4784 1.80805
      vertex 88.2372 17.3985 2.001
      vertex 106.353 17.3985 2.001
    endloop
  endfacet
  facet normal 0 0.923918 0.382591
    outer loop
      vertex 88.2372 17.3985 2.001
      vertex 106.353 17.4784 1.80805
      vertex 88.2372 17.4784 1.80805
    endloop
  endfacet
  facet normal -0.0464061 -0.705665 -0.707024
    outer loop
      vertex 3.99907 -17.5009 0.4
      vertex 3.53027 -17.0693 0
      vertex 4.01231 -17.101 0
    endloop
  endfacet
  facet normal -0.123407 -0.0245432 0.992053
    outer loop
      vertex 0.829086 -13.9184 2.4
      vertex 0.710266 -14.3824 2.37374
      vertex 0.910706 -14.3288 2.4
    endloop
  endfacet
  facet normal 0.000130345 0.608713 0.793391
    outer loop
      vertex 106.353 17.2713 2.16669
      vertex 106.353 17.1056 2.29382
      vertex 120.363 17.2683 2.16669
    endloop
  endfacet
  facet normal 0.694854 -0.608242 0.383691
    outer loop
      vertex 123.521 -15.9236 1.80805
      vertex 123.122 -16.2577 2.001
      vertex 123.179 -16.3143 1.80805
    endloop
  endfacet
  facet normal -0.0556601 -0.11283 0.992054
    outer loop
      vertex 2.40083 -16.2707 2.4
      vertex 2.29706 -16.4504 2.37374
      vertex 2.77605 -16.4558 2.4
    endloop
  endfacet
  facet normal 0 0.991481 0.13025
    outer loop
      vertex 106.353 17.5056 1.601
      vertex 88.2372 17.4784 1.80805
      vertex 106.353 17.4784 1.80805
    endloop
  endfacet
  facet normal 0 0.991481 0.13025
    outer loop
      vertex 88.2372 17.4784 1.80805
      vertex 106.353 17.5056 1.601
      vertex 88.2372 17.5056 1.601
    endloop
  endfacet
  facet normal -0.000166684 0.707104 -0.70711
    outer loop
      vertex 4.01239 17.1009 0
      vertex 3.99907 17.5009 0.4
      vertex 21.4053 17.105 0
    endloop
  endfacet
  facet normal -0.401419 -0.457661 0.793353
    outer loop
      vertex 1.80891 -16.3563 2.29382
      vertex 1.45502 -16.0459 2.29382
      vertex 1.70792 -16.4881 2.16669
    endloop
  endfacet
  facet normal -0.227288 -0.6695 -0.707185
    outer loop
      vertex 2.96472 -17.3647 0.4
      vertex 2.46927 -17.1965 0.4
      vertex 3.06845 -16.9774 0
    endloop
  endfacet
  facet normal 0.0462277 0.705581 -0.70712
    outer loop
      vertex 120.839 17.071 0
      vertex 120.37 17.5026 0.4
      vertex 120.892 17.4684 0.4
    endloop
  endfacet
  facet normal 0.138008 0.693417 -0.707196
    outer loop
      vertex 121.405 17.3663 0.4
      vertex 120.839 17.071 0
      vertex 120.892 17.4684 0.4
    endloop
  endfacet
  facet normal 0.69365 0.138189 -0.706932
    outer loop
      vertex 123.938 13.9724 0
      vertex 123.846 14.4342 0
      vertex 124.233 14.5379 0.4
    endloop
  endfacet
  facet normal -0.138115 0.693479 -0.707115
    outer loop
      vertex 3.06758 16.9772 0
      vertex 2.96382 17.3644 0.4
      vertex 3.47697 17.4666 0.4
    endloop
  endfacet
  facet normal 0.669814 -0.227147 -0.706933
    outer loop
      vertex 124.065 -15.0359 0.4
      vertex 123.846 -14.4368 0
      vertex 124.233 -14.5405 0.4
    endloop
  endfacet
  facet normal 0.670002 -0.226992 -0.706804
    outer loop
      vertex 124.065 -15.0359 0.4
      vertex 123.695 -14.8825 0
      vertex 123.846 -14.4368 0
    endloop
  endfacet
  facet normal 0.000151339 0.707107 -0.707107
    outer loop
      vertex 120.37 17.5026 0.4
      vertex 106.353 17.1056 0
      vertex 106.353 17.5056 0.4
    endloop
  endfacet
  facet normal 0.46684 -0.531082 -0.707115
    outer loop
      vertex 122.805 -16.6786 0.4
      vertex 122.561 -16.3605 0
      vertex 122.914 -16.0502 0
    endloop
  endfacet
  facet normal 0.255105 -0.751134 0.608867
    outer loop
      vertex 121.859 -17.1015 2.001
      vertex 121.344 -17.1421 2.16669
      vertex 121.377 -17.2652 2.001
    endloop
  endfacet
  facet normal 0.0746764 0.375413 0.923844
    outer loop
      vertex 120.839 17.071 2.29382
      vertex 120.814 16.8793 2.37374
      vertex 121.301 16.9791 2.29382
    endloop
  endfacet
  facet normal 0.0249905 -0.381975 0.923835
    outer loop
      vertex 120.839 -17.0736 2.29382
      vertex 120.35 -16.9123 2.37374
      vertex 120.356 -17.1052 2.29382
    endloop
  endfacet
  facet normal 0 -0.382758 0.923849
    outer loop
      vertex 36.3052 -16.9123 2.37374
      vertex 36.3052 -17.1052 2.29382
      vertex 120.356 -17.1052 2.29382
    endloop
  endfacet
  facet normal 0.588442 0.392194 -0.70705
    outer loop
      vertex 123.486 15.3021 0
      vertex 123.225 15.6937 0
      vertex 123.543 15.9377 0.4
    endloop
  endfacet
  facet normal -0.212557 -0.318169 0.923898
    outer loop
      vertex 1.92667 -16.2029 2.37374
      vertex 1.80891 -16.3563 2.29382
      vertex 2.20049 -16.6179 2.29382
    endloop
  endfacet
  facet normal -0.597058 -0.118749 0.79336
    outer loop
      vertex 0.431641 -13.9707 2.29382
      vertex 0.267029 -13.9924 2.16669
      vertex 0.363113 -14.4755 2.16669
    endloop
  endfacet
  facet normal -0.0946005 -0.0829687 0.992052
    outer loop
      vertex 1.73846 -15.7625 2.4
      vertex 1.46263 -15.448 2.4
      vertex 1.59174 -15.9092 2.37374
    endloop
  endfacet
  facet normal 0.0082258 -0.125507 0.992059
    outer loop
      vertex 120.787 -16.6761 2.4
      vertex 120.343 -16.7052 2.4
      vertex 120.814 -16.8819 2.37374
    endloop
  endfacet
  facet normal 0.25513 0.751046 0.608965
    outer loop
      vertex 121.859 17.0989 2.001
      vertex 121.344 17.1395 2.16669
      vertex 121.81 16.9812 2.16669
    endloop
  endfacet
  facet normal 0 1 -0
    outer loop
      vertex 106.353 17.5056 0.4
      vertex 88.2372 17.5056 1.601
      vertex 106.353 17.5056 1.601
    endloop
  endfacet
  facet normal 0 1 0
    outer loop
      vertex 88.2372 17.5056 1.601
      vertex 106.353 17.5056 0.4
      vertex 88.2372 17.5056 0.4
    endloop
  endfacet
  facet normal 0.401925 -0.457233 0.793344
    outer loop
      vertex 122.914 -16.0502 2.29382
      vertex 122.561 -16.3605 2.29382
      vertex 122.662 -16.4923 2.16669
    endloop
  endfacet
  facet normal 0.125851 0 0.992049
    outer loop
      vertex 123.57 13.4764 2.4
      vertex 123.777 -13.4857 2.37374
      vertex 123.777 13.4832 2.37374
    endloop
  endfacet
  facet normal 0.125851 0 0.992049
    outer loop
      vertex 123.777 -13.4857 2.37374
      vertex 123.57 13.4764 2.4
      vertex 123.57 -13.479 2.4
    endloop
  endfacet
  facet normal 0.408369 0.828707 0.382726
    outer loop
      vertex 122.356 16.9431 1.80805
      vertex 121.859 17.0989 2.001
      vertex 122.316 16.8737 2.001
    endloop
  endfacet
  facet normal 0.751842 0.659343 0
    outer loop
      vertex 123.543 15.9377 1.601
      vertex 123.198 16.3311 0.4
      vertex 123.198 16.3311 1.601
    endloop
  endfacet
  facet normal 0.751842 0.659343 0
    outer loop
      vertex 123.198 16.3311 0.4
      vertex 123.543 15.9377 1.601
      vertex 123.543 15.9377 0.4
    endloop
  endfacet
  facet normal -0.466264 -0.531592 -0.707112
    outer loop
      vertex 1.56496 -16.6744 0.4
      vertex 1.45502 -16.0459 0
      vertex 1.80891 -16.3563 0
    endloop
  endfacet
  facet normal 0.988753 0.066283 0.134064
    outer loop
      vertex 124.37 13.5026 1.601
      vertex 124.335 14.0247 1.601
      vertex 124.342 13.5015 1.80805
    endloop
  endfacet
  facet normal 0.180194 -0.906303 0.382288
    outer loop
      vertex 121.398 -17.3425 1.80805
      vertex 120.878 -17.3645 2.001
      vertex 120.888 -17.4439 1.80805
    endloop
  endfacet
  facet normal 0.921852 -0.0594627 0.382953
    outer loop
      vertex 124.262 -13.5017 2.001
      vertex 124.229 -14.0133 2.001
      vertex 124.342 -13.5041 1.80805
    endloop
  endfacet
  facet normal -0.831509 -0.555511 0
    outer loop
      vertex 0.826584 -15.936 0.4
      vertex 0.535904 -15.5009 1.601
      vertex 0.535904 -15.5009 0.4
    endloop
  endfacet
  facet normal -0.831509 -0.555511 0
    outer loop
      vertex 0.535904 -15.5009 1.601
      vertex 0.826584 -15.936 0.4
      vertex 0.826584 -15.936 1.601
    endloop
  endfacet
  facet normal -0.989314 -0.064862 0.130582
    outer loop
      vertex 0.0613251 -14.0196 1.80805
      vertex 0.0272522 -13.4999 1.80805
      vertex 0.0342255 -14.0231 1.601
    endloop
  endfacet
  facet normal -0.0463109 0.705577 -0.707119
    outer loop
      vertex 4.01239 17.1009 0
      vertex 3.52942 17.0692 0
      vertex 3.99907 17.5009 0.4
    endloop
  endfacet
  facet normal -0.000214081 -0.923918 0.382592
    outer loop
      vertex 21.2632 -17.3978 2.001
      vertex 4.00017 -17.4737 1.80805
      vertex 21.2631 -17.4777 1.80805
    endloop
  endfacet
  facet normal 0.0462591 0.705598 -0.707101
    outer loop
      vertex 120.839 17.071 0
      vertex 120.357 17.1026 0
      vertex 120.37 17.5026 0.4
    endloop
  endfacet
  facet normal -0.321469 -0.94692 0
    outer loop
      vertex 2.46927 -17.1965 0.4
      vertex 2.96472 -17.3647 1.601
      vertex 2.46927 -17.1965 1.601
    endloop
  endfacet
  facet normal -0.321469 -0.94692 -0
    outer loop
      vertex 2.96472 -17.3647 1.601
      vertex 2.46927 -17.1965 0.4
      vertex 2.96472 -17.3647 0.4
    endloop
  endfacet
  facet normal 0.707107 0 -0.707107
    outer loop
      vertex 124.37 13.5026 0.4
      vertex 123.97 -13.4921 0
      vertex 123.97 13.4895 0
    endloop
  endfacet
  facet normal 0.707107 0 -0.707107
    outer loop
      vertex 123.97 -13.4921 0
      vertex 124.37 13.5026 0.4
      vertex 124.37 -13.5052 0.4
    endloop
  endfacet
  facet normal -8.97774e-06 1 0
    outer loop
      vertex 88.2372 17.5056 0.4
      vertex 21.4052 17.505 1.601
      vertex 88.2372 17.5056 1.601
    endloop
  endfacet
  facet normal -8.97774e-06 1 0
    outer loop
      vertex 21.4052 17.505 1.601
      vertex 88.2372 17.5056 0.4
      vertex 21.4052 17.505 0.4
    endloop
  endfacet
  facet normal -0.000183874 -0.793442 0.608646
    outer loop
      vertex 21.2632 -17.2707 2.16669
      vertex 4.00261 -17.3938 2.001
      vertex 21.2632 -17.3978 2.001
    endloop
  endfacet
  facet normal -0.0605961 -0.921896 0.382669
    outer loop
      vertex 3.4919 -17.3602 2.001
      vertex 3.48138 -17.4396 1.80805
      vertex 4.00017 -17.4737 1.80805
    endloop
  endfacet
  facet normal 0.104776 0.0701521 0.992019
    outer loop
      vertex 123.071 15.576 2.37374
      vertex 122.907 15.4496 2.4
      vertex 123.319 15.2056 2.37374
    endloop
  endfacet
  facet normal -0.0245346 -0.123365 0.992058
    outer loop
      vertex 3.1722 -16.5902 2.4
      vertex 3.11853 -16.7907 2.37374
      vertex 3.55548 -16.8776 2.37374
    endloop
  endfacet
  facet normal -0.195639 -0.576417 0.793391
    outer loop
      vertex 3.06845 -16.9774 2.29382
      vertex 2.62267 -16.8261 2.29382
      vertex 3.02548 -17.1378 2.16669
    endloop
  endfacet
  facet normal -0.252333 -0.287756 0.923864
    outer loop
      vertex 1.59174 -15.9092 2.37374
      vertex 1.45502 -16.0459 2.29382
      vertex 1.92667 -16.2029 2.37374
    endloop
  endfacet
  facet normal -0.375314 -0.0746626 0.923886
    outer loop
      vertex 0.623352 -13.9455 2.37374
      vertex 0.523499 -14.4325 2.29382
      vertex 0.710266 -14.3824 2.37374
    endloop
  endfacet
  facet normal -0.125544 -0.00822827 0.992054
    outer loop
      vertex 0.800003 -13.4747 2.4
      vertex 0.592941 -13.4815 2.37374
      vertex 0.623352 -13.9455 2.37374
    endloop
  endfacet
  facet normal 0.829326 0.40849 0.381255
    outer loop
      vertex 123.81 15.489 1.80805
      vertex 123.741 15.449 2.001
      vertex 123.966 14.9922 2.001
    endloop
  endfacet
  facet normal -0.938901 0.318454 0.130582
    outer loop
      vertex 0.304123 15.0308 1.601
      vertex 0.167943 14.5477 1.8
      vertex 0.328408 15.0208 1.8
    endloop
  endfacet
  facet normal -2.91921e-05 -0.125851 0.992049
    outer loop
      vertex 21.2633 -16.705 2.4
      vertex 4.01871 -16.908 2.37374
      vertex 21.2633 -16.912 2.37374
    endloop
  endfacet
  facet normal 0.180286 0.905967 0.383041
    outer loop
      vertex 121.398 17.34 1.80805
      vertex 120.878 17.3619 2.001
      vertex 121.377 17.2626 2.001
    endloop
  endfacet
  facet normal 0 0.793211 0.608947
    outer loop
      vertex 106.353 17.3985 2.001
      vertex 88.2372 17.2713 2.16669
      vertex 106.353 17.2713 2.16669
    endloop
  endfacet
  facet normal 0 0.793211 0.608947
    outer loop
      vertex 88.2372 17.2713 2.16669
      vertex 106.353 17.3985 2.001
      vertex 88.2372 17.3985 2.001
    endloop
  endfacet
  facet normal 0.0519892 0.791763 0.608612
    outer loop
      vertex 120.367 17.3954 2.001
      vertex 120.363 17.2683 2.16669
      vertex 120.861 17.2356 2.16669
    endloop
  endfacet
  facet normal -2.99189e-05 -0.125791 0.992057
    outer loop
      vertex 4.02533 -16.7009 2.4
      vertex 4.01871 -16.908 2.37374
      vertex 21.2633 -16.705 2.4
    endloop
  endfacet
  facet normal 0.193143 0.972386 0.131003
    outer loop
      vertex 120.892 17.4684 1.601
      vertex 120.888 17.4413 1.80805
      vertex 121.398 17.34 1.80805
    endloop
  endfacet
  facet normal 0.0106708 0.61365 0.789506
    outer loop
      vertex 6.6571 17.2672 2.16669
      vertex 6.6715 17.2419 2.18616
      vertex 6.671 17.246 2.18298
    endloop
  endfacet
  facet normal -0.00013806 0.609828 0.792534
    outer loop
      vertex 6.6715 17.2419 2.18616
      vertex 6.6571 17.2672 2.16669
      vertex 4.00682 17.2666 2.16669
    endloop
  endfacet
  facet normal 0.0746764 -0.375413 0.923844
    outer loop
      vertex 121.301 -16.9817 2.29382
      vertex 120.814 -16.8819 2.37374
      vertex 120.839 -17.0736 2.29382
    endloop
  endfacet
  facet normal 0.598434 0.118943 0.792294
    outer loop
      vertex 124.006 14.4771 2.16669
      vertex 123.938 13.9724 2.29382
      vertex 124.102 13.9941 2.16669
    endloop
  endfacet
  facet normal 0.874812 0.296818 0.382887
    outer loop
      vertex 124.04 15.023 1.80805
      vertex 123.966 14.9922 2.001
      vertex 124.207 14.5308 1.80805
    endloop
  endfacet
  facet normal 0.922593 0.0603582 0.381024
    outer loop
      vertex 124.308 14.0212 1.80805
      vertex 124.229 14.0107 2.001
      vertex 124.342 13.5015 1.80805
    endloop
  endfacet
  facet normal 0.596379 0.523422 0.608573
    outer loop
      vertex 123.122 16.2551 2.001
      vertex 123.032 16.165 2.16669
      vertex 123.357 15.7947 2.16669
    endloop
  endfacet
  facet normal 0.531336 0.465966 -0.707502
    outer loop
      vertex 123.543 15.9377 0.4
      vertex 122.914 16.0476 0
      vertex 123.198 16.3311 0.4
    endloop
  endfacet
  facet normal 0.343653 0.170158 0.923552
    outer loop
      vertex 123.486 15.3021 2.29382
      vertex 123.319 15.2056 2.37374
      vertex 123.695 14.88 2.29382
    endloop
  endfacet
  facet normal 0.608929 0.69452 0.383206
    outer loop
      vertex 122.788 16.6544 1.80805
      vertex 122.739 16.5909 2.001
      vertex 123.122 16.2551 2.001
    endloop
  endfacet
  facet normal -0.392791 -0.587955 -0.707124
    outer loop
      vertex 2.20049 -16.6179 0
      vertex 1.56496 -16.6744 0.4
      vertex 1.80891 -16.3563 0
    endloop
  endfacet
  facet normal 0.831167 -0.556022 0
    outer loop
      vertex 123.543 -15.9402 1.601
      vertex 123.834 -15.5052 0.4
      vertex 123.834 -15.5052 1.601
    endloop
  endfacet
  facet normal 0.831167 -0.556022 0
    outer loop
      vertex 123.834 -15.5052 0.4
      vertex 123.543 -15.9402 1.601
      vertex 123.543 -15.9402 0.4
    endloop
  endfacet
  facet normal 0.947026 -0.321156 0
    outer loop
      vertex 124.065 -15.0359 1.601
      vertex 124.233 -14.5405 0.4
      vertex 124.233 -14.5405 1.601
    endloop
  endfacet
  facet normal 0.947026 -0.321156 0
    outer loop
      vertex 124.233 -14.5405 0.4
      vertex 124.065 -15.0359 1.601
      vertex 124.065 -15.0359 0.4
    endloop
  endfacet
  facet normal -0.000163978 -0.707192 -0.707021
    outer loop
      vertex 21.2632 -17.105 0
      vertex 3.99907 -17.5009 0.4
      vertex 4.01231 -17.101 0
    endloop
  endfacet
  facet normal 0.392594 -0.588066 -0.707141
    outer loop
      vertex 122.805 -16.6786 0.4
      vertex 122.169 -16.6222 0
      vertex 122.561 -16.3605 0
    endloop
  endfacet
  facet normal 0.317686 -0.211737 0.924253
    outer loop
      vertex 123.486 -15.3047 2.29382
      vertex 123.071 -15.5785 2.37374
      vertex 123.225 -15.6963 2.29382
    endloop
  endfacet
  facet normal 0.457028 -0.401627 0.793613
    outer loop
      vertex 123.225 -15.6963 2.29382
      vertex 122.914 -16.0502 2.29382
      vertex 123.357 -15.7973 2.16669
    endloop
  endfacet
  facet normal 0.923748 -0 0.383
    outer loop
      vertex 124.262 -13.5017 2.001
      vertex 124.342 13.5015 1.80805
      vertex 124.262 13.4991 2.001
    endloop
  endfacet
  facet normal 0.923748 0 0.383
    outer loop
      vertex 124.342 13.5015 1.80805
      vertex 124.262 -13.5017 2.001
      vertex 124.342 -13.5041 1.80805
    endloop
  endfacet
  facet normal 0 -0.923748 0.383
    outer loop
      vertex 36.3052 -17.398 2.001
      vertex 36.3052 -17.478 1.80805
      vertex 120.368 -17.478 1.80805
    endloop
  endfacet
  facet normal 0.555626 -0.831432 0
    outer loop
      vertex 122.37 -16.9693 0.4
      vertex 122.805 -16.6786 1.601
      vertex 122.37 -16.9693 1.601
    endloop
  endfacet
  facet normal 0.555626 -0.831432 0
    outer loop
      vertex 122.805 -16.6786 1.601
      vertex 122.37 -16.9693 0.4
      vertex 122.805 -16.6786 0.4
    endloop
  endfacet
  facet normal 0.693889 -0.137913 -0.706752
    outer loop
      vertex 124.233 -14.5405 0.4
      vertex 123.938 -13.9749 0
      vertex 124.335 -14.0273 0.4
    endloop
  endfacet
  facet normal 0.751842 -0.659343 0
    outer loop
      vertex 123.198 -16.3336 1.601
      vertex 123.543 -15.9402 0.4
      vertex 123.543 -15.9402 1.601
    endloop
  endfacet
  facet normal 0.751842 -0.659343 0
    outer loop
      vertex 123.543 -15.9402 0.4
      vertex 123.198 -16.3336 1.601
      vertex 123.198 -16.3336 0.4
    endloop
  endfacet
  facet normal 0.441317 -0.660102 0.607869
    outer loop
      vertex 122.662 -16.4923 2.16669
      vertex 122.316 -16.8762 2.001
      vertex 122.739 -16.5934 2.001
    endloop
  endfacet
  facet normal -0.137988 -0.693425 -0.707192
    outer loop
      vertex 3.53027 -17.0693 0
      vertex 2.96472 -17.3647 0.4
      vertex 3.06845 -16.9774 0
    endloop
  endfacet
  facet normal 0.587189 -0.392809 -0.70775
    outer loop
      vertex 123.543 -15.9402 0.4
      vertex 123.486 -15.3047 0
      vertex 123.834 -15.5052 0.4
    endloop
  endfacet
  facet normal 0 -0.991481 0.13025
    outer loop
      vertex 120.368 -17.478 1.80805
      vertex 36.3052 -17.478 1.80805
      vertex 120.37 -17.5052 1.601
    endloop
  endfacet
  facet normal 0.193527 -0.972374 0.130526
    outer loop
      vertex 121.398 -17.3425 1.80805
      vertex 120.892 -17.471 1.601
      vertex 121.405 -17.3689 1.601
    endloop
  endfacet
  facet normal 0.0648172 -0.989315 0.130592
    outer loop
      vertex 120.892 -17.471 1.601
      vertex 120.368 -17.478 1.80805
      vertex 120.37 -17.5052 1.601
    endloop
  endfacet
  facet normal 0.392533 0.588199 -0.707064
    outer loop
      vertex 122.561 16.358 0
      vertex 122.169 16.6196 0
      vertex 122.805 16.676 0.4
    endloop
  endfacet
  facet normal -0.0654795 -0.997854 0
    outer loop
      vertex 3.47789 -17.4667 0.4
      vertex 3.99907 -17.5009 1.601
      vertex 3.47789 -17.4667 1.601
    endloop
  endfacet
  facet normal -0.0654795 -0.997854 -0
    outer loop
      vertex 3.99907 -17.5009 1.601
      vertex 3.47789 -17.4667 0.4
      vertex 3.99907 -17.5009 0.4
    endloop
  endfacet
  facet normal 0.000214026 1 -0
    outer loop
      vertex 120.37 17.5026 0.4
      vertex 106.353 17.5056 1.601
      vertex 120.37 17.5026 1.601
    endloop
  endfacet
  facet normal 0.000214026 1 0
    outer loop
      vertex 106.353 17.5056 1.601
      vertex 120.37 17.5026 0.4
      vertex 106.353 17.5056 0.4
    endloop
  endfacet
  facet normal -1.05996e-05 0.923698 0.383122
    outer loop
      vertex 44.7275 17.4501 1.87539
      vertex 44.6648 17.398 2.001
      vertex 88.2372 17.3985 2.001
    endloop
  endfacet
  facet normal 0 0.923868 0.382711
    outer loop
      vertex 31.3061 17.3979 2.001
      vertex 29.73 17.465 1.83902
      vertex 29.7311 17.3979 2.001
    endloop
  endfacet
  facet normal -8.13981e-06 0.92384 0.382779
    outer loop
      vertex 31.3058 17.466 1.83664
      vertex 29.73 17.465 1.83902
      vertex 31.3061 17.3979 2.001
    endloop
  endfacet
  facet normal -2.36482e-06 0.922485 0.386033
    outer loop
      vertex 29.73 17.465 1.83902
      vertex 31.3058 17.466 1.83664
      vertex 29.7291 17.4679 1.83209
    endloop
  endfacet
  facet normal -6.11543e-06 0.923839 0.38278
    outer loop
      vertex 37.7323 17.4584 1.85519
      vertex 39.9101 17.398 2.001
      vertex 39.9173 17.4558 1.8615
    endloop
  endfacet
  facet normal 0 0.923872 0.382702
    outer loop
      vertex 39.9101 17.398 2.001
      vertex 37.7323 17.4584 1.85519
      vertex 37.653 17.398 2.001
    endloop
  endfacet
  facet normal 0 0.707107 -0.707107
    outer loop
      vertex 106.353 17.1056 0
      vertex 88.2372 17.5056 0.4
      vertex 106.353 17.5056 0.4
    endloop
  endfacet
  facet normal 0 0.707107 -0.707107
    outer loop
      vertex 88.2372 17.5056 0.4
      vertex 106.353 17.1056 0
      vertex 88.2372 17.1056 0
    endloop
  endfacet
  facet normal -6.34822e-06 0.707107 -0.707107
    outer loop
      vertex 88.2372 17.1056 0
      vertex 21.4052 17.505 0.4
      vertex 88.2372 17.5056 0.4
    endloop
  endfacet
  facet normal -3.49558e-05 -0.923918 0.382591
    outer loop
      vertex 26.5493 -17.398 2.001
      vertex 21.2631 -17.4777 1.80805
      vertex 26.5493 -17.4779 1.80805
    endloop
  endfacet
  facet normal 0.440198 -0.659654 0.609165
    outer loop
      vertex 122.662 -16.4923 2.16669
      vertex 122.252 -16.7659 2.16669
      vertex 122.316 -16.8762 2.001
    endloop
  endfacet
  facet normal -8.87434e-05 -0.382586 0.92392
    outer loop
      vertex 4.01871 -16.908 2.37374
      vertex 4.01231 -17.101 2.29382
      vertex 21.2633 -16.912 2.37374
    endloop
  endfacet
  facet normal -0.0829588 -0.0946047 0.992052
    outer loop
      vertex 2.05299 -16.0383 2.4
      vertex 1.59174 -15.9092 2.37374
      vertex 1.92667 -16.2029 2.37374
    endloop
  endfacet
  facet normal -2.38084e-06 -0.125851 0.992049
    outer loop
      vertex 21.2633 -16.705 2.4
      vertex 21.2633 -16.912 2.37374
      vertex 26.5493 -16.7051 2.4
    endloop
  endfacet
  facet normal -0.0404116 -0.119115 0.992058
    outer loop
      vertex 3.1722 -16.5902 2.4
      vertex 2.77605 -16.4558 2.4
      vertex 3.11853 -16.7907 2.37374
    endloop
  endfacet
  facet normal -0.169312 -0.343264 0.923853
    outer loop
      vertex 2.69666 -16.6475 2.37374
      vertex 2.29706 -16.4504 2.37374
      vertex 2.62267 -16.8261 2.29382
    endloop
  endfacet
  facet normal 0.889222 -0.438792 0.129408
    outer loop
      vertex 124.04 -15.0255 1.80805
      vertex 123.81 -15.4916 1.80805
      vertex 124.065 -15.0359 1.601
    endloop
  endfacet
  facet normal -0.751289 -0.255028 0.608708
    outer loop
      vertex 0.363113 -14.4755 2.16669
      vertex 0.240036 -14.5084 2.001
      vertex 0.403687 -14.9905 2.001
    endloop
  endfacet
  facet normal -0.123015 -0.362443 0.923852
    outer loop
      vertex 2.69666 -16.6475 2.37374
      vertex 2.62267 -16.8261 2.29382
      vertex 3.06845 -16.9774 2.29382
    endloop
  endfacet
  facet normal -0.343202 -0.169244 0.923888
    outer loop
      vertex 0.853485 -14.8043 2.37374
      vertex 0.674835 -14.8783 2.29382
      vertex 1.05054 -15.2039 2.37374
    endloop
  endfacet
  facet normal -0.546018 -0.269262 0.793323
    outer loop
      vertex 0.674835 -14.8783 2.29382
      vertex 0.521439 -14.9418 2.16669
      vertex 0.739258 -15.3835 2.16669
    endloop
  endfacet
  facet normal 0.0461599 -0.705545 -0.70716
    outer loop
      vertex 120.37 -17.5052 0.4
      vertex 120.356 -17.1052 0
      vertex 120.839 -17.0736 0
    endloop
  endfacet
  facet normal 0.633961 0.313902 -0.706795
    outer loop
      vertex 123.695 14.88 0
      vertex 123.486 15.3021 0
      vertex 124.065 15.0334 0.4
    endloop
  endfacet
  facet normal -1.44755e-05 -0.382589 0.923919
    outer loop
      vertex 21.2633 -16.912 2.37374
      vertex 21.2632 -17.105 2.29382
      vertex 26.5493 -16.9122 2.37374
    endloop
  endfacet
  facet normal 0.0653771 0.997861 -0
    outer loop
      vertex 120.892 17.4684 0.4
      vertex 120.37 17.5026 1.601
      vertex 120.892 17.4684 1.601
    endloop
  endfacet
  facet normal 0.0653771 0.997861 0
    outer loop
      vertex 120.37 17.5026 1.601
      vertex 120.892 17.4684 0.4
      vertex 120.37 17.5026 0.4
    endloop
  endfacet
  facet normal 0.000130401 0.60871 0.793393
    outer loop
      vertex 120.363 17.2683 2.16669
      vertex 106.353 17.1056 2.29382
      vertex 120.357 17.1026 2.29382
    endloop
  endfacet
  facet normal 0.000175464 0.793211 0.608947
    outer loop
      vertex 106.353 17.3985 2.001
      vertex 106.353 17.2713 2.16669
      vertex 120.367 17.3954 2.001
    endloop
  endfacet
  facet normal -0.000179575 0.793207 0.608952
    outer loop
      vertex 6.58629 17.3755 2.0256
      vertex 4.00682 17.2666 2.16669
      vertex 6.6571 17.2672 2.16669
    endloop
  endfacet
  facet normal -0.000179764 0.793209 0.60895
    outer loop
      vertex 4.00682 17.2666 2.16669
      vertex 6.58629 17.3755 2.0256
      vertex 4.00264 17.3938 2.001
    endloop
  endfacet
  facet normal 0.0404328 0.119044 0.992065
    outer loop
      vertex 121.251 16.7924 2.37374
      vertex 121.197 16.5919 2.4
      vertex 121.593 16.4574 2.4
    endloop
  endfacet
  facet normal 0.318877 0.938884 0.129672
    outer loop
      vertex 121.9 17.1981 1.601
      vertex 121.398 17.34 1.80805
      vertex 121.89 17.1729 1.80805
    endloop
  endfacet
  facet normal 8.19961e-05 0.382758 0.923849
    outer loop
      vertex 106.353 17.1056 2.29382
      vertex 106.353 16.9127 2.37374
      vertex 120.357 17.1026 2.29382
    endloop
  endfacet
  facet normal 0.746094 0.653095 0.129659
    outer loop
      vertex 123.198 16.3311 1.601
      vertex 123.179 16.3117 1.80805
      vertex 123.521 15.921 1.80805
    endloop
  endfacet
  facet normal -0.0398437 0.607183 0.793563
    outer loop
      vertex 3.73404 17.2487 2.16669
      vertex 3.68917 17.1352 2.25128
      vertex 4.00682 17.2666 2.16669
    endloop
  endfacet
  facet normal -0.745609 0.653504 0.130384
    outer loop
      vertex 0.826019 15.9352 1.601
      vertex 0.860292 15.9346 1.8
      vertex 1.17091 16.3287 1.601
    endloop
  endfacet
  facet normal -0.745395 0.653755 0.130348
    outer loop
      vertex 0.860292 15.9346 1.8
      vertex 0.826019 15.9352 1.601
      vertex 0.846873 15.9193 1.8
    endloop
  endfacet
  facet normal -0.438308 0.889277 0.13066
    outer loop
      vertex 2.4684 17.1961 1.601
      vertex 2.46016 17.1628 1.8
      vertex 2.47842 17.1718 1.8
    endloop
  endfacet
  facet normal -0.438669 0.889106 0.130616
    outer loop
      vertex 2.46016 17.1628 1.8
      vertex 2.4684 17.1961 1.601
      vertex 1.99919 16.9646 1.601
    endloop
  endfacet
  facet normal 0 -0.125791 0.992057
    outer loop
      vertex 120.35 -16.9123 2.37374
      vertex 36.3052 -16.7052 2.4
      vertex 36.3052 -16.9123 2.37374
    endloop
  endfacet
  facet normal -4.75942e-06 -0.125791 0.992057
    outer loop
      vertex 26.5493 -16.7051 2.4
      vertex 21.2633 -16.912 2.37374
      vertex 26.5493 -16.9122 2.37374
    endloop
  endfacet
  facet normal 0.362043 0.122712 0.924049
    outer loop
      vertex 123.846 14.4342 2.29382
      vertex 123.516 14.806 2.37374
      vertex 123.659 14.3841 2.37374
    endloop
  endfacet
  facet normal -0.074666 -0.375435 0.923836
    outer loop
      vertex 3.11853 -16.7907 2.37374
      vertex 3.06845 -16.9774 2.29382
      vertex 3.55548 -16.8776 2.37374
    endloop
  endfacet
  facet normal 0.793673 -0 0.608344
    outer loop
      vertex 124.135 -13.4976 2.16669
      vertex 124.262 13.4991 2.001
      vertex 124.135 13.495 2.16669
    endloop
  endfacet
  facet normal 0.793673 0 0.608344
    outer loop
      vertex 124.262 13.4991 2.001
      vertex 124.135 -13.4976 2.16669
      vertex 124.262 -13.5017 2.001
    endloop
  endfacet
  facet normal 0.381299 0.0254802 0.9241
    outer loop
      vertex 123.938 13.9724 2.29382
      vertex 123.746 13.9471 2.37374
      vertex 123.777 13.4832 2.37374
    endloop
  endfacet
  facet normal 0.921852 0.0594627 0.382953
    outer loop
      vertex 124.342 13.5015 1.80805
      vertex 124.229 14.0107 2.001
      vertex 124.262 13.4991 2.001
    endloop
  endfacet
  facet normal 0.545047 0.269876 0.793782
    outer loop
      vertex 123.63 15.3852 2.16669
      vertex 123.486 15.3021 2.29382
      vertex 123.695 14.88 2.29382
    endloop
  endfacet
  facet normal 0.0250422 0.381973 0.923834
    outer loop
      vertex 120.357 17.1026 2.29382
      vertex 120.351 16.9097 2.37374
      vertex 120.839 17.071 2.29382
    endloop
  endfacet
  facet normal 0.791959 0.0523635 0.608325
    outer loop
      vertex 124.262 13.4991 2.001
      vertex 124.102 13.9941 2.16669
      vertex 124.135 13.495 2.16669
    endloop
  endfacet
  facet normal 0.79017 0.0509687 0.610765
    outer loop
      vertex 124.229 14.0107 2.001
      vertex 124.102 13.9941 2.16669
      vertex 124.262 13.4991 2.001
    endloop
  endfacet
  facet normal 0.466179 0.531192 -0.707469
    outer loop
      vertex 122.914 16.0476 0
      vertex 122.805 16.676 0.4
      vertex 123.198 16.3311 0.4
    endloop
  endfacet
  facet normal 0.745273 0.653582 0.131904
    outer loop
      vertex 123.543 15.9377 1.601
      vertex 123.198 16.3311 1.601
      vertex 123.521 15.921 1.80805
    endloop
  endfacet
  facet normal 0.823953 0.55107 0.131996
    outer loop
      vertex 123.543 15.9377 1.601
      vertex 123.521 15.921 1.80805
      vertex 123.834 15.5026 1.601
    endloop
  endfacet
  facet normal 0.669826 0.227106 -0.706934
    outer loop
      vertex 124.233 14.5379 0.4
      vertex 123.846 14.4342 0
      vertex 124.065 15.0334 0.4
    endloop
  endfacet
  facet normal 0.227478 -0.66945 -0.707171
    outer loop
      vertex 121.405 -17.3689 0.4
      vertex 121.301 -16.9817 0
      vertex 121.9 -17.2007 0.4
    endloop
  endfacet
  facet normal 0.312944 0.634306 -0.70691
    outer loop
      vertex 122.169 16.6196 0
      vertex 121.747 16.8278 0
      vertex 121.9 17.1981 0.4
    endloop
  endfacet
  facet normal 0.227212 -0.669773 -0.706951
    outer loop
      vertex 121.9 -17.2007 0.4
      vertex 121.301 -16.9817 0
      vertex 121.747 -16.8304 0
    endloop
  endfacet
  facet normal -0.874865 -0.297012 0.382616
    outer loop
      vertex 0.403687 -14.9905 2.001
      vertex 0.162659 -14.5291 1.80805
      vertex 0.329758 -15.0213 1.80805
    endloop
  endfacet
  facet normal 0.523375 -0.596393 0.608599
    outer loop
      vertex 123.032 -16.1676 2.16669
      vertex 122.662 -16.4923 2.16669
      vertex 123.122 -16.2577 2.001
    endloop
  endfacet
  facet normal 0.466296 -0.531172 -0.707406
    outer loop
      vertex 123.198 -16.3336 0.4
      vertex 122.805 -16.6786 0.4
      vertex 122.914 -16.0502 0
    endloop
  endfacet
  facet normal 0.997761 -0.0668868 0
    outer loop
      vertex 124.335 -14.0273 1.601
      vertex 124.37 -13.5052 0.4
      vertex 124.37 -13.5052 1.601
    endloop
  endfacet
  facet normal 0.997761 -0.0668868 0
    outer loop
      vertex 124.37 -13.5052 0.4
      vertex 124.335 -14.0273 1.601
      vertex 124.335 -14.0273 0.4
    endloop
  endfacet
  facet normal 0.705862 -0.0473189 -0.706767
    outer loop
      vertex 124.335 -14.0273 0.4
      vertex 123.938 -13.9749 0
      vertex 124.37 -13.5052 0.4
    endloop
  endfacet
  facet normal 0.988753 -0.066283 0.134064
    outer loop
      vertex 124.342 -13.5041 1.80805
      vertex 124.335 -14.0273 1.601
      vertex 124.37 -13.5052 1.601
    endloop
  endfacet
  facet normal 0.577369 -0.195592 0.79271
    outer loop
      vertex 124.006 -14.4797 2.16669
      vertex 123.695 -14.8825 2.29382
      vertex 123.848 -14.9461 2.16669
    endloop
  endfacet
  facet normal 0.12558 -0.00839001 0.992048
    outer loop
      vertex 123.777 -13.4857 2.37374
      vertex 123.57 -13.479 2.4
      vertex 123.746 -13.9497 2.37374
    endloop
  endfacet
  facet normal 0.381761 0.0252979 0.923915
    outer loop
      vertex 123.938 13.9724 2.29382
      vertex 123.777 13.4832 2.37374
      vertex 123.97 13.4895 2.29382
    endloop
  endfacet
  facet normal 0.321731 -0.946831 0
    outer loop
      vertex 121.405 -17.3689 0.4
      vertex 121.9 -17.2007 1.601
      vertex 121.405 -17.3689 1.601
    endloop
  endfacet
  facet normal 0.321731 -0.946831 0
    outer loop
      vertex 121.9 -17.2007 1.601
      vertex 121.405 -17.3689 0.4
      vertex 121.9 -17.2007 0.4
    endloop
  endfacet
  facet normal 0.659679 -0.441137 0.608459
    outer loop
      vertex 123.741 -15.4516 2.001
      vertex 123.357 -15.7973 2.16669
      vertex 123.458 -15.8748 2.001
    endloop
  endfacet
  facet normal 0 -0.923748 0.383
    outer loop
      vertex 120.366 -17.398 2.001
      vertex 36.3052 -17.398 2.001
      vertex 120.368 -17.478 1.80805
    endloop
  endfacet
  facet normal 0 -0.793442 0.608646
    outer loop
      vertex 120.362 -17.2709 2.16669
      vertex 36.3052 -17.2709 2.16669
      vertex 120.366 -17.398 2.001
    endloop
  endfacet
  facet normal 0 0 -1
    outer loop
      vertex 42.9 -17.1052 0
      vertex 36.3052 -17.1052 0
      vertex 42.9 -8.5 0
    endloop
  endfacet
  facet normal 0 0 -1
    outer loop
      vertex 120.356 -17.1052 0
      vertex 123.97 -13.4921 0
      vertex 123.938 -13.9749 0
    endloop
  endfacet
  facet normal 0 0 -1
    outer loop
      vertex 123.97 -13.4921 0
      vertex 106.353 17.1056 0
      vertex 123.97 13.4895 0
    endloop
  endfacet
  facet normal 0 0 -1
    outer loop
      vertex 120.356 -17.1052 0
      vertex 123.938 -13.9749 0
      vertex 123.846 -14.4368 0
    endloop
  endfacet
  facet normal -0 -0 -1
    outer loop
      vertex 120.357 17.1026 0
      vertex 123.97 13.4895 0
      vertex 106.353 17.1056 0
    endloop
  endfacet
  facet normal 0 0 -1
    outer loop
      vertex 120.356 -17.1052 0
      vertex 123.846 -14.4368 0
      vertex 123.695 -14.8825 0
    endloop
  endfacet
  facet normal 0 0 -1
    outer loop
      vertex 123.97 13.4895 0
      vertex 120.357 17.1026 0
      vertex 123.938 13.9724 0
    endloop
  endfacet
  facet normal 0 0 -1
    outer loop
      vertex 120.356 -17.1052 0
      vertex 123.695 -14.8825 0
      vertex 123.486 -15.3047 0
    endloop
  endfacet
  facet normal 0 0 -1
    outer loop
      vertex 123.938 13.9724 0
      vertex 120.357 17.1026 0
      vertex 123.846 14.4342 0
    endloop
  endfacet
  facet normal 0 0 -1
    outer loop
      vertex 120.356 -17.1052 0
      vertex 123.486 -15.3047 0
      vertex 123.225 -15.6963 0
    endloop
  endfacet
  facet normal -0 0 -1
    outer loop
      vertex 123.97 -13.4921 0
      vertex 120.356 -17.1052 0
      vertex 106.353 17.1056 0
    endloop
  endfacet
  facet normal 0 0 -1
    outer loop
      vertex 120.356 -17.1052 0
      vertex 123.225 -15.6963 0
      vertex 122.914 -16.0502 0
    endloop
  endfacet
  facet normal 0 0 -1
    outer loop
      vertex 123.846 14.4342 0
      vertex 120.357 17.1026 0
      vertex 123.695 14.88 0
    endloop
  endfacet
  facet normal 0 0 -1
    outer loop
      vertex 120.356 -17.1052 0
      vertex 122.914 -16.0502 0
      vertex 122.561 -16.3605 0
    endloop
  endfacet
  facet normal 0 0 -1
    outer loop
      vertex 123.486 15.3021 0
      vertex 120.357 17.1026 0
      vertex 123.225 15.6937 0
    endloop
  endfacet
  facet normal 0 0 -1
    outer loop
      vertex 120.356 -17.1052 0
      vertex 122.561 -16.3605 0
      vertex 122.169 -16.6222 0
    endloop
  endfacet
  facet normal 0 0 -1
    outer loop
      vertex 123.225 15.6937 0
      vertex 120.357 17.1026 0
      vertex 122.914 16.0476 0
    endloop
  endfacet
  facet normal 0 0 -1
    outer loop
      vertex 120.356 -17.1052 0
      vertex 122.169 -16.6222 0
      vertex 121.747 -16.8304 0
    endloop
  endfacet
  facet normal 0 0 -1
    outer loop
      vertex 122.914 16.0476 0
      vertex 120.357 17.1026 0
      vertex 122.561 16.358 0
    endloop
  endfacet
  facet normal 0 0 -1
    outer loop
      vertex 120.356 -17.1052 0
      vertex 121.747 -16.8304 0
      vertex 121.301 -16.9817 0
    endloop
  endfacet
  facet normal 0 0 -1
    outer loop
      vertex 122.561 16.358 0
      vertex 120.357 17.1026 0
      vertex 122.169 16.6196 0
    endloop
  endfacet
  facet normal 0 0 -1
    outer loop
      vertex 120.356 -17.1052 0
      vertex 121.301 -16.9817 0
      vertex 120.839 -17.0736 0
    endloop
  endfacet
  facet normal 0 0 -1
    outer loop
      vertex 122.169 16.6196 0
      vertex 120.357 17.1026 0
      vertex 121.747 16.8278 0
    endloop
  endfacet
  facet normal 0 0 -1
    outer loop
      vertex 121.301 16.9791 0
      vertex 120.357 17.1026 0
      vertex 120.839 17.071 0
    endloop
  endfacet
  facet normal 0 0 -1
    outer loop
      vertex 121.747 16.8278 0
      vertex 120.357 17.1026 0
      vertex 121.301 16.9791 0
    endloop
  endfacet
  facet normal 0 0 -1
    outer loop
      vertex 123.695 14.88 0
      vertex 120.357 17.1026 0
      vertex 123.486 15.3021 0
    endloop
  endfacet
  facet normal 0 0 -1
    outer loop
      vertex 120.356 -17.1052 0
      vertex 88.2372 17.1056 0
      vertex 106.353 17.1056 0
    endloop
  endfacet
  facet normal 0 0 -1
    outer loop
      vertex 43.9 -17.1052 0
      vertex 88.2372 17.1056 0
      vertex 120.356 -17.1052 0
    endloop
  endfacet
  facet normal 0 0 -1
    outer loop
      vertex 43.9 -8.5 0
      vertex 88.2372 17.1056 0
      vertex 43.9 -17.1052 0
    endloop
  endfacet
  facet normal 0 0 -1
    outer loop
      vertex 21.4053 17.105 0
      vertex 43.9 -8.5 0
      vertex 42.9 -8.5 0
    endloop
  endfacet
  facet normal 0 0 -1
    outer loop
      vertex 26.5493 -17.1051 0
      vertex 42.9 -8.5 0
      vertex 36.3052 -17.1052 0
    endloop
  endfacet
  facet normal 0 0 -1
    outer loop
      vertex 21.4053 17.105 0
      vertex 42.9 -8.5 0
      vertex 26.5493 -17.1051 0
    endloop
  endfacet
  facet normal 0 0 -1
    outer loop
      vertex 43.9 -8.5 0
      vertex 21.4053 17.105 0
      vertex 88.2372 17.1056 0
    endloop
  endfacet
  facet normal 0 0 -1
    outer loop
      vertex 21.2632 -17.105 0
      vertex 21.4053 17.105 0
      vertex 26.5493 -17.1051 0
    endloop
  endfacet
  facet normal 0 0 -1
    outer loop
      vertex 0.399994 13.4879 0
      vertex 21.4053 17.105 0
      vertex 21.2632 -17.105 0
    endloop
  endfacet
  facet normal 0 0 -1
    outer loop
      vertex 0.399994 -13.4878 0
      vertex 21.2632 -17.105 0
      vertex 4.01231 -17.101 0
    endloop
  endfacet
  facet normal 0 0 -1
    outer loop
      vertex 0.399994 -13.4878 0
      vertex 4.01231 -17.101 0
      vertex 3.53027 -17.0693 0
    endloop
  endfacet
  facet normal 0 0 -1
    outer loop
      vertex 0.399994 13.4879 0
      vertex 21.2632 -17.105 0
      vertex 0.399994 -13.4878 0
    endloop
  endfacet
  facet normal 0 0 -1
    outer loop
      vertex 0.399994 -13.4878 0
      vertex 3.53027 -17.0693 0
      vertex 3.06845 -16.9774 0
    endloop
  endfacet
  facet normal 0 0 -1
    outer loop
      vertex 21.4053 17.105 0
      vertex 0.399994 13.4879 0
      vertex 4.01239 17.1009 0
    endloop
  endfacet
  facet normal 0 0 -1
    outer loop
      vertex 0.399994 -13.4878 0
      vertex 3.06845 -16.9774 0
      vertex 2.62267 -16.8261 0
    endloop
  endfacet
  facet normal 0 0 -1
    outer loop
      vertex 4.01239 17.1009 0
      vertex 0.399994 13.4879 0
      vertex 3.52942 17.0692 0
    endloop
  endfacet
  facet normal 0 0 -1
    outer loop
      vertex 0.399994 -13.4878 0
      vertex 2.62267 -16.8261 0
      vertex 2.20049 -16.6179 0
    endloop
  endfacet
  facet normal 0 0 -1
    outer loop
      vertex 3.52942 17.0692 0
      vertex 0.399994 13.4879 0
      vertex 3.06758 16.9772 0
    endloop
  endfacet
  facet normal 0 0 -1
    outer loop
      vertex 0.399994 -13.4878 0
      vertex 2.20049 -16.6179 0
      vertex 1.80891 -16.3563 0
    endloop
  endfacet
  facet normal 0 0 -1
    outer loop
      vertex 3.06758 16.9772 0
      vertex 0.399994 13.4879 0
      vertex 2.6219 16.8258 0
    endloop
  endfacet
  facet normal 0 0 -1
    outer loop
      vertex 0.399994 -13.4878 0
      vertex 1.80891 -16.3563 0
      vertex 1.45502 -16.0459 0
    endloop
  endfacet
  facet normal 0 0 -1
    outer loop
      vertex 2.6219 16.8258 0
      vertex 0.399994 13.4879 0
      vertex 2.19971 16.6175 0
    endloop
  endfacet
  facet normal 0 0 -1
    outer loop
      vertex 0.399994 -13.4878 0
      vertex 1.45502 -16.0459 0
      vertex 1.14467 -15.692 0
    endloop
  endfacet
  facet normal 0 0 -1
    outer loop
      vertex 2.19971 16.6175 0
      vertex 0.399994 13.4879 0
      vertex 1.80832 16.3558 0
    endloop
  endfacet
  facet normal 0 0 -1
    outer loop
      vertex 0.399994 -13.4878 0
      vertex 1.14467 -15.692 0
      vertex 0.883026 -15.3005 0
    endloop
  endfacet
  facet normal 0 0 -1
    outer loop
      vertex 1.80832 16.3558 0
      vertex 0.399994 13.4879 0
      vertex 1.45444 16.0453 0
    endloop
  endfacet
  facet normal 0 0 -1
    outer loop
      vertex 0.399994 -13.4878 0
      vertex 0.883026 -15.3005 0
      vertex 0.674835 -14.8783 0
    endloop
  endfacet
  facet normal 0 0 -1
    outer loop
      vertex 1.45444 16.0453 0
      vertex 0.399994 13.4879 0
      vertex 1.1441 15.6913 0
    endloop
  endfacet
  facet normal 0 0 -1
    outer loop
      vertex 0.399994 -13.4878 0
      vertex 0.674835 -14.8783 0
      vertex 0.523499 -14.4325 0
    endloop
  endfacet
  facet normal 0 0 -1
    outer loop
      vertex 1.1441 15.6913 0
      vertex 0.399994 13.4879 0
      vertex 0.882645 15.2998 0
    endloop
  endfacet
  facet normal 0 0 -1
    outer loop
      vertex 0.399994 -13.4878 0
      vertex 0.523499 -14.4325 0
      vertex 0.431641 -13.9707 0
    endloop
  endfacet
  facet normal 0 0 -1
    outer loop
      vertex 0.882645 15.2998 0
      vertex 0.399994 13.4879 0
      vertex 0.674469 14.8774 0
    endloop
  endfacet
  facet normal 0 0 -1
    outer loop
      vertex 0.674469 14.8774 0
      vertex 0.399994 13.4879 0
      vertex 0.5233 14.4317 0
    endloop
  endfacet
  facet normal 0 0 -1
    outer loop
      vertex 0.5233 14.4317 0
      vertex 0.399994 13.4879 0
      vertex 0.431534 13.9698 0
    endloop
  endfacet
  facet normal 0.531197 0.466805 -0.707052
    outer loop
      vertex 123.225 15.6937 0
      vertex 122.914 16.0476 0
      vertex 123.543 15.9377 0.4
    endloop
  endfacet
  facet normal 0.53138 -0.466004 -0.707443
    outer loop
      vertex 123.198 -16.3336 0.4
      vertex 122.914 -16.0502 0
      vertex 123.543 -15.9402 0.4
    endloop
  endfacet
  facet normal 0.60872 -0.694513 0.383552
    outer loop
      vertex 123.122 -16.2577 2.001
      vertex 122.788 -16.657 1.80805
      vertex 123.179 -16.3143 1.80805
    endloop
  endfacet
  facet normal -0.669643 0.227125 -0.707101
    outer loop
      vertex 0.674469 14.8774 0
      vertex 0.136063 14.5353 0.4
      vertex 0.304123 15.0308 0.4
    endloop
  endfacet
  facet normal 0.466972 0.53106 -0.707045
    outer loop
      vertex 122.914 16.0476 0
      vertex 122.561 16.358 0
      vertex 122.805 16.676 0.4
    endloop
  endfacet
  facet normal -0.588044 0.392713 -0.707093
    outer loop
      vertex 0.882645 15.2998 0
      vertex 0.535431 15.5001 0.4
      vertex 1.1441 15.6913 0
    endloop
  endfacet
  facet normal -0.000167929 -0.707107 -0.707107
    outer loop
      vertex 21.2631 -17.505 0.4
      vertex 3.99907 -17.5009 0.4
      vertex 21.2632 -17.105 0
    endloop
  endfacet
  facet normal 0.437877 -0.889379 0.131411
    outer loop
      vertex 122.356 -16.9456 1.80805
      vertex 121.9 -17.2007 1.601
      vertex 122.37 -16.9693 1.601
    endloop
  endfacet
  facet normal 0.0517978 -0.791656 0.608768
    outer loop
      vertex 120.861 -17.2382 2.16669
      vertex 120.366 -17.398 2.001
      vertex 120.878 -17.3645 2.001
    endloop
  endfacet
  facet normal -0.000229736 -0.991481 0.130251
    outer loop
      vertex 4.00017 -17.4737 1.80805
      vertex 3.99907 -17.5009 1.601
      vertex 21.2631 -17.4777 1.80805
    endloop
  endfacet
  facet normal 0.0462277 -0.705581 -0.70712
    outer loop
      vertex 120.892 -17.471 0.4
      vertex 120.37 -17.5052 0.4
      vertex 120.839 -17.0736 0
    endloop
  endfacet
  facet normal 0.138008 -0.693417 -0.707196
    outer loop
      vertex 120.892 -17.471 0.4
      vertex 120.839 -17.0736 0
      vertex 121.405 -17.3689 0.4
    endloop
  endfacet
  facet normal -1.33765e-05 -0.707107 -0.707107
    outer loop
      vertex 26.5493 -17.5051 0.4
      vertex 21.2631 -17.505 0.4
      vertex 26.5493 -17.1051 0
    endloop
  endfacet
  facet normal -1.89172e-05 -1 0
    outer loop
      vertex 21.2631 -17.505 0.4
      vertex 26.5493 -17.5051 1.601
      vertex 21.2631 -17.505 1.601
    endloop
  endfacet
  facet normal -1.89172e-05 -1 -0
    outer loop
      vertex 26.5493 -17.5051 1.601
      vertex 21.2631 -17.505 0.4
      vertex 26.5493 -17.5051 0.4
    endloop
  endfacet
  facet normal -0.137853 -0.693551 -0.707095
    outer loop
      vertex 3.47789 -17.4667 0.4
      vertex 2.96472 -17.3647 0.4
      vertex 3.53027 -17.0693 0
    endloop
  endfacet
  facet normal -0.0463023 -0.70561 -0.707086
    outer loop
      vertex 3.99907 -17.5009 0.4
      vertex 3.47789 -17.4667 0.4
      vertex 3.53027 -17.0693 0
    endloop
  endfacet
  facet normal -0.318713 -0.9388 0.130677
    outer loop
      vertex 2.97185 -17.3383 1.80805
      vertex 2.46927 -17.1965 1.601
      vertex 2.96472 -17.3647 1.601
    endloop
  endfacet
  facet normal 0.0398063 -0.607442 0.793366
    outer loop
      vertex 120.839 -17.0736 2.29382
      vertex 120.362 -17.2709 2.16669
      vertex 120.861 -17.2382 2.16669
    endloop
  endfacet
  facet normal -0.0251122 -0.381863 0.923878
    outer loop
      vertex 3.55548 -16.8776 2.37374
      vertex 3.53027 -17.0693 2.29382
      vertex 4.01231 -17.101 2.29382
    endloop
  endfacet
  facet normal -0.000216603 0.924036 0.382306
    outer loop
      vertex 6.4652 17.4629 1.83538
      vertex 4.00264 17.3938 2.001
      vertex 6.56226 17.3944 2.001
    endloop
  endfacet
  facet normal -0.000193905 0.923917 0.382594
    outer loop
      vertex 4.00264 17.3938 2.001
      vertex 6.4652 17.4629 1.83538
      vertex 4.00017 17.4737 1.80805
    endloop
  endfacet
  facet normal 0.000212218 0.991481 0.130251
    outer loop
      vertex 120.37 17.5026 1.601
      vertex 106.353 17.4784 1.80805
      vertex 120.369 17.4754 1.80805
    endloop
  endfacet
  facet normal 0.000197756 0.923918 0.382591
    outer loop
      vertex 106.353 17.4784 1.80805
      vertex 106.353 17.3985 2.001
      vertex 120.369 17.4754 1.80805
    endloop
  endfacet
  facet normal -0.0250534 -0.381759 0.923922
    outer loop
      vertex 4.01871 -16.908 2.37374
      vertex 3.55548 -16.8776 2.37374
      vertex 4.01231 -17.101 2.29382
    endloop
  endfacet
  facet normal -0.00823792 -0.125528 0.992056
    outer loop
      vertex 4.02533 -16.7009 2.4
      vertex 3.55548 -16.8776 2.37374
      vertex 4.01871 -16.908 2.37374
    endloop
  endfacet
  facet normal -0.125814 0 0.992054
    outer loop
      vertex 0.592941 -13.1289 2.37374
      vertex 0.800003 -13.4747 2.4
      vertex 0.800003 -13.1287 2.4
    endloop
  endfacet
  facet normal -0.125814 0 0.992054
    outer loop
      vertex 0.800003 -13.4747 2.4
      vertex 0.592941 -13.1289 2.37374
      vertex 0.592941 -13.4815 2.37374
    endloop
  endfacet
  facet normal -0.125794 0 0.992056
    outer loop
      vertex 0.700004 1.64099 2.38732
      vertex 0.800003 -0.524975 2.4
      vertex 0.800003 2.31361 2.4
    endloop
  endfacet
  facet normal -0.125804 -4.65866e-07 0.992055
    outer loop
      vertex 0.653007 1.12399 2.38136
      vertex 0.800003 -0.524975 2.4
      vertex 0.700004 1.64099 2.38732
    endloop
  endfacet
  facet normal -0.125799 0 0.992056
    outer loop
      vertex 0.653007 0.055995 2.38136
      vertex 0.800003 -0.524975 2.4
      vertex 0.653007 1.12399 2.38136
    endloop
  endfacet
  facet normal -0.125815 -4.25107e-06 0.992054
    outer loop
      vertex 0.687003 -0.289005 2.38567
      vertex 0.800003 -0.524975 2.4
      vertex 0.653007 0.055995 2.38136
    endloop
  endfacet
  facet normal -0.125802 2.15743e-06 0.992055
    outer loop
      vertex 0.800003 -0.524975 2.4
      vertex 0.687003 -0.289005 2.38567
      vertex 0.734 -0.440006 2.39163
    endloop
  endfacet
  facet normal -0.00822516 -0.125561 0.992052
    outer loop
      vertex 3.58263 -16.6719 2.4
      vertex 3.55548 -16.8776 2.37374
      vertex 4.02533 -16.7009 2.4
    endloop
  endfacet
  facet normal -0.0746911 -0.375341 0.923872
    outer loop
      vertex 3.55548 -16.8776 2.37374
      vertex 3.06845 -16.9774 2.29382
      vertex 3.53027 -17.0693 2.29382
    endloop
  endfacet
  facet normal -0.118801 -0.597003 0.793394
    outer loop
      vertex 3.06845 -16.9774 2.29382
      vertex 3.02548 -17.1378 2.16669
      vertex 3.53027 -17.0693 2.29382
    endloop
  endfacet
  facet normal -0.000326555 0.126171 0.992008
    outer loop
      vertex 6.64578 16.8773 2.37771
      vertex 6.43447 16.7015 2.4
      vertex 6.63999 16.857 2.38029
    endloop
  endfacet
  facet normal -2.88562e-05 0.125819 0.992053
    outer loop
      vertex 4.01859 16.908 2.37374
      vertex 6.43447 16.7015 2.4
      vertex 6.64578 16.8773 2.37771
    endloop
  endfacet
  facet normal -3.13301e-05 0.12579 0.992057
    outer loop
      vertex 6.43447 16.7015 2.4
      vertex 4.01859 16.908 2.37374
      vertex 4.02547 16.7009 2.4
    endloop
  endfacet
  facet normal -0.000167732 0.125446 0.9921
    outer loop
      vertex 17.6059 16.7493 2.39426
      vertex 17.8268 16.7042 2.4
      vertex 17.718 16.733 2.39634
    endloop
  endfacet
  facet normal -2.51203e-05 0.126133 0.992013
    outer loop
      vertex 14.9784 16.78 2.39029
      vertex 17.8268 16.7042 2.4
      vertex 17.6059 16.7493 2.39426
    endloop
  endfacet
  facet normal -2.93923e-05 0.125975 0.992033
    outer loop
      vertex 17.8268 16.7042 2.4
      vertex 14.9784 16.78 2.39029
      vertex 14.398 16.7034 2.4
    endloop
  endfacet
  facet normal -0.169263 -0.343226 0.923875
    outer loop
      vertex 2.29706 -16.4504 2.37374
      vertex 2.20049 -16.6179 2.29382
      vertex 2.62267 -16.8261 2.29382
    endloop
  endfacet
  facet normal 2.69725e-05 0.125791 0.992057
    outer loop
      vertex 120.351 16.9097 2.37374
      vertex 106.353 16.7056 2.4
      vertex 120.344 16.7026 2.4
    endloop
  endfacet
  facet normal -0.060825 0.921803 0.382857
    outer loop
      vertex 3.81831 17.4617 1.80805
      vertex 3.8059 17.4303 1.88168
      vertex 4.00017 17.4737 1.80805
    endloop
  endfacet
  facet normal 0.288791 -0.252584 0.923472
    outer loop
      vertex 123.071 -15.5785 2.37374
      vertex 122.778 -15.9135 2.37374
      vertex 122.914 -16.0502 2.29382
    endloop
  endfacet
  facet normal -0.180172 -0.906106 0.382767
    outer loop
      vertex 2.99251 -17.2609 2.001
      vertex 2.97185 -17.3383 1.80805
      vertex 3.4919 -17.3602 2.001
    endloop
  endfacet
  facet normal -0.659353 -0.751834 0
    outer loop
      vertex 1.17157 -16.3294 0.4
      vertex 1.56496 -16.6744 1.601
      vertex 1.17157 -16.3294 1.601
    endloop
  endfacet
  facet normal -0.659353 -0.751834 -0
    outer loop
      vertex 1.56496 -16.6744 1.601
      vertex 1.17157 -16.3294 0.4
      vertex 1.56496 -16.6744 0.4
    endloop
  endfacet
  facet normal -0.653692 -0.74538 0.13075
    outer loop
      vertex 1.58163 -16.6527 1.80805
      vertex 1.17157 -16.3294 1.601
      vertex 1.56496 -16.6744 1.601
    endloop
  endfacet
  facet normal -0.550691 -0.824407 0.13074
    outer loop
      vertex 1.58163 -16.6527 1.80805
      vertex 1.56496 -16.6744 1.601
      vertex 2 -16.965 1.601
    endloop
  endfacet
  facet normal -0.83159 0.55539 0
    outer loop
      vertex 0.535431 15.5001 0.4
      vertex 0.826019 15.9352 1.601
      vertex 0.826019 15.9352 0.4
    endloop
  endfacet
  facet normal -0.83159 0.55539 0
    outer loop
      vertex 0.826019 15.9352 1.601
      vertex 0.535431 15.5001 0.4
      vertex 0.535431 15.5001 1.601
    endloop
  endfacet
  facet normal -0.597032 -0.118757 0.793378
    outer loop
      vertex 0.431641 -13.9707 2.29382
      vertex 0.363113 -14.4755 2.16669
      vertex 0.523499 -14.4325 2.29382
    endloop
  endfacet
  facet normal -0.751189 -0.255056 0.608819
    outer loop
      vertex 0.521439 -14.9418 2.16669
      vertex 0.363113 -14.4755 2.16669
      vertex 0.403687 -14.9905 2.001
    endloop
  endfacet
  facet normal -0.546047 -0.269261 0.793304
    outer loop
      vertex 0.883026 -15.3005 2.29382
      vertex 0.674835 -14.8783 2.29382
      vertex 0.739258 -15.3835 2.16669
    endloop
  endfacet
  facet normal -0.44246 0.896788 0
    outer loop
      vertex 2.4684 17.1961 0.4
      vertex 1.99919 16.9646 1.601
      vertex 2.4684 17.1961 1.601
    endloop
  endfacet
  facet normal -0.44246 0.896788 0
    outer loop
      vertex 1.99919 16.9646 1.601
      vertex 2.4684 17.1961 0.4
      vertex 1.99919 16.9646 0.4
    endloop
  endfacet
  facet normal -0.7056 -0.0462457 -0.707099
    outer loop
      vertex 0.0342255 -14.0231 0.4
      vertex 0 -13.5009 0.4
      vertex 0.431641 -13.9707 0
    endloop
  endfacet
  facet normal -0.318935 0.938723 0.130687
    outer loop
      vertex 2.95141 17.3325 1.8
      vertex 2.4684 17.1961 1.601
      vertex 2.47842 17.1718 1.8
    endloop
  endfacet
  facet normal -1.01945e-06 0.125791 0.992057
    outer loop
      vertex 88.2372 16.9127 2.37374
      vertex 44.5803 16.8405 2.38285
      vertex 88.2372 16.7056 2.4
    endloop
  endfacet
  facet normal -1.15241e-06 0.125871 0.992047
    outer loop
      vertex 44.5803 16.8405 2.38285
      vertex 88.2372 16.9127 2.37374
      vertex 44.5476 16.9123 2.37374
    endloop
  endfacet
  facet normal -0 0.125937 0.992038
    outer loop
      vertex 29.607 16.9121 2.37374
      vertex 31.3579 16.8813 2.37765
      vertex 31.353 16.9121 2.37374
    endloop
  endfacet
  facet normal -3.05594e-06 0.125766 0.99206
    outer loop
      vertex 31.3579 16.8813 2.37765
      vertex 29.607 16.9121 2.37374
      vertex 29.5964 16.8867 2.37696
    endloop
  endfacet
  facet normal 1.63954e-06 0.125913 0.992041
    outer loop
      vertex 39.8818 16.9122 2.37374
      vertex 37.5566 16.8622 2.38009
      vertex 39.8841 16.855 2.381
    endloop
  endfacet
  facet normal 0 0.125988 0.992032
    outer loop
      vertex 37.5566 16.8622 2.38009
      vertex 39.8818 16.9122 2.37374
      vertex 37.5408 16.9122 2.37374
    endloop
  endfacet
  facet normal 0.104553 -0.0697421 0.992071
    outer loop
      vertex 123.139 -15.1044 2.4
      vertex 122.907 -15.4522 2.4
      vertex 123.319 -15.2081 2.37374
    endloop
  endfacet
  facet normal -0.0556602 -0.112845 0.992052
    outer loop
      vertex 2.77605 -16.4558 2.4
      vertex 2.29706 -16.4504 2.37374
      vertex 2.69666 -16.6475 2.37374
    endloop
  endfacet
  facet normal 0.000212203 0.991481 0.13025
    outer loop
      vertex 106.353 17.5056 1.601
      vertex 106.353 17.4784 1.80805
      vertex 120.37 17.5026 1.601
    endloop
  endfacet
  facet normal 0.195197 0.980764 -0
    outer loop
      vertex 121.405 17.3663 0.4
      vertex 120.892 17.4684 1.601
      vertex 121.405 17.3663 1.601
    endloop
  endfacet
  facet normal 0.195197 0.980764 0
    outer loop
      vertex 120.892 17.4684 1.601
      vertex 121.405 17.3663 0.4
      vertex 120.892 17.4684 0.4
    endloop
  endfacet
  facet normal 0.118771 0.596946 0.793441
    outer loop
      vertex 120.861 17.2356 2.16669
      vertex 120.839 17.071 2.29382
      vertex 121.344 17.1395 2.16669
    endloop
  endfacet
  facet normal -9.13028e-06 0.992373 0.123275
    outer loop
      vertex 88.2372 17.4784 1.80805
      vertex 44.7623 17.479 1.8
      vertex 44.7611 17.478 1.80805
    endloop
  endfacet
  facet normal 0 0 0
    outer loop
      vertex 44.7623 17.479 1.8
      vertex 37.7593 17.479 1.8
      vertex 39.9202 17.479 1.8
    endloop
  endfacet
  facet normal 0 0.991573 0.129552
    outer loop
      vertex 21.4052 17.505 1.601
      vertex 37.7593 17.479 1.8
      vertex 44.7623 17.479 1.8
    endloop
  endfacet
  facet normal -1.53621e-05 0.99141 0.130793
    outer loop
      vertex 37.7593 17.479 1.8
      vertex 21.4052 17.505 1.601
      vertex 31.3057 17.4789 1.8
    endloop
  endfacet
  facet normal 0 0.991508 0.130042
    outer loop
      vertex 31.3057 17.4789 1.8
      vertex 21.4052 17.505 1.601
      vertex 29.7256 17.4789 1.8
    endloop
  endfacet
  facet normal -1.04342e-05 0.991481 0.13025
    outer loop
      vertex 88.2372 17.5056 1.601
      vertex 44.7623 17.479 1.8
      vertex 88.2372 17.4784 1.80805
    endloop
  endfacet
  facet normal -8.90087e-06 0.991438 0.130579
    outer loop
      vertex 21.4052 17.505 1.601
      vertex 44.7623 17.479 1.8
      vertex 88.2372 17.5056 1.601
    endloop
  endfacet
  facet normal -1.19158e-05 0.991444 0.130532
    outer loop
      vertex 29.7256 17.4789 1.8
      vertex 21.4052 17.505 1.601
      vertex 21.4052 17.4788 1.8
    endloop
  endfacet
  facet normal -0 0.990793 0.135388
    outer loop
      vertex 37.7593 17.479 1.8
      vertex 39.9201 17.4779 1.80805
      vertex 39.9202 17.479 1.8
    endloop
  endfacet
  facet normal 0 0.990793 0.135388
    outer loop
      vertex 39.9201 17.4779 1.80805
      vertex 37.7593 17.479 1.8
      vertex 37.7579 17.4779 1.80805
    endloop
  endfacet
  facet normal 0 0.990793 0.135388
    outer loop
      vertex 31.3057 17.4789 1.8
      vertex 29.7259 17.4778 1.80805
      vertex 31.3057 17.4778 1.80805
    endloop
  endfacet
  facet normal 0 0.990793 0.135388
    outer loop
      vertex 29.7259 17.4778 1.80805
      vertex 31.3057 17.4789 1.8
      vertex 29.7256 17.4789 1.8
    endloop
  endfacet
  facet normal 0.0068785 0.796199 0.604995
    outer loop
      vertex 6.56226 17.3944 2.001
      vertex 6.58629 17.3755 2.0256
      vertex 6.58399 17.379 2.02102
    endloop
  endfacet
  facet normal -0.000185862 0.792896 0.609357
    outer loop
      vertex 6.58629 17.3755 2.0256
      vertex 6.56226 17.3944 2.001
      vertex 4.00264 17.3938 2.001
    endloop
  endfacet
  facet normal -0 0.382758 0.923849
    outer loop
      vertex 88.2372 17.1056 2.29382
      vertex 106.353 16.9127 2.37374
      vertex 106.353 17.1056 2.29382
    endloop
  endfacet
  facet normal 0 0.382758 0.923849
    outer loop
      vertex 106.353 16.9127 2.37374
      vertex 88.2372 17.1056 2.29382
      vertex 88.2372 16.9127 2.37374
    endloop
  endfacet
  facet normal -9.10222e-06 0.793211 0.608947
    outer loop
      vertex 44.6648 17.398 2.001
      vertex 88.2372 17.2713 2.16669
      vertex 88.2372 17.3985 2.001
    endloop
  endfacet
  facet normal -5.64051e-06 0.793651 0.608373
    outer loop
      vertex 88.2372 17.2713 2.16669
      vertex 44.6648 17.398 2.001
      vertex 44.6116 17.3539 2.05853
    endloop
  endfacet
  facet normal 2.91594e-06 0.793945 0.60799
    outer loop
      vertex 31.3061 17.3979 2.001
      vertex 29.7313 17.3821 2.02164
      vertex 31.3062 17.3791 2.02555
    endloop
  endfacet
  facet normal 0 0.794052 0.60785
    outer loop
      vertex 29.7313 17.3821 2.02164
      vertex 31.3061 17.3979 2.001
      vertex 29.7311 17.3979 2.001
    endloop
  endfacet
  facet normal -0 0.793267 0.608874
    outer loop
      vertex 37.653 17.398 2.001
      vertex 39.9057 17.3628 2.04686
      vertex 39.9101 17.398 2.001
    endloop
  endfacet
  facet normal -2.3497e-05 0.792709 0.609601
    outer loop
      vertex 39.9057 17.3628 2.04686
      vertex 37.653 17.398 2.001
      vertex 37.6125 17.3671 2.04118
    endloop
  endfacet
  facet normal -0.123393 -0.024547 0.992054
    outer loop
      vertex 0.829086 -13.9184 2.4
      vertex 0.623352 -13.9455 2.37374
      vertex 0.710266 -14.3824 2.37374
    endloop
  endfacet
  facet normal 0.319 0.938792 0.130033
    outer loop
      vertex 121.405 17.3663 1.601
      vertex 121.398 17.34 1.80805
      vertex 121.9 17.1981 1.601
    endloop
  endfacet
  facet normal 0.513334 0.768134 0.382699
    outer loop
      vertex 122.356 16.9431 1.80805
      vertex 122.316 16.8737 2.001
      vertex 122.788 16.6544 1.80805
    endloop
  endfacet
  facet normal 0.408496 0.828368 0.383325
    outer loop
      vertex 121.89 17.1729 1.80805
      vertex 121.859 17.0989 2.001
      vertex 122.356 16.9431 1.80805
    endloop
  endfacet
  facet normal 0.392754 0.587712 -0.707346
    outer loop
      vertex 122.805 16.676 0.4
      vertex 122.169 16.6196 0
      vertex 122.37 16.9667 0.4
    endloop
  endfacet
  facet normal 0.312261 0.634239 -0.707272
    outer loop
      vertex 122.169 16.6196 0
      vertex 121.9 17.1981 0.4
      vertex 122.37 16.9667 0.4
    endloop
  endfacet
  facet normal 0.0250745 0.381891 0.923867
    outer loop
      vertex 120.839 17.071 2.29382
      vertex 120.351 16.9097 2.37374
      vertex 120.814 16.8793 2.37374
    endloop
  endfacet
  facet normal 8.20308e-05 0.382756 0.92385
    outer loop
      vertex 120.357 17.1026 2.29382
      vertex 106.353 16.9127 2.37374
      vertex 120.351 16.9097 2.37374
    endloop
  endfacet
  facet normal 0.0398857 0.607433 0.793369
    outer loop
      vertex 120.861 17.2356 2.16669
      vertex 120.363 17.2683 2.16669
      vertex 120.839 17.071 2.29382
    endloop
  endfacet
  facet normal 0.000169902 0.79344 0.608648
    outer loop
      vertex 120.367 17.3954 2.001
      vertex 106.353 17.2713 2.16669
      vertex 120.363 17.2683 2.16669
    endloop
  endfacet
  facet normal -0.321658 0.946856 0
    outer loop
      vertex 2.96382 17.3644 0.4
      vertex 2.4684 17.1961 1.601
      vertex 2.96382 17.3644 1.601
    endloop
  endfacet
  facet normal -0.321658 0.946856 0
    outer loop
      vertex 2.4684 17.1961 1.601
      vertex 2.96382 17.3644 0.4
      vertex 2.4684 17.1961 0.4
    endloop
  endfacet
  facet normal -0.00225168 0.383176 0.923673
    outer loop
      vertex 6.69233 17.0718 2.30613
      vertex 6.6547 16.9086 2.37374
      vertex 6.695 17.05 2.31518
    endloop
  endfacet
  facet normal -8.75282e-05 0.382751 0.923852
    outer loop
      vertex 4.01239 17.1009 2.29382
      vertex 6.6547 16.9086 2.37374
      vertex 6.69233 17.0718 2.30613
    endloop
  endfacet
  facet normal -8.71182e-05 0.382755 0.92385
    outer loop
      vertex 6.6547 16.9086 2.37374
      vertex 4.01239 17.1009 2.29382
      vertex 4.01859 16.908 2.37374
    endloop
  endfacet
  facet normal -9.9858e-05 0.381784 0.924251
    outer loop
      vertex 6.68868 17.1016 2.29382
      vertex 4.01239 17.1009 2.29382
      vertex 6.69233 17.0718 2.30613
    endloop
  endfacet
  facet normal 0.828465 -0.408811 0.382778
    outer loop
      vertex 123.966 -14.9948 2.001
      vertex 123.81 -15.4916 1.80805
      vertex 124.04 -15.0255 1.80805
    endloop
  endfacet
  facet normal -8.87116e-05 -0.382589 0.923919
    outer loop
      vertex 21.2633 -16.912 2.37374
      vertex 4.01231 -17.101 2.29382
      vertex 21.2632 -17.105 2.29382
    endloop
  endfacet
  facet normal 0 -0.382758 0.923849
    outer loop
      vertex 120.35 -16.9123 2.37374
      vertex 36.3052 -16.9123 2.37374
      vertex 120.356 -17.1052 2.29382
    endloop
  endfacet
  facet normal 0.980815 0.19494 0
    outer loop
      vertex 124.335 14.0247 1.601
      vertex 124.233 14.5379 0.4
      vertex 124.233 14.5379 1.601
    endloop
  endfacet
  facet normal 0.980815 0.19494 0
    outer loop
      vertex 124.233 14.5379 0.4
      vertex 124.335 14.0247 1.601
      vertex 124.335 14.0247 0.4
    endloop
  endfacet
  facet normal 1 -0 0
    outer loop
      vertex 124.37 -13.5052 1.601
      vertex 124.37 13.5026 0.4
      vertex 124.37 13.5026 1.601
    endloop
  endfacet
  facet normal 1 0 0
    outer loop
      vertex 124.37 13.5026 0.4
      vertex 124.37 -13.5052 1.601
      vertex 124.37 -13.5052 0.4
    endloop
  endfacet
  facet normal 0.125576 0.00839155 0.992049
    outer loop
      vertex 123.746 13.9471 2.37374
      vertex 123.57 13.4764 2.4
      vertex 123.777 13.4832 2.37374
    endloop
  endfacet
  facet normal 0.693906 0.137916 -0.706734
    outer loop
      vertex 124.335 14.0247 0.4
      vertex 123.938 13.9724 0
      vertex 124.233 14.5379 0.4
    endloop
  endfacet
  facet normal 0.374813 0.0746703 0.924089
    outer loop
      vertex 123.846 14.4342 2.29382
      vertex 123.746 13.9471 2.37374
      vertex 123.938 13.9724 2.29382
    endloop
  endfacet
  facet normal 0.751665 0.254141 0.608615
    outer loop
      vertex 124.129 14.5101 2.001
      vertex 123.966 14.9922 2.001
      vertex 124.006 14.4771 2.16669
    endloop
  endfacet
  facet normal 0.587229 0.392745 -0.707753
    outer loop
      vertex 123.834 15.5026 0.4
      vertex 123.486 15.3021 0
      vertex 123.543 15.9377 0.4
    endloop
  endfacet
  facet normal 0.555626 0.831432 -0
    outer loop
      vertex 122.805 16.676 0.4
      vertex 122.37 16.9667 1.601
      vertex 122.805 16.676 1.601
    endloop
  endfacet
  facet normal 0.555626 0.831432 0
    outer loop
      vertex 122.37 16.9667 1.601
      vertex 122.805 16.676 0.4
      vertex 122.37 16.9667 0.4
    endloop
  endfacet
  facet normal -0.227444 0.669534 -0.707102
    outer loop
      vertex 2.6219 16.8258 0
      vertex 2.4684 17.1961 0.4
      vertex 3.06758 16.9772 0
    endloop
  endfacet
  facet normal -0.312866 0.634128 -0.707104
    outer loop
      vertex 2.19971 16.6175 0
      vertex 1.99919 16.9646 0.4
      vertex 2.6219 16.8258 0
    endloop
  endfacet
  facet normal 0.227212 0.669773 -0.706951
    outer loop
      vertex 121.747 16.8278 0
      vertex 121.301 16.9791 0
      vertex 121.9 17.1981 0.4
    endloop
  endfacet
  facet normal -0.393037 0.587814 -0.707105
    outer loop
      vertex 2.19971 16.6175 0
      vertex 1.80832 16.3558 0
      vertex 1.99919 16.9646 0.4
    endloop
  endfacet
  facet normal 0.831226 0.555934 0
    outer loop
      vertex 123.834 15.5026 1.601
      vertex 123.543 15.9377 0.4
      vertex 123.543 15.9377 1.601
    endloop
  endfacet
  facet normal 0.831226 0.555934 0
    outer loop
      vertex 123.543 15.9377 0.4
      vertex 123.834 15.5026 1.601
      vertex 123.834 15.5026 0.4
    endloop
  endfacet
  facet normal 0.588483 -0.392222 -0.707001
    outer loop
      vertex 123.543 -15.9402 0.4
      vertex 123.225 -15.6963 0
      vertex 123.486 -15.3047 0
    endloop
  endfacet
  facet normal 0.531241 -0.466843 -0.706994
    outer loop
      vertex 123.543 -15.9402 0.4
      vertex 122.914 -16.0502 0
      vertex 123.225 -15.6963 0
    endloop
  endfacet
  facet normal 0.577391 -0.195616 0.792688
    outer loop
      vertex 123.846 -14.4368 2.29382
      vertex 123.695 -14.8825 2.29382
      vertex 124.006 -14.4797 2.16669
    endloop
  endfacet
  facet normal 0.546582 -0.269764 0.792764
    outer loop
      vertex 123.695 -14.8825 2.29382
      vertex 123.63 -15.3878 2.16669
      vertex 123.848 -14.9461 2.16669
    endloop
  endfacet
  facet normal 0.633989 -0.313841 -0.706797
    outer loop
      vertex 124.065 -15.0359 0.4
      vertex 123.486 -15.3047 0
      vertex 123.695 -14.8825 0
    endloop
  endfacet
  facet normal 0.99098 -0 0.134013
    outer loop
      vertex 124.342 -13.5041 1.80805
      vertex 124.37 13.5026 1.601
      vertex 124.342 13.5015 1.80805
    endloop
  endfacet
  facet normal 0.99098 0 0.134013
    outer loop
      vertex 124.37 13.5026 1.601
      vertex 124.342 -13.5041 1.80805
      vertex 124.37 -13.5052 1.601
    endloop
  endfacet
  facet normal 0.598438 -0.11892 0.792294
    outer loop
      vertex 124.102 -13.9966 2.16669
      vertex 123.938 -13.9749 2.29382
      vertex 124.006 -14.4797 2.16669
    endloop
  endfacet
  facet normal 0.750864 -0.254366 0.609509
    outer loop
      vertex 124.006 -14.4797 2.16669
      vertex 123.848 -14.9461 2.16669
      vertex 123.966 -14.9948 2.001
    endloop
  endfacet
  facet normal 0.38175 -0.0253024 0.923919
    outer loop
      vertex 123.97 -13.4921 2.29382
      vertex 123.777 -13.4857 2.37374
      vertex 123.938 -13.9749 2.29382
    endloop
  endfacet
  facet normal 0.608993 -0.0403641 0.792148
    outer loop
      vertex 123.97 -13.4921 2.29382
      vertex 123.938 -13.9749 2.29382
      vertex 124.135 -13.4976 2.16669
    endloop
  endfacet
  facet normal 0.69491 -0.609793 0.381121
    outer loop
      vertex 123.458 -15.8748 2.001
      vertex 123.122 -16.2577 2.001
      vertex 123.521 -15.9236 1.80805
    endloop
  endfacet
  facet normal 0.710948 -0.350887 0.609452
    outer loop
      vertex 123.848 -14.9461 2.16669
      vertex 123.63 -15.3878 2.16669
      vertex 123.966 -14.9948 2.001
    endloop
  endfacet
  facet normal 0.25513 -0.751046 0.608965
    outer loop
      vertex 121.81 -16.9838 2.16669
      vertex 121.344 -17.1421 2.16669
      vertex 121.859 -17.1015 2.001
    endloop
  endfacet
  facet normal 0.350701 -0.711381 0.609053
    outer loop
      vertex 122.252 -16.7659 2.16669
      vertex 121.81 -16.9838 2.16669
      vertex 121.859 -17.1015 2.001
    endloop
  endfacet
  facet normal 0.0604596 -0.921964 0.382527
    outer loop
      vertex 120.878 -17.3645 2.001
      vertex 120.368 -17.478 1.80805
      vertex 120.888 -17.4439 1.80805
    endloop
  endfacet
  facet normal 0.0518854 -0.791768 0.608614
    outer loop
      vertex 120.861 -17.2382 2.16669
      vertex 120.362 -17.2709 2.16669
      vertex 120.366 -17.398 2.001
    endloop
  endfacet
  facet normal -0.15473 -0.778152 0.608718
    outer loop
      vertex 3.50856 -17.2339 2.16669
      vertex 2.99251 -17.2609 2.001
      vertex 3.4919 -17.3602 2.001
    endloop
  endfacet
  facet normal -0.154777 -0.778042 0.608847
    outer loop
      vertex 3.02548 -17.1378 2.16669
      vertex 2.99251 -17.2609 2.001
      vertex 3.50856 -17.2339 2.16669
    endloop
  endfacet
  facet normal -0.531697 0.466121 -0.707127
    outer loop
      vertex 1.45444 16.0453 0
      vertex 1.1441 15.6913 0
      vertex 1.17091 16.3287 0.4
    endloop
  endfacet
  facet normal -1.33767e-05 -0.707107 -0.707107
    outer loop
      vertex 26.5493 -17.1051 0
      vertex 21.2631 -17.505 0.4
      vertex 21.2632 -17.105 0
    endloop
  endfacet
  facet normal 0.312261 -0.634239 -0.707272
    outer loop
      vertex 122.37 -16.9693 0.4
      vertex 121.9 -17.2007 0.4
      vertex 122.169 -16.6222 0
    endloop
  endfacet
  facet normal 0.137945 -0.693476 -0.707151
    outer loop
      vertex 121.405 -17.3689 0.4
      vertex 120.839 -17.0736 0
      vertex 121.301 -16.9817 0
    endloop
  endfacet
  facet normal 0.312944 -0.634306 -0.70691
    outer loop
      vertex 121.9 -17.2007 0.4
      vertex 121.747 -16.8304 0
      vertex 122.169 -16.6222 0
    endloop
  endfacet
  facet normal -0 -0.707167 -0.707046
    outer loop
      vertex 120.37 -17.5052 0.4
      vertex 43.9 -17.5052 0.4
      vertex 43.9 -17.1414 0.0361379
    endloop
  endfacet
  facet normal 0 -0.707126 -0.707087
    outer loop
      vertex 36.3052 -17.5052 0.4
      vertex 42.9 -17.1366 0.0313797
      vertex 42.9 -17.5052 0.4
    endloop
  endfacet
  facet normal -2.1766e-06 -0.707107 -0.707107
    outer loop
      vertex 42.9 -17.1366 0.0313797
      vertex 36.3052 -17.5052 0.4
      vertex 36.3052 -17.1052 0
    endloop
  endfacet
  facet normal -0 -0.706499 -0.707714
    outer loop
      vertex 120.356 -17.1052 0
      vertex 43.9 -17.1414 0.0361379
      vertex 43.9 -17.1052 0
    endloop
  endfacet
  facet normal 5.74325e-07 -0.707107 -0.707107
    outer loop
      vertex 43.9 -17.1414 0.0361379
      vertex 120.356 -17.1052 0
      vertex 120.37 -17.5052 0.4
    endloop
  endfacet
  facet normal 0 -0.706878 -0.707335
    outer loop
      vertex 42.9 -17.1366 0.0313797
      vertex 36.3052 -17.1052 0
      vertex 42.9 -17.1052 0
    endloop
  endfacet
  facet normal 0.438536 -0.889285 0.129844
    outer loop
      vertex 122.356 -16.9456 1.80805
      vertex 121.89 -17.1754 1.80805
      vertex 121.9 -17.2007 1.601
    endloop
  endfacet
  facet normal 0.0648747 -0.989292 0.130738
    outer loop
      vertex 120.888 -17.4439 1.80805
      vertex 120.368 -17.478 1.80805
      vertex 120.892 -17.471 1.601
    endloop
  endfacet
  facet normal -1.02502e-05 -1 0
    outer loop
      vertex 26.5493 -17.5051 0.4
      vertex 36.3052 -17.5052 1.601
      vertex 26.5493 -17.5051 1.601
    endloop
  endfacet
  facet normal -1.02502e-05 -1 -0
    outer loop
      vertex 36.3052 -17.5052 1.601
      vertex 26.5493 -17.5051 0.4
      vertex 36.3052 -17.5052 0.4
    endloop
  endfacet
  facet normal -0.00023545 -0.991419 0.130721
    outer loop
      vertex 21.2631 -17.4777 1.80805
      vertex 3.99907 -17.5009 1.601
      vertex 21.2631 -17.505 1.601
    endloop
  endfacet
  facet normal -0.634247 0.312607 -0.707112
    outer loop
      vertex 0.674469 14.8774 0
      vertex 0.304123 15.0308 0.4
      vertex 0.535431 15.5001 0.4
    endloop
  endfacet
  facet normal 0.693657 -0.138161 -0.706931
    outer loop
      vertex 124.233 -14.5405 0.4
      vertex 123.846 -14.4368 0
      vertex 123.938 -13.9749 0
    endloop
  endfacet
  facet normal -0.0649211 -0.989345 0.130314
    outer loop
      vertex 4.00017 -17.4737 1.80805
      vertex 3.47789 -17.4667 1.601
      vertex 3.99907 -17.5009 1.601
    endloop
  endfacet
  facet normal -0.0606555 -0.921945 0.382542
    outer loop
      vertex 4.00261 -17.3938 2.001
      vertex 3.4919 -17.3602 2.001
      vertex 4.00017 -17.4737 1.80805
    endloop
  endfacet
  facet normal -0.00021411 -0.923917 0.382594
    outer loop
      vertex 4.00261 -17.3938 2.001
      vertex 4.00017 -17.4737 1.80805
      vertex 21.2632 -17.3978 2.001
    endloop
  endfacet
  facet normal -0.0655549 0.997849 0
    outer loop
      vertex 3.99907 17.5009 0.4
      vertex 3.47697 17.4666 1.601
      vertex 3.99907 17.5009 1.601
    endloop
  endfacet
  facet normal -0.0655549 0.997849 0
    outer loop
      vertex 3.47697 17.4666 1.601
      vertex 3.99907 17.5009 0.4
      vertex 3.47697 17.4666 0.4
    endloop
  endfacet
  facet normal -0.193651 0.972329 0.130671
    outer loop
      vertex 2.96382 17.3644 1.601
      vertex 2.99065 17.343 1.8
      vertex 3.47697 17.4666 1.601
    endloop
  endfacet
  facet normal -0.190039 0.973096 0.130266
    outer loop
      vertex 2.99065 17.343 1.8
      vertex 2.96382 17.3644 1.601
      vertex 2.97068 17.3391 1.8
    endloop
  endfacet
  facet normal -0.000292807 0.991444 0.130532
    outer loop
      vertex 21.4052 17.505 1.601
      vertex 20.728 17.4786 1.8
      vertex 21.4052 17.4788 1.8
    endloop
  endfacet
  facet normal -0.000233528 0.991418 0.13073
    outer loop
      vertex 20.728 17.4786 1.8
      vertex 21.4052 17.505 1.601
      vertex 3.99907 17.5009 1.601
    endloop
  endfacet
  facet normal 0.0649992 0.989284 0.130739
    outer loop
      vertex 120.892 17.4684 1.601
      vertex 120.369 17.4754 1.80805
      vertex 120.888 17.4413 1.80805
    endloop
  endfacet
  facet normal 0.0648198 0.989356 0.130284
    outer loop
      vertex 120.37 17.5026 1.601
      vertex 120.369 17.4754 1.80805
      vertex 120.892 17.4684 1.601
    endloop
  endfacet
  facet normal -0.212636 -0.318215 0.923864
    outer loop
      vertex 2.29706 -16.4504 2.37374
      vertex 1.92667 -16.2029 2.37374
      vertex 2.20049 -16.6179 2.29382
    endloop
  endfacet
  facet normal -0.0699086 -0.10462 0.992052
    outer loop
      vertex 2.05299 -16.0383 2.4
      vertex 1.92667 -16.2029 2.37374
      vertex 2.29706 -16.4504 2.37374
    endloop
  endfacet
  facet normal -0.318185 -0.212593 0.923885
    outer loop
      vertex 1.05054 -15.2039 2.37374
      vertex 0.883026 -15.3005 2.29382
      vertex 1.29802 -15.5743 2.37374
    endloop
  endfacet
  facet normal -0.0245649 -0.123405 0.992052
    outer loop
      vertex 3.58263 -16.6719 2.4
      vertex 3.1722 -16.5902 2.4
      vertex 3.55548 -16.8776 2.37374
    endloop
  endfacet
  facet normal -0.0404434 -0.119147 0.992053
    outer loop
      vertex 2.77605 -16.4558 2.4
      vertex 2.69666 -16.6475 2.37374
      vertex 3.11853 -16.7907 2.37374
    endloop
  endfacet
  facet normal -0.123035 -0.362463 0.923841
    outer loop
      vertex 3.11853 -16.7907 2.37374
      vertex 2.69666 -16.6475 2.37374
      vertex 3.06845 -16.9774 2.29382
    endloop
  endfacet
  facet normal -0.125542 -0.00822887 0.992054
    outer loop
      vertex 0.800003 -13.4747 2.4
      vertex 0.623352 -13.9455 2.37374
      vertex 0.829086 -13.9184 2.4
    endloop
  endfacet
  facet normal -2.86415e-05 0.125837 0.992051
    outer loop
      vertex 6.6547 16.9086 2.37374
      vertex 4.01859 16.908 2.37374
      vertex 6.64578 16.8773 2.37771
    endloop
  endfacet
  facet normal -8.13541e-05 0.125245 0.992126
    outer loop
      vertex 16.781 16.842 2.38249
      vertex 17.6059 16.7493 2.39426
      vertex 17.197 16.809 2.38669
    endloop
  endfacet
  facet normal -2.86933e-05 0.125644 0.992075
    outer loop
      vertex 14.9784 16.78 2.39029
      vertex 16.781 16.842 2.38249
      vertex 15.402 16.836 2.38321
    endloop
  endfacet
  facet normal -3.03651e-05 0.125692 0.992069
    outer loop
      vertex 16.781 16.842 2.38249
      vertex 14.9784 16.78 2.39029
      vertex 17.6059 16.7493 2.39426
    endloop
  endfacet
  facet normal -0.269207 -0.545967 0.793378
    outer loop
      vertex 2.62267 -16.8261 2.29382
      vertex 2.1174 -16.7617 2.16669
      vertex 2.55911 -16.9795 2.16669
    endloop
  endfacet
  facet normal -0.19566 -0.576436 0.793372
    outer loop
      vertex 2.62267 -16.8261 2.29382
      vertex 2.55911 -16.9795 2.16669
      vertex 3.02548 -17.1378 2.16669
    endloop
  endfacet
  facet normal -0.18015 -0.906137 0.382703
    outer loop
      vertex 3.4919 -17.3602 2.001
      vertex 2.97185 -17.3383 1.80805
      vertex 3.48138 -17.4396 1.80805
    endloop
  endfacet
  facet normal -0.0519507 -0.791509 0.608945
    outer loop
      vertex 4.00677 -17.2666 2.16669
      vertex 3.50856 -17.2339 2.16669
      vertex 4.00261 -17.3938 2.001
    endloop
  endfacet
  facet normal -0.11285 -0.0556496 0.992052
    outer loop
      vertex 1.04518 -14.7249 2.4
      vertex 0.853485 -14.8043 2.37374
      vertex 1.05054 -15.2039 2.37374
    endloop
  endfacet
  facet normal -0.119153 -0.0404519 0.992052
    outer loop
      vertex 0.910706 -14.3288 2.4
      vertex 0.710266 -14.3824 2.37374
      vertex 1.04518 -14.7249 2.4
    endloop
  endfacet
  facet normal -0.392772 -0.587996 -0.7071
    outer loop
      vertex 2 -16.965 0.4
      vertex 1.56496 -16.6744 0.4
      vertex 2.20049 -16.6179 0
    endloop
  endfacet
  facet normal -0.596405 -0.523079 0.608843
    outer loop
      vertex 1.01286 -15.793 2.16669
      vertex 0.911774 -15.8706 2.001
      vertex 1.24751 -16.2534 2.001
    endloop
  endfacet
  facet normal -0.693522 -0.13795 -0.707105
    outer loop
      vertex 0.523499 -14.4325 0
      vertex 0.136292 -14.5362 0.4
      vertex 0.431641 -13.9707 0
    endloop
  endfacet
  facet normal -0.382678 0 0.923882
    outer loop
      vertex 0.399994 -13.1292 2.29382
      vertex 0.592941 -13.4815 2.37374
      vertex 0.592941 -13.1289 2.37374
    endloop
  endfacet
  facet normal -0.382678 0 0.923882
    outer loop
      vertex 0.592941 -13.4815 2.37374
      vertex 0.399994 -13.1292 2.29382
      vertex 0.399994 -13.4878 2.29382
    endloop
  endfacet
  facet normal -0.555459 -0.831544 0
    outer loop
      vertex 1.56496 -16.6744 0.4
      vertex 2 -16.965 1.601
      vertex 1.56496 -16.6744 1.601
    endloop
  endfacet
  facet normal -0.555459 -0.831544 -0
    outer loop
      vertex 2 -16.965 1.601
      vertex 1.56496 -16.6744 0.4
      vertex 2 -16.965 0.4
    endloop
  endfacet
  facet normal -0.457691 -0.401404 0.793343
    outer loop
      vertex 1.45502 -16.0459 2.29382
      vertex 1.01286 -15.793 2.16669
      vertex 1.33762 -16.1633 2.16669
    endloop
  endfacet
  facet normal -0.375331 -0.0746582 0.923879
    outer loop
      vertex 0.623352 -13.9455 2.37374
      vertex 0.431641 -13.9707 2.29382
      vertex 0.523499 -14.4325 2.29382
    endloop
  endfacet
  facet normal -0.381856 -0.0250272 0.923883
    outer loop
      vertex 0.592941 -13.4815 2.37374
      vertex 0.431641 -13.9707 2.29382
      vertex 0.623352 -13.9455 2.37374
    endloop
  endfacet
  facet normal -0.466342 0.531494 -0.707135
    outer loop
      vertex 1.80832 16.3558 0
      vertex 1.45444 16.0453 0
      vertex 1.56421 16.6738 0.4
    endloop
  endfacet
  facet normal -0.312867 0.634126 -0.707105
    outer loop
      vertex 2.6219 16.8258 0
      vertex 1.99919 16.9646 0.4
      vertex 2.4684 17.1961 0.4
    endloop
  endfacet
  facet normal -0.312731 -0.634144 -0.70715
    outer loop
      vertex 2.46927 -17.1965 0.4
      vertex 2.20049 -16.6179 0
      vertex 2.62267 -16.8261 0
    endloop
  endfacet
  facet normal -0.588043 0.392733 -0.707083
    outer loop
      vertex 1.1441 15.6913 0
      vertex 0.535431 15.5001 0.4
      vertex 0.826019 15.9352 0.4
    endloop
  endfacet
  facet normal -0.531786 0.466094 -0.707078
    outer loop
      vertex 1.1441 15.6913 0
      vertex 0.826019 15.9352 0.4
      vertex 1.17091 16.3287 0.4
    endloop
  endfacet
  facet normal -0.693517 -0.137955 -0.707108
    outer loop
      vertex 0.136292 -14.5362 0.4
      vertex 0.0342255 -14.0231 0.4
      vertex 0.431641 -13.9707 0
    endloop
  endfacet
  facet normal -1.15378e-06 0.12579 0.992057
    outer loop
      vertex 88.2372 16.7056 2.4
      vertex 44.6 16.797 2.38836
      vertex 44.6275 16.7052 2.4
    endloop
  endfacet
  facet normal -1.42605e-06 0.125662 0.992073
    outer loop
      vertex 44.6 16.797 2.38836
      vertex 88.2372 16.7056 2.4
      vertex 44.5803 16.8405 2.38285
    endloop
  endfacet
  facet normal -2.82975e-06 0.125839 0.992051
    outer loop
      vertex 29.5964 16.8867 2.37696
      vertex 31.383 16.723 2.39773
      vertex 31.3579 16.8813 2.37765
    endloop
  endfacet
  facet normal 5.44598e-06 0.125928 0.992039
    outer loop
      vertex 29.569 16.821 2.3853
      vertex 31.383 16.723 2.39773
      vertex 29.5964 16.8867 2.37696
    endloop
  endfacet
  facet normal -1.14952e-06 0.125808 0.992055
    outer loop
      vertex 31.383 16.723 2.39773
      vertex 29.569 16.821 2.3853
      vertex 31.3885 16.7051 2.4
    endloop
  endfacet
  facet normal 0 0.125825 0.992052
    outer loop
      vertex 31.3885 16.7051 2.4
      vertex 29.569 16.821 2.3853
      vertex 29.4592 16.7051 2.4
    endloop
  endfacet
  facet normal -5.50788e-06 0.125827 0.992052
    outer loop
      vertex 39.8841 16.855 2.381
      vertex 37.6056 16.7051 2.4
      vertex 39.8901 16.7052 2.4
    endloop
  endfacet
  facet normal 7.17391e-05 0.124672 0.992198
    outer loop
      vertex 39.8841 16.855 2.381
      vertex 37.605 16.709 2.39951
      vertex 37.6056 16.7051 2.4
    endloop
  endfacet
  facet normal 1.14739e-06 0.125756 0.992061
    outer loop
      vertex 37.605 16.709 2.39951
      vertex 39.8841 16.855 2.381
      vertex 37.5566 16.8622 2.38009
    endloop
  endfacet
  facet normal -0.0829604 -0.0946103 0.992052
    outer loop
      vertex 1.73846 -15.7625 2.4
      vertex 1.59174 -15.9092 2.37374
      vertex 2.05299 -16.0383 2.4
    endloop
  endfacet
  facet normal 0.440198 0.659654 0.609165
    outer loop
      vertex 122.316 16.8737 2.001
      vertex 122.252 16.7634 2.16669
      vertex 122.662 16.4898 2.16669
    endloop
  endfacet
  facet normal 0.523566 0.597158 0.607685
    outer loop
      vertex 122.739 16.5909 2.001
      vertex 122.662 16.4898 2.16669
      vertex 123.122 16.2551 2.001
    endloop
  endfacet
  facet normal -5.57369e-06 0.608713 0.793391
    outer loop
      vertex 44.5525 17.2709 2.16669
      vertex 88.2372 17.1056 2.29382
      vertex 88.2372 17.2713 2.16669
    endloop
  endfacet
  facet normal -3.59196e-06 0.609042 0.793138
    outer loop
      vertex 88.2372 17.1056 2.29382
      vertex 44.5525 17.2709 2.16669
      vertex 44.5354 17.2136 2.21069
    endloop
  endfacet
  facet normal -2.60153e-05 0.608107 0.793855
    outer loop
      vertex 37.5568 17.2708 2.16669
      vertex 39.8886 17.225 2.20185
      vertex 39.8943 17.2709 2.16669
    endloop
  endfacet
  facet normal -6.73233e-06 0.608725 0.793381
    outer loop
      vertex 39.8886 17.225 2.20185
      vertex 37.5568 17.2708 2.16669
      vertex 37.54 17.2308 2.19738
    endloop
  endfacet
  facet normal -2.40051e-06 0.607821 0.794074
    outer loop
      vertex 31.3067 17.2708 2.16669
      vertex 29.7335 17.2501 2.18253
      vertex 31.3068 17.2462 2.18552
    endloop
  endfacet
  facet normal 0 0.607706 0.794162
    outer loop
      vertex 29.7335 17.2501 2.18253
      vertex 31.3067 17.2708 2.16669
      vertex 29.7331 17.2708 2.16669
    endloop
  endfacet
  facet normal -3.50335e-06 0.38265 0.923893
    outer loop
      vertex 88.2372 16.9127 2.37374
      vertex 44.4903 17.0386 2.32143
      vertex 44.5476 16.9123 2.37374
    endloop
  endfacet
  facet normal 1.02889e-05 0.382707 0.92387
    outer loop
      vertex 29.6774 17.0812 2.30371
      vertex 31.353 16.9121 2.37374
      vertex 31.327 17.0764 2.30568
    endloop
  endfacet
  facet normal 0 0.38262 0.923906
    outer loop
      vertex 31.353 16.9121 2.37374
      vertex 29.6774 17.0812 2.30371
      vertex 29.607 16.9121 2.37374
    endloop
  endfacet
  facet normal 0 0.382716 0.923866
    outer loop
      vertex 39.8762 17.0518 2.31591
      vertex 37.5408 16.9122 2.37374
      vertex 39.8818 16.9122 2.37374
    endloop
  endfacet
  facet normal 3.09287e-06 0.382672 0.923884
    outer loop
      vertex 37.5408 16.9122 2.37374
      vertex 39.8762 17.0518 2.31591
      vertex 37.4945 17.0587 2.31306
    endloop
  endfacet
  facet normal 0.180023 0.906336 0.382292
    outer loop
      vertex 120.888 17.4413 1.80805
      vertex 120.878 17.3619 2.001
      vertex 121.398 17.34 1.80805
    endloop
  endfacet
  facet normal 0.297049 0.874616 0.383157
    outer loop
      vertex 121.89 17.1729 1.80805
      vertex 121.398 17.34 1.80805
      vertex 121.859 17.0989 2.001
    endloop
  endfacet
  facet normal 0.60872 0.694513 0.383552
    outer loop
      vertex 123.179 16.3117 1.80805
      vertex 122.788 16.6544 1.80805
      vertex 123.122 16.2551 2.001
    endloop
  endfacet
  facet normal 0.321731 0.946831 -0
    outer loop
      vertex 121.9 17.1981 0.4
      vertex 121.405 17.3663 1.601
      vertex 121.9 17.1981 1.601
    endloop
  endfacet
  facet normal 0.321731 0.946831 0
    outer loop
      vertex 121.405 17.3663 1.601
      vertex 121.9 17.1981 0.4
      vertex 121.405 17.3663 0.4
    endloop
  endfacet
  facet normal 0.252506 0.287161 0.924002
    outer loop
      vertex 122.561 16.358 2.29382
      vertex 122.443 16.2046 2.37374
      vertex 122.914 16.0476 2.29382
    endloop
  endfacet
  facet normal -0.104625 -0.0699045 0.992052
    outer loop
      vertex 1.46263 -15.448 2.4
      vertex 1.05054 -15.2039 2.37374
      vertex 1.29802 -15.5743 2.37374
    endloop
  endfacet
  facet normal 0.297041 0.874612 0.383171
    outer loop
      vertex 121.398 17.34 1.80805
      vertex 121.377 17.2626 2.001
      vertex 121.859 17.0989 2.001
    endloop
  endfacet
  facet normal 0.0398162 0.607322 0.793457
    outer loop
      vertex 120.363 17.2683 2.16669
      vertex 120.357 17.1026 2.29382
      vertex 120.839 17.071 2.29382
    endloop
  endfacet
  facet normal 2.69592e-05 0.125791 0.992057
    outer loop
      vertex 106.353 16.9127 2.37374
      vertex 106.353 16.7056 2.4
      vertex 120.351 16.9097 2.37374
    endloop
  endfacet
  facet normal 0.0245245 0.123328 0.992063
    outer loop
      vertex 121.251 16.7924 2.37374
      vertex 120.814 16.8793 2.37374
      vertex 121.197 16.5919 2.4
    endloop
  endfacet
  facet normal 0.0605755 0.921956 0.382529
    outer loop
      vertex 120.888 17.4413 1.80805
      vertex 120.369 17.4754 1.80805
      vertex 120.878 17.3619 2.001
    endloop
  endfacet
  facet normal 0.0604336 0.921838 0.382835
    outer loop
      vertex 120.369 17.4754 1.80805
      vertex 120.367 17.3954 2.001
      vertex 120.878 17.3619 2.001
    endloop
  endfacet
  facet normal -0.195326 0.980738 0
    outer loop
      vertex 3.47697 17.4666 0.4
      vertex 2.96382 17.3644 1.601
      vertex 3.47697 17.4666 1.601
    endloop
  endfacet
  facet normal -0.195326 0.980738 0
    outer loop
      vertex 2.96382 17.3644 1.601
      vertex 3.47697 17.4666 0.4
      vertex 2.96382 17.3644 0.4
    endloop
  endfacet
  facet normal -0.0251101 0.381983 0.923828
    outer loop
      vertex 3.64763 17.0302 2.31313
      vertex 3.58808 16.8797 2.37374
      vertex 4.01859 16.908 2.37374
    endloop
  endfacet
  facet normal -0.550614 0.824459 0.130735
    outer loop
      vertex 1.99919 16.9646 1.601
      vertex 1.99538 16.9305 1.8
      vertex 2.0123 16.9418 1.8
    endloop
  endfacet
  facet normal -0.55101 0.824203 0.130683
    outer loop
      vertex 1.99538 16.9305 1.8
      vertex 1.99919 16.9646 1.601
      vertex 1.56421 16.6738 1.601
    endloop
  endfacet
  facet normal -3.50077e-06 0.382758 0.923849
    outer loop
      vertex 44.5031 17.1052 2.29382
      vertex 88.2372 16.9127 2.37374
      vertex 88.2372 17.1056 2.29382
    endloop
  endfacet
  facet normal -2.4549e-06 0.382961 0.923765
    outer loop
      vertex 44.5031 17.1052 2.29382
      vertex 44.4903 17.0386 2.32143
      vertex 88.2372 16.9127 2.37374
    endloop
  endfacet
  facet normal -0.00198034 0.383284 0.923628
    outer loop
      vertex 44.4903 17.0386 2.32143
      vertex 44.5031 17.1052 2.29382
      vertex 44.486 17.048 2.31752
    endloop
  endfacet
  facet normal -0 0.381916 0.924197
    outer loop
      vertex 29.6874 17.1051 2.29382
      vertex 31.327 17.0764 2.30568
      vertex 31.3225 17.1051 2.29382
    endloop
  endfacet
  facet normal 9.1059e-06 0.38236 0.924013
    outer loop
      vertex 31.327 17.0764 2.30568
      vertex 29.6874 17.1051 2.29382
      vertex 29.6774 17.0812 2.30371
    endloop
  endfacet
  facet normal 1.67854e-06 0.382255 0.924057
    outer loop
      vertex 39.8741 17.1052 2.29382
      vertex 37.4945 17.0587 2.31306
      vertex 39.8762 17.0518 2.31591
    endloop
  endfacet
  facet normal -0 0.382328 0.924027
    outer loop
      vertex 37.4873 17.1052 2.29382
      vertex 37.4945 17.0587 2.31306
      vertex 39.8741 17.1052 2.29382
    endloop
  endfacet
  facet normal -0.00163264 0.382112 0.924115
    outer loop
      vertex 37.4945 17.0587 2.31306
      vertex 37.4873 17.1052 2.29382
      vertex 37.483 17.095 2.29803
    endloop
  endfacet
  facet normal 0.195544 -0.576421 0.793411
    outer loop
      vertex 121.747 -16.8304 2.29382
      vertex 121.301 -16.9817 2.29382
      vertex 121.344 -17.1421 2.16669
    endloop
  endfacet
  facet normal 0.0250209 -0.381898 0.923866
    outer loop
      vertex 120.814 -16.8819 2.37374
      vertex 120.35 -16.9123 2.37374
      vertex 120.839 -17.0736 2.29382
    endloop
  endfacet
  facet normal 0.104803 -0.0701707 0.992014
    outer loop
      vertex 123.319 -15.2081 2.37374
      vertex 122.907 -15.4522 2.4
      vertex 123.071 -15.5785 2.37374
    endloop
  endfacet
  facet normal 0.0556347 -0.112681 0.992072
    outer loop
      vertex 122.072 -16.4547 2.37374
      vertex 121.593 -16.46 2.4
      vertex 121.673 -16.6517 2.37374
    endloop
  endfacet
  facet normal -1.28939e-06 -0.125791 0.992057
    outer loop
      vertex 36.3052 -16.7052 2.4
      vertex 26.5493 -16.9122 2.37374
      vertex 36.3052 -16.9123 2.37374
    endloop
  endfacet
  facet normal -1.28939e-06 -0.125791 0.992057
    outer loop
      vertex 26.5493 -16.7051 2.4
      vertex 26.5493 -16.9122 2.37374
      vertex 36.3052 -16.7052 2.4
    endloop
  endfacet
  facet normal 0.705868 0.0473193 -0.706761
    outer loop
      vertex 124.37 13.5026 0.4
      vertex 123.938 13.9724 0
      vertex 124.335 14.0247 0.4
    endloop
  endfacet
  facet normal 0.0948721 0.0830024 0.992023
    outer loop
      vertex 123.071 15.576 2.37374
      vertex 122.778 15.9109 2.37374
      vertex 122.907 15.4496 2.4
    endloop
  endfacet
  facet normal 0.252836 0.288389 0.923529
    outer loop
      vertex 122.914 16.0476 2.29382
      vertex 122.443 16.2046 2.37374
      vertex 122.778 15.9109 2.37374
    endloop
  endfacet
  facet normal 0.342743 0.16897 0.924108
    outer loop
      vertex 123.695 14.88 2.29382
      vertex 123.319 15.2056 2.37374
      vertex 123.516 14.806 2.37374
    endloop
  endfacet
  facet normal 0.318676 0.213369 0.923536
    outer loop
      vertex 123.486 15.3021 2.29382
      vertex 123.071 15.576 2.37374
      vertex 123.319 15.2056 2.37374
    endloop
  endfacet
  facet normal 0.123249 0.024537 0.992072
    outer loop
      vertex 123.659 14.3841 2.37374
      vertex 123.54 13.9201 2.4
      vertex 123.746 13.9471 2.37374
    endloop
  endfacet
  facet normal 0.125355 0.00847564 0.992076
    outer loop
      vertex 123.746 13.9471 2.37374
      vertex 123.54 13.9201 2.4
      vertex 123.57 13.4764 2.4
    endloop
  endfacet
  facet normal 0.710399 0.349912 0.610651
    outer loop
      vertex 123.741 15.449 2.001
      vertex 123.63 15.3852 2.16669
      vertex 123.966 14.9922 2.001
    endloop
  endfacet
  facet normal 0.874247 0.295586 0.385125
    outer loop
      vertex 124.207 14.5308 1.80805
      vertex 123.966 14.9922 2.001
      vertex 124.129 14.5101 2.001
    endloop
  endfacet
  facet normal 0.57744 0.195616 0.792652
    outer loop
      vertex 123.848 14.9435 2.16669
      vertex 123.695 14.88 2.29382
      vertex 124.006 14.4771 2.16669
    endloop
  endfacet
  facet normal 0.506074 0.337383 0.793764
    outer loop
      vertex 123.63 15.3852 2.16669
      vertex 123.357 15.7947 2.16669
      vertex 123.486 15.3021 2.29382
    endloop
  endfacet
  facet normal 0.546674 0.26981 0.792685
    outer loop
      vertex 123.848 14.9435 2.16669
      vertex 123.63 15.3852 2.16669
      vertex 123.695 14.88 2.29382
    endloop
  endfacet
  facet normal 0.633777 0.312026 -0.707789
    outer loop
      vertex 124.065 15.0334 0.4
      vertex 123.486 15.3021 0
      vertex 123.834 15.5026 0.4
    endloop
  endfacet
  facet normal 0.947046 0.321097 0
    outer loop
      vertex 124.233 14.5379 1.601
      vertex 124.065 15.0334 0.4
      vertex 124.065 15.0334 1.601
    endloop
  endfacet
  facet normal 0.947046 0.321097 0
    outer loop
      vertex 124.065 15.0334 0.4
      vertex 124.233 14.5379 1.601
      vertex 124.233 14.5379 0.4
    endloop
  endfacet
  facet normal 0.608832 -0.0402634 0.792277
    outer loop
      vertex 124.135 -13.4976 2.16669
      vertex 123.938 -13.9749 2.29382
      vertex 124.102 -13.9966 2.16669
    endloop
  endfacet
  facet normal 0.791958 -0.052374 0.608325
    outer loop
      vertex 124.135 -13.4976 2.16669
      vertex 124.102 -13.9966 2.16669
      vertex 124.262 -13.5017 2.001
    endloop
  endfacet
  facet normal 0.97265 -0.193317 0.128768
    outer loop
      vertex 124.335 -14.0273 1.601
      vertex 124.207 -14.5334 1.80805
      vertex 124.233 -14.5405 1.601
    endloop
  endfacet
  facet normal 0.545075 -0.269826 0.79378
    outer loop
      vertex 123.695 -14.8825 2.29382
      vertex 123.486 -15.3047 2.29382
      vertex 123.63 -15.3878 2.16669
    endloop
  endfacet
  facet normal 0.897201 -0.441622 0
    outer loop
      vertex 123.834 -15.5052 1.601
      vertex 124.065 -15.0359 0.4
      vertex 124.065 -15.0359 1.601
    endloop
  endfacet
  facet normal 0.897201 -0.441622 0
    outer loop
      vertex 124.065 -15.0359 0.4
      vertex 123.834 -15.5052 1.601
      vertex 123.834 -15.5052 0.4
    endloop
  endfacet
  facet normal 0.980815 -0.19494 0
    outer loop
      vertex 124.233 -14.5405 1.601
      vertex 124.335 -14.0273 0.4
      vertex 124.335 -14.0273 1.601
    endloop
  endfacet
  facet normal 0.980815 -0.19494 0
    outer loop
      vertex 124.335 -14.0273 0.4
      vertex 124.233 -14.5405 1.601
      vertex 124.233 -14.5405 0.4
    endloop
  endfacet
  facet normal -0.227248 -0.669548 -0.707151
    outer loop
      vertex 3.06845 -16.9774 0
      vertex 2.46927 -17.1965 0.4
      vertex 2.62267 -16.8261 0
    endloop
  endfacet
  facet normal 0.768586 -0.513965 0.38094
    outer loop
      vertex 123.741 -15.4516 2.001
      vertex 123.458 -15.8748 2.001
      vertex 123.521 -15.9236 1.80805
    endloop
  endfacet
  facet normal 0.829326 -0.40849 0.381255
    outer loop
      vertex 123.966 -14.9948 2.001
      vertex 123.741 -15.4516 2.001
      vertex 123.81 -15.4916 1.80805
    endloop
  endfacet
  facet normal 0.400937 -0.456874 0.79405
    outer loop
      vertex 122.914 -16.0502 2.29382
      vertex 122.662 -16.4923 2.16669
      vertex 123.032 -16.1676 2.16669
    endloop
  endfacet
  facet normal 0.212413 -0.318172 0.92393
    outer loop
      vertex 122.443 -16.2072 2.37374
      vertex 122.169 -16.6222 2.29382
      vertex 122.561 -16.3605 2.29382
    endloop
  endfacet
  facet normal -3.49565e-05 -0.923918 0.382591
    outer loop
      vertex 21.2632 -17.3978 2.001
      vertex 21.2631 -17.4777 1.80805
      vertex 26.5493 -17.398 2.001
    endloop
  endfacet
  facet normal 0 -0.793442 0.608646
    outer loop
      vertex 36.3052 -17.2709 2.16669
      vertex 36.3052 -17.398 2.001
      vertex 120.366 -17.398 2.001
    endloop
  endfacet
  facet normal -0.00018846 -0.793209 0.60895
    outer loop
      vertex 4.00677 -17.2666 2.16669
      vertex 4.00261 -17.3938 2.001
      vertex 21.2632 -17.2707 2.16669
    endloop
  endfacet
  facet normal -3.92335e-06 -0.382758 0.923849
    outer loop
      vertex 26.5493 -16.9122 2.37374
      vertex 36.3052 -17.1052 2.29382
      vertex 36.3052 -16.9123 2.37374
    endloop
  endfacet
  facet normal -3.92335e-06 -0.382758 0.923849
    outer loop
      vertex 36.3052 -17.1052 2.29382
      vertex 26.5493 -16.9122 2.37374
      vertex 26.5493 -17.1051 2.29382
    endloop
  endfacet
  facet normal 0.441708 -0.897159 0
    outer loop
      vertex 121.9 -17.2007 0.4
      vertex 122.37 -16.9693 1.601
      vertex 121.9 -17.2007 1.601
    endloop
  endfacet
  facet normal 0.441708 -0.897159 0
    outer loop
      vertex 122.37 -16.9693 1.601
      vertex 121.9 -17.2007 0.4
      vertex 122.37 -16.9693 0.4
    endloop
  endfacet
  facet normal 0.318981 -0.938737 0.130478
    outer loop
      vertex 121.9 -17.2007 1.601
      vertex 121.398 -17.3425 1.80805
      vertex 121.405 -17.3689 1.601
    endloop
  endfacet
  facet normal 0.523476 -0.597233 0.607689
    outer loop
      vertex 123.122 -16.2577 2.001
      vertex 122.662 -16.4923 2.16669
      vertex 122.739 -16.5934 2.001
    endloop
  endfacet
  facet normal 0.408515 -0.828634 0.38273
    outer loop
      vertex 122.316 -16.8762 2.001
      vertex 121.859 -17.1015 2.001
      vertex 122.356 -16.9456 1.80805
    endloop
  endfacet
  facet normal 0.195197 -0.980764 0
    outer loop
      vertex 120.892 -17.471 0.4
      vertex 121.405 -17.3689 1.601
      vertex 120.892 -17.471 1.601
    endloop
  endfacet
  facet normal 0.195197 -0.980764 0
    outer loop
      vertex 121.405 -17.3689 1.601
      vertex 120.892 -17.471 0.4
      vertex 121.405 -17.3689 0.4
    endloop
  endfacet
  facet normal 0.350713 -0.711388 0.609039
    outer loop
      vertex 122.252 -16.7659 2.16669
      vertex 121.859 -17.1015 2.001
      vertex 122.316 -16.8762 2.001
    endloop
  endfacet
  facet normal 0.318858 -0.938828 0.130118
    outer loop
      vertex 121.89 -17.1754 1.80805
      vertex 121.398 -17.3425 1.80805
      vertex 121.9 -17.2007 1.601
    endloop
  endfacet
  facet normal 0.118754 -0.597 0.793403
    outer loop
      vertex 121.301 -16.9817 2.29382
      vertex 120.839 -17.0736 2.29382
      vertex 121.344 -17.1421 2.16669
    endloop
  endfacet
  facet normal 0.118771 -0.596946 0.793441
    outer loop
      vertex 121.344 -17.1421 2.16669
      vertex 120.839 -17.0736 2.29382
      vertex 120.861 -17.2382 2.16669
    endloop
  endfacet
  facet normal 0.193326 -0.972349 0.131002
    outer loop
      vertex 121.398 -17.3425 1.80805
      vertex 120.888 -17.4439 1.80805
      vertex 120.892 -17.471 1.601
    endloop
  endfacet
  facet normal 0.060316 -0.921845 0.382836
    outer loop
      vertex 120.878 -17.3645 2.001
      vertex 120.366 -17.398 2.001
      vertex 120.368 -17.478 1.80805
    endloop
  endfacet
  facet normal 0 -1 0
    outer loop
      vertex 42.9 -17.5052 0.4
      vertex 36.3052 -17.5052 1.601
      vertex 36.3052 -17.5052 0.4
    endloop
  endfacet
  facet normal 0 -1 0
    outer loop
      vertex 43.9 -17.5052 0.4
      vertex 36.3052 -17.5052 1.601
      vertex 42.9 -17.5052 0.4
    endloop
  endfacet
  facet normal 0 -1 0
    outer loop
      vertex 36.3052 -17.5052 1.601
      vertex 43.9 -17.5052 0.4
      vertex 120.37 -17.5052 1.601
    endloop
  endfacet
  facet normal 0 -1 -0
    outer loop
      vertex 120.37 -17.5052 1.601
      vertex 43.9 -17.5052 0.4
      vertex 120.37 -17.5052 0.4
    endloop
  endfacet
  facet normal -6.23943e-06 -0.608713 0.793391
    outer loop
      vertex 26.5493 -17.1051 2.29382
      vertex 36.3052 -17.2709 2.16669
      vertex 36.3052 -17.1052 2.29382
    endloop
  endfacet
  facet normal -6.23943e-06 -0.608713 0.793391
    outer loop
      vertex 36.3052 -17.2709 2.16669
      vertex 26.5493 -17.1051 2.29382
      vertex 26.5493 -17.2708 2.16669
    endloop
  endfacet
  facet normal -0.466356 0.531492 -0.707127
    outer loop
      vertex 1.45444 16.0453 0
      vertex 1.17091 16.3287 0.4
      vertex 1.56421 16.6738 0.4
    endloop
  endfacet
  facet normal -0.0399582 -0.607617 0.793225
    outer loop
      vertex 4.01231 -17.101 2.29382
      vertex 3.53027 -17.0693 2.29382
      vertex 4.00677 -17.2666 2.16669
    endloop
  endfacet
  facet normal -0.0520853 -0.791681 0.60871
    outer loop
      vertex 3.50856 -17.2339 2.16669
      vertex 3.4919 -17.3602 2.001
      vertex 4.00261 -17.3938 2.001
    endloop
  endfacet
  facet normal -0.0652683 0.989142 0.131676
    outer loop
      vertex 4.00017 17.4737 1.80805
      vertex 3.81874 17.4628 1.8
      vertex 3.81831 17.4617 1.80805
    endloop
  endfacet
  facet normal -0.0651941 0.989255 0.130857
    outer loop
      vertex 3.81874 17.4628 1.8
      vertex 3.47697 17.4666 1.601
      vertex 3.48036 17.4405 1.8
    endloop
  endfacet
  facet normal -0.0652416 0.989241 0.130938
    outer loop
      vertex 3.47697 17.4666 1.601
      vertex 3.81874 17.4628 1.8
      vertex 4.00017 17.4737 1.80805
    endloop
  endfacet
  facet normal -0.193587 0.972322 0.130823
    outer loop
      vertex 3.47697 17.4666 1.601
      vertex 2.99065 17.343 1.8
      vertex 3.48036 17.4405 1.8
    endloop
  endfacet
  facet normal 0.0245599 -0.123364 0.992058
    outer loop
      vertex 121.251 -16.7949 2.37374
      vertex 120.787 -16.6761 2.4
      vertex 120.814 -16.8819 2.37374
    endloop
  endfacet
  facet normal 0.112691 0.0555644 0.992075
    outer loop
      vertex 123.319 15.2056 2.37374
      vertex 123.139 15.1018 2.4
      vertex 123.324 14.7266 2.4
    endloop
  endfacet
  facet normal 0 0 1
    outer loop
      vertex 21.2633 -16.705 2.4
      vertex 9.436 -12.074 2.4
      vertex 9.52399 -12.309 2.4
    endloop
  endfacet
  facet normal 0 0 1
    outer loop
      vertex 7.35499 1.71299 2.4
      vertex 10.152 3.18099 2.4
      vertex 7.51299 2.07699 2.4
    endloop
  endfacet
  facet normal 0 0 1
    outer loop
      vertex 10.152 3.18099 2.4
      vertex 9.32799 -11.932 2.4
      vertex 9.436 -12.074 2.4
    endloop
  endfacet
  facet normal 0 0 1
    outer loop
      vertex 8.208 5.994 2.4
      vertex 9.84099 7.403 2.4
      vertex 8.46 7.89599 2.4
    endloop
  endfacet
  facet normal 0 0 1
    outer loop
      vertex 10.227 4.164 2.4
      vertex 8.104 5.00099 2.4
      vertex 10.151 3.621 2.4
    endloop
  endfacet
  facet normal -0 0 1
    outer loop
      vertex 7.66199 3.791 2.4
      vertex 10.151 3.621 2.4
      vertex 8.104 5.00099 2.4
    endloop
  endfacet
  facet normal 0 0 1
    outer loop
      vertex 9.84099 7.403 2.4
      vertex 8.322 5.802 2.4
      vertex 8.35499 5.56399 2.4
    endloop
  endfacet
  facet normal 0 0 1
    outer loop
      vertex 9.84099 7.403 2.4
      vertex 8.208 5.994 2.4
      vertex 8.322 5.802 2.4
    endloop
  endfacet
  facet normal 0 0 1
    outer loop
      vertex 8.46 7.89599 2.4
      vertex 8.029 6.12599 2.4
      vertex 8.208 5.994 2.4
    endloop
  endfacet
  facet normal 0 0 1
    outer loop
      vertex 7.81599 6.17999 2.4
      vertex 8.46 7.89599 2.4
      vertex 7.949 8.041 2.4
    endloop
  endfacet
  facet normal 0 0 1
    outer loop
      vertex 8.46 7.89599 2.4
      vertex 7.81599 6.17999 2.4
      vertex 8.029 6.12599 2.4
    endloop
  endfacet
  facet normal 0 0 1
    outer loop
      vertex 7.949 8.041 2.4
      vertex 7.60599 6.15798 2.4
      vertex 7.81599 6.17999 2.4
    endloop
  endfacet
  facet normal 0 0 1
    outer loop
      vertex 7.32899 8.16499 2.4
      vertex 7.60599 6.15798 2.4
      vertex 7.949 8.041 2.4
    endloop
  endfacet
  facet normal 0 0 1
    outer loop
      vertex 6.90099 8.19599 2.4
      vertex 7.60599 6.15798 2.4
      vertex 7.32899 8.16499 2.4
    endloop
  endfacet
  facet normal 0 0 1
    outer loop
      vertex 7.60599 6.15798 2.4
      vertex 6.90099 8.19599 2.4
      vertex 7.21 5.99699 2.4
    endloop
  endfacet
  facet normal -0 0 1
    outer loop
      vertex 6.576 8.17199 2.4
      vertex 7.21 5.99699 2.4
      vertex 6.90099 8.19599 2.4
    endloop
  endfacet
  facet normal -0 0 1
    outer loop
      vertex 5.79299 7.968 2.4
      vertex 7.21 5.99699 2.4
      vertex 6.576 8.17199 2.4
    endloop
  endfacet
  facet normal 0 0 1
    outer loop
      vertex 7.21 5.99699 2.4
      vertex 5.79299 7.968 2.4
      vertex 6.852 5.716 2.4
    endloop
  endfacet
  facet normal 0 0 1
    outer loop
      vertex 6.852 5.716 2.4
      vertex 5.79299 7.968 2.4
      vertex 6.52799 5.58599 2.4
    endloop
  endfacet
  facet normal -0 0 1
    outer loop
      vertex 5.268 7.77 2.4
      vertex 6.52799 5.58599 2.4
      vertex 5.79299 7.968 2.4
    endloop
  endfacet
  facet normal 0 0 1
    outer loop
      vertex 6.52799 5.58599 2.4
      vertex 5.268 7.77 2.4
      vertex 5.47599 5.47698 2.4
    endloop
  endfacet
  facet normal -0 0 1
    outer loop
      vertex 4.48499 7.40499 2.4
      vertex 5.47599 5.47698 2.4
      vertex 5.268 7.77 2.4
    endloop
  endfacet
  facet normal 0 0 1
    outer loop
      vertex 5.47599 5.47698 2.4
      vertex 4.48499 7.40499 2.4
      vertex 4.878 5.328 2.4
    endloop
  endfacet
  facet normal -0 0 1
    outer loop
      vertex 3.97501 7.11499 2.4
      vertex 4.878 5.328 2.4
      vertex 4.48499 7.40499 2.4
    endloop
  endfacet
  facet normal -0 0 1
    outer loop
      vertex 3.47301 6.77899 2.4
      vertex 4.878 5.328 2.4
      vertex 3.97501 7.11499 2.4
    endloop
  endfacet
  facet normal 0 0 1
    outer loop
      vertex 4.878 5.328 2.4
      vertex 3.47301 6.77899 2.4
      vertex 4.36899 5.091 2.4
    endloop
  endfacet
  facet normal -0 0 1
    outer loop
      vertex 3.021 6.42999 2.4
      vertex 4.36899 5.091 2.4
      vertex 3.47301 6.77899 2.4
    endloop
  endfacet
  facet normal 0 0 1
    outer loop
      vertex 4.36899 5.091 2.4
      vertex 3.021 6.42999 2.4
      vertex 3.80401 4.67999 2.4
    endloop
  endfacet
  facet normal -0 0 1
    outer loop
      vertex 2.34901 5.82199 2.4
      vertex 3.80401 4.67999 2.4
      vertex 3.021 6.42999 2.4
    endloop
  endfacet
  facet normal 0 0 1
    outer loop
      vertex 3.80401 4.67999 2.4
      vertex 2.34901 5.82199 2.4
      vertex 3.217 4.093 2.4
    endloop
  endfacet
  facet normal -0 0 1
    outer loop
      vertex 1.96101 5.36999 2.4
      vertex 3.217 4.093 2.4
      vertex 2.34901 5.82199 2.4
    endloop
  endfacet
  facet normal -0 0 1
    outer loop
      vertex 1.71801 5.026 2.4
      vertex 3.217 4.093 2.4
      vertex 1.96101 5.36999 2.4
    endloop
  endfacet
  facet normal 0 0 1
    outer loop
      vertex 3.217 4.093 2.4
      vertex 1.71801 5.026 2.4
      vertex 2.83501 3.638 2.4
    endloop
  endfacet
  facet normal -0 0 1
    outer loop
      vertex 1.43101 4.524 2.4
      vertex 2.83501 3.638 2.4
      vertex 1.71801 5.026 2.4
    endloop
  endfacet
  facet normal 0 0 1
    outer loop
      vertex 2.83501 3.638 2.4
      vertex 1.43101 4.524 2.4
      vertex 2.536 3.22299 2.4
    endloop
  endfacet
  facet normal -0 0 1
    outer loop
      vertex 1.14101 3.77 2.4
      vertex 2.536 3.22299 2.4
      vertex 1.43101 4.524 2.4
    endloop
  endfacet
  facet normal 0 0 1
    outer loop
      vertex 10.152 3.18099 2.4
      vertex 7.61999 2.58499 2.4
      vertex 7.51299 2.07699 2.4
    endloop
  endfacet
  facet normal 0 0 1
    outer loop
      vertex 10.151 3.621 2.4
      vertex 7.66199 3.791 2.4
      vertex 10.152 3.18099 2.4
    endloop
  endfacet
  facet normal 0 0 1
    outer loop
      vertex 7.73299 4.481 2.4
      vertex 8.104 5.00099 2.4
      vertex 7.835 4.72 2.4
    endloop
  endfacet
  facet normal 0 0 1
    outer loop
      vertex 8.104 5.00099 2.4
      vertex 7.73299 4.481 2.4
      vertex 7.66199 3.791 2.4
    endloop
  endfacet
  facet normal 0 0 1
    outer loop
      vertex 10.152 3.18099 2.4
      vertex 7.66199 3.791 2.4
      vertex 7.66 3.02899 2.4
    endloop
  endfacet
  facet normal 0 0 1
    outer loop
      vertex 10.152 3.18099 2.4
      vertex 7.66 3.02899 2.4
      vertex 7.61999 2.58499 2.4
    endloop
  endfacet
  facet normal 0 0 1
    outer loop
      vertex 7.02 1.26699 2.4
      vertex 10.152 3.18099 2.4
      vertex 7.35499 1.71299 2.4
    endloop
  endfacet
  facet normal 0 0 1
    outer loop
      vertex 10.152 3.18099 2.4
      vertex 9.14699 -11.804 2.4
      vertex 9.32799 -11.932 2.4
    endloop
  endfacet
  facet normal 0 0 1
    outer loop
      vertex 10.152 3.18099 2.4
      vertex 7.02 1.26699 2.4
      vertex 9.14699 -11.804 2.4
    endloop
  endfacet
  facet normal -0 0 1
    outer loop
      vertex 6.76699 1.00999 2.4
      vertex 9.14699 -11.804 2.4
      vertex 7.02 1.26699 2.4
    endloop
  endfacet
  facet normal -0 -0 1
    outer loop
      vertex 7.46 -10.856 2.4
      vertex 9.14699 -11.804 2.4
      vertex 6.76699 1.00999 2.4
    endloop
  endfacet
  facet normal 0 0 1
    outer loop
      vertex 9.14699 -11.804 2.4
      vertex 7.46 -10.856 2.4
      vertex 8.37099 -11.462 2.4
    endloop
  endfacet
  facet normal 0 0 1
    outer loop
      vertex 6.76699 1.00999 2.4
      vertex 6.34699 -9.91901 2.4
      vertex 7.46 -10.856 2.4
    endloop
  endfacet
  facet normal -0 0 1
    outer loop
      vertex 6.11599 0.431987 2.4
      vertex 6.34699 -9.91901 2.4
      vertex 6.76699 1.00999 2.4
    endloop
  endfacet
  facet normal 0 0 1
    outer loop
      vertex 5.18899 -9.05201 2.4
      vertex 6.11599 0.431987 2.4
      vertex 5.66099 0.128993 2.4
    endloop
  endfacet
  facet normal 0 0 1
    outer loop
      vertex 6.11599 0.431987 2.4
      vertex 5.18899 -9.05201 2.4
      vertex 6.34699 -9.91901 2.4
    endloop
  endfacet
  facet normal 0 0 1
    outer loop
      vertex 3.88901 -7.478 2.4
      vertex 5.66099 0.128993 2.4
      vertex 5.18299 -0.022007 2.4
    endloop
  endfacet
  facet normal 0 0 1
    outer loop
      vertex 5.66099 0.128993 2.4
      vertex 3.88901 -7.478 2.4
      vertex 5.18899 -9.05201 2.4
    endloop
  endfacet
  facet normal 0 0 1
    outer loop
      vertex 2.95701 -0.960011 2.4
      vertex 5.18299 -0.022007 2.4
      vertex 4.26299 -0.0290108 2.4
    endloop
  endfacet
  facet normal 0 0 1
    outer loop
      vertex 5.18899 -9.05201 2.4
      vertex 3.88901 -7.478 2.4
      vertex 4.64899 -8.54201 2.4
    endloop
  endfacet
  facet normal 0 0 1
    outer loop
      vertex 3.36201 -0.422001 2.4
      vertex 4.26299 -0.0290108 2.4
      vertex 3.79401 -0.0970039 2.4
    endloop
  endfacet
  facet normal 0 0 1
    outer loop
      vertex 3.36201 -0.422001 2.4
      vertex 3.79401 -0.0970039 2.4
      vertex 3.573 -0.209003 2.4
    endloop
  endfacet
  facet normal 0 0 1
    outer loop
      vertex 4.26299 -0.0290108 2.4
      vertex 3.36201 -0.422001 2.4
      vertex 2.95701 -0.960011 2.4
    endloop
  endfacet
  facet normal 0 0 1
    outer loop
      vertex 5.18299 -0.022007 2.4
      vertex 2.95701 -0.960011 2.4
      vertex 2.49801 -1.922 2.4
    endloop
  endfacet
  facet normal 0 0 1
    outer loop
      vertex 5.18299 -0.022007 2.4
      vertex 2.49801 -1.922 2.4
      vertex 2.325 -2.448 2.4
    endloop
  endfacet
  facet normal 0 0 1
    outer loop
      vertex 5.18299 -0.022007 2.4
      vertex 2.39501 -5.05201 2.4
      vertex 3.88901 -7.478 2.4
    endloop
  endfacet
  facet normal 0 0 1
    outer loop
      vertex 2.213 -2.93401 2.4
      vertex 5.18299 -0.022007 2.4
      vertex 2.325 -2.448 2.4
    endloop
  endfacet
  facet normal 0 -0 1
    outer loop
      vertex 2.288 -4.67501 2.4
      vertex 5.18299 -0.022007 2.4
      vertex 2.18 -3.85901 2.4
    endloop
  endfacet
  facet normal 0 0 1
    outer loop
      vertex 5.18299 -0.022007 2.4
      vertex 2.213 -2.93401 2.4
      vertex 2.18 -3.85901 2.4
    endloop
  endfacet
  facet normal 0 0 1
    outer loop
      vertex 2.18 -3.85901 2.4
      vertex 2.213 -2.93401 2.4
      vertex 2.18 -3.20301 2.4
    endloop
  endfacet
  facet normal 0 0 1
    outer loop
      vertex 5.18299 -0.022007 2.4
      vertex 2.288 -4.67501 2.4
      vertex 2.39501 -5.05201 2.4
    endloop
  endfacet
  facet normal 0 0 1
    outer loop
      vertex 10.702 6.05599 2.4
      vertex 10.728 5.75599 2.4
      vertex 10.744 5.90899 2.4
    endloop
  endfacet
  facet normal 0 0 1
    outer loop
      vertex 10.702 6.05599 2.4
      vertex 10.564 5.358 2.4
      vertex 10.728 5.75599 2.4
    endloop
  endfacet
  facet normal 0 0 1
    outer loop
      vertex 8.35499 5.56399 2.4
      vertex 10.702 6.05599 2.4
      vertex 10.109 7.207 2.4
    endloop
  endfacet
  facet normal 0 0 1
    outer loop
      vertex 10.564 5.358 2.4
      vertex 8.35499 5.56399 2.4
      vertex 10.361 4.70899 2.4
    endloop
  endfacet
  facet normal 0 0 1
    outer loop
      vertex 10.702 6.05599 2.4
      vertex 8.35499 5.56399 2.4
      vertex 10.564 5.358 2.4
    endloop
  endfacet
  facet normal 0 0 1
    outer loop
      vertex 8.35499 5.56399 2.4
      vertex 10.109 7.207 2.4
      vertex 9.84099 7.403 2.4
    endloop
  endfacet
  facet normal 0 0 1
    outer loop
      vertex 14.847 0.278987 2.4
      vertex 17.469 3.925 2.4
      vertex 14.886 1.55 2.4
    endloop
  endfacet
  facet normal 0 0 1
    outer loop
      vertex 17.469 3.925 2.4
      vertex 14.847 0.278987 2.4
      vertex 14.896 -0.0990028 2.4
    endloop
  endfacet
  facet normal 0 0 1
    outer loop
      vertex 14.886 1.55 2.4
      vertex 14.685 0.715999 2.4
      vertex 14.847 0.278987 2.4
    endloop
  endfacet
  facet normal 0 -0 1
    outer loop
      vertex 14.685 0.715999 2.4
      vertex 14.886 1.55 2.4
      vertex 14.671 0.830989 2.4
    endloop
  endfacet
  facet normal 0 0 1
    outer loop
      vertex 15.324 4.31599 2.4
      vertex 14.907 3.899 2.4
      vertex 15.717 4.19899 2.4
    endloop
  endfacet
  facet normal 0 0 1
    outer loop
      vertex 15.717 4.19899 2.4
      vertex 14.907 3.899 2.4
      vertex 15.031 3.235 2.4
    endloop
  endfacet
  facet normal 0 0 1
    outer loop
      vertex 20.6 15.059 2.4
      vertex 18.882 14.388 2.4
      vertex 18.927 14.121 2.4
    endloop
  endfacet
  facet normal 0 0 1
    outer loop
      vertex 19.552 16.011 2.4
      vertex 18.778 14.554 2.4
      vertex 18.882 14.388 2.4
    endloop
  endfacet
  facet normal 0 0 1
    outer loop
      vertex 18.273 14.777 2.4
      vertex 19.075 16.286 2.4
      vertex 18.544 16.514 2.4
    endloop
  endfacet
  facet normal 0 0 1
    outer loop
      vertex 19.552 16.011 2.4
      vertex 18.525 14.73 2.4
      vertex 18.778 14.554 2.4
    endloop
  endfacet
  facet normal 0 0 1
    outer loop
      vertex 19.075 16.286 2.4
      vertex 18.273 14.777 2.4
      vertex 18.525 14.73 2.4
    endloop
  endfacet
  facet normal 0 0 1
    outer loop
      vertex 18.544 16.514 2.4
      vertex 18.001 14.726 2.4
      vertex 18.273 14.777 2.4
    endloop
  endfacet
  facet normal 0 0 1
    outer loop
      vertex 17.8268 16.7042 2.4
      vertex 18.001 14.726 2.4
      vertex 18.544 16.514 2.4
    endloop
  endfacet
  facet normal 0 0 1
    outer loop
      vertex 17.8268 16.7042 2.4
      vertex 17.327 14.407 2.4
      vertex 18.001 14.726 2.4
    endloop
  endfacet
  facet normal 0 0 1
    outer loop
      vertex 17.8268 16.7042 2.4
      vertex 16.052 14.517 2.4
      vertex 17.327 14.407 2.4
    endloop
  endfacet
  facet normal -0 0 1
    outer loop
      vertex 14.398 16.7034 2.4
      vertex 16.052 14.517 2.4
      vertex 17.8268 16.7042 2.4
    endloop
  endfacet
  facet normal 0 0 1
    outer loop
      vertex 16.052 14.517 2.4
      vertex 14.398 16.7034 2.4
      vertex 15.592 14.516 2.4
    endloop
  endfacet
  facet normal 0 0 1
    outer loop
      vertex 15.592 14.516 2.4
      vertex 14.398 16.7034 2.4
      vertex 15.204 14.476 2.4
    endloop
  endfacet
  facet normal 0 0 1
    outer loop
      vertex 15.204 14.476 2.4
      vertex 14.398 16.7034 2.4
      vertex 14.566 14.336 2.4
    endloop
  endfacet
  facet normal -0 0 1
    outer loop
      vertex 13.593 16.597 2.4
      vertex 14.566 14.336 2.4
      vertex 14.398 16.7034 2.4
    endloop
  endfacet
  facet normal 0 0 1
    outer loop
      vertex 14.566 14.336 2.4
      vertex 13.593 16.597 2.4
      vertex 13.986 14.103 2.4
    endloop
  endfacet
  facet normal -0 0 1
    outer loop
      vertex 13.068 16.465 2.4
      vertex 13.986 14.103 2.4
      vertex 13.593 16.597 2.4
    endloop
  endfacet
  facet normal -0 0 1
    outer loop
      vertex 12.425 16.252 2.4
      vertex 13.986 14.103 2.4
      vertex 13.068 16.465 2.4
    endloop
  endfacet
  facet normal 0 0 1
    outer loop
      vertex 13.986 14.103 2.4
      vertex 12.425 16.252 2.4
      vertex 13.449 13.781 2.4
    endloop
  endfacet
  facet normal -0 0 1
    outer loop
      vertex 11.769 15.979 2.4
      vertex 13.449 13.781 2.4
      vertex 12.425 16.252 2.4
    endloop
  endfacet
  facet normal 0 0 1
    outer loop
      vertex 13.449 13.781 2.4
      vertex 11.769 15.979 2.4
      vertex 13.118 13.524 2.4
    endloop
  endfacet
  facet normal -0 0 1
    outer loop
      vertex 11.442 15.814 2.4
      vertex 13.118 13.524 2.4
      vertex 11.769 15.979 2.4
    endloop
  endfacet
  facet normal -0 0 1
    outer loop
      vertex 11.09 15.587 2.4
      vertex 13.118 13.524 2.4
      vertex 11.442 15.814 2.4
    endloop
  endfacet
  facet normal -0 0 1
    outer loop
      vertex 10.566 15.097 2.4
      vertex 13.118 13.524 2.4
      vertex 11.09 15.587 2.4
    endloop
  endfacet
  facet normal 0 0 1
    outer loop
      vertex 13.118 13.524 2.4
      vertex 10.566 15.097 2.4
      vertex 12.696 12.981 2.4
    endloop
  endfacet
  facet normal -0 0 1
    outer loop
      vertex 10.19 14.627 2.4
      vertex 12.696 12.981 2.4
      vertex 10.566 15.097 2.4
    endloop
  endfacet
  facet normal -0 0 1
    outer loop
      vertex 9.92399 14.233 2.4
      vertex 12.696 12.981 2.4
      vertex 10.19 14.627 2.4
    endloop
  endfacet
  facet normal 0 0 1
    outer loop
      vertex 12.696 12.981 2.4
      vertex 9.92399 14.233 2.4
      vertex 12.422 12.313 2.4
    endloop
  endfacet
  facet normal -0 0 1
    outer loop
      vertex 9.34499 13.121 2.4
      vertex 12.422 12.313 2.4
      vertex 9.92399 14.233 2.4
    endloop
  endfacet
  facet normal 0 0 1
    outer loop
      vertex 12.422 12.313 2.4
      vertex 9.34499 13.121 2.4
      vertex 12.344 11.868 2.4
    endloop
  endfacet
  facet normal 0 -0 1
    outer loop
      vertex 10.888 10.478 2.4
      vertex 12.344 11.868 2.4
      vertex 9.34499 13.121 2.4
    endloop
  endfacet
  facet normal 0 0 1
    outer loop
      vertex 12.344 11.868 2.4
      vertex 11.733 10.788 2.4
      vertex 12.321 11.273 2.4
    endloop
  endfacet
  facet normal 0 -0 1
    outer loop
      vertex 12.127 10.987 2.4
      vertex 12.321 11.273 2.4
      vertex 11.733 10.788 2.4
    endloop
  endfacet
  facet normal 0 0 1
    outer loop
      vertex 12.321 11.273 2.4
      vertex 12.127 10.987 2.4
      vertex 12.219 11.061 2.4
    endloop
  endfacet
  facet normal 0 0 1
    outer loop
      vertex 12.344 11.868 2.4
      vertex 10.888 10.478 2.4
      vertex 11.733 10.788 2.4
    endloop
  endfacet
  facet normal -0 0 1
    outer loop
      vertex 9.074 12.694 2.4
      vertex 10.888 10.478 2.4
      vertex 9.34499 13.121 2.4
    endloop
  endfacet
  facet normal 0 0 1
    outer loop
      vertex 10.888 10.478 2.4
      vertex 9.074 12.694 2.4
      vertex 10.41 10.375 2.4
    endloop
  endfacet
  facet normal 0 0 1
    outer loop
      vertex 10.41 10.375 2.4
      vertex 9.074 12.694 2.4
      vertex 10.039 10.335 2.4
    endloop
  endfacet
  facet normal -0 0 1
    outer loop
      vertex 8.686 12.195 2.4
      vertex 10.039 10.335 2.4
      vertex 9.074 12.694 2.4
    endloop
  endfacet
  facet normal 0 0 1
    outer loop
      vertex 10.039 10.335 2.4
      vertex 8.686 12.195 2.4
      vertex 8.811 10.301 2.4
    endloop
  endfacet
  facet normal -0 0 1
    outer loop
      vertex 8.462 11.974 2.4
      vertex 8.811 10.301 2.4
      vertex 8.686 12.195 2.4
    endloop
  endfacet
  facet normal -0 0 1
    outer loop
      vertex 8.126 11.713 2.4
      vertex 8.811 10.301 2.4
      vertex 8.462 11.974 2.4
    endloop
  endfacet
  facet normal -0 0 1
    outer loop
      vertex 7.796 11.524 2.4
      vertex 8.811 10.301 2.4
      vertex 8.126 11.713 2.4
    endloop
  endfacet
  facet normal -0 0 1
    outer loop
      vertex 7.326 11.378 2.4
      vertex 8.811 10.301 2.4
      vertex 7.796 11.524 2.4
    endloop
  endfacet
  facet normal 0 0 1
    outer loop
      vertex 7.326 11.378 2.4
      vertex 6.79999 10.51 2.4
      vertex 8.811 10.301 2.4
    endloop
  endfacet
  facet normal -0 0 1
    outer loop
      vertex 6.75899 11.295 2.4
      vertex 6.79999 10.51 2.4
      vertex 7.326 11.378 2.4
    endloop
  endfacet
  facet normal 0 0 1
    outer loop
      vertex 6.75899 11.295 2.4
      vertex 6.61799 10.583 2.4
      vertex 6.79999 10.51 2.4
    endloop
  endfacet
  facet normal -0 0 1
    outer loop
      vertex 6.55799 11.176 2.4
      vertex 6.61799 10.583 2.4
      vertex 6.75899 11.295 2.4
    endloop
  endfacet
  facet normal 0 0 1
    outer loop
      vertex 6.55799 11.176 2.4
      vertex 6.47799 10.77 2.4
      vertex 6.61799 10.583 2.4
    endloop
  endfacet
  facet normal 0 -0 1
    outer loop
      vertex 6.47799 10.77 2.4
      vertex 6.55799 11.176 2.4
      vertex 6.458 10.965 2.4
    endloop
  endfacet
  facet normal 0 0 1
    outer loop
      vertex 21.651 13.03 2.4
      vertex 21.641 12.573 2.4
      vertex 21.69 12.802 2.4
    endloop
  endfacet
  facet normal 0 0 1
    outer loop
      vertex 18.849 13.798 2.4
      vertex 21.641 12.573 2.4
      vertex 21.651 13.03 2.4
    endloop
  endfacet
  facet normal -0 0 1
    outer loop
      vertex 18.849 13.798 2.4
      vertex 21.651 13.03 2.4
      vertex 21.062 14.384 2.4
    endloop
  endfacet
  facet normal 0 0 1
    outer loop
      vertex 21.641 12.573 2.4
      vertex 18.849 13.798 2.4
      vertex 18.693 13.568 2.4
    endloop
  endfacet
  facet normal 0 0 1
    outer loop
      vertex 21.641 12.573 2.4
      vertex 18.693 13.568 2.4
      vertex 21.088 11.421 2.4
    endloop
  endfacet
  facet normal 0 0 1
    outer loop
      vertex 18.927 14.121 2.4
      vertex 21.062 14.384 2.4
      vertex 20.6 15.059 2.4
    endloop
  endfacet
  facet normal -0 0 1
    outer loop
      vertex 18.168 13.037 2.4
      vertex 21.088 11.421 2.4
      vertex 18.693 13.568 2.4
    endloop
  endfacet
  facet normal 0 0 1
    outer loop
      vertex 20.845 10.175 2.4
      vertex 20.509 5.578 2.4
      vertex 20.72 5.39299 2.4
    endloop
  endfacet
  facet normal 0 -0 1
    outer loop
      vertex 19.132 6.86599 2.4
      vertex 20.845 10.175 2.4
      vertex 18.78 7.40499 2.4
    endloop
  endfacet
  facet normal 0 0 1
    outer loop
      vertex 20.509 5.578 2.4
      vertex 19.132 6.86599 2.4
      vertex 20.228 5.69499 2.4
    endloop
  endfacet
  facet normal 0 0 1
    outer loop
      vertex 18.882 14.388 2.4
      vertex 20.6 15.059 2.4
      vertex 19.801 15.827 2.4
    endloop
  endfacet
  facet normal -0 0 1
    outer loop
      vertex 17.69 11.749 2.4
      vertex 21.088 11.421 2.4
      vertex 18.168 13.037 2.4
    endloop
  endfacet
  facet normal 0 0 1
    outer loop
      vertex 18.882 14.388 2.4
      vertex 19.801 15.827 2.4
      vertex 19.552 16.011 2.4
    endloop
  endfacet
  facet normal 0 0 1
    outer loop
      vertex 21.062 14.384 2.4
      vertex 18.927 14.121 2.4
      vertex 18.849 13.798 2.4
    endloop
  endfacet
  facet normal 0 0 1
    outer loop
      vertex 18.525 14.73 2.4
      vertex 19.552 16.011 2.4
      vertex 19.075 16.286 2.4
    endloop
  endfacet
  facet normal -0 -0 1
    outer loop
      vertex 19.675 5.86399 2.4
      vertex 20.228 5.69499 2.4
      vertex 19.132 6.86599 2.4
    endloop
  endfacet
  facet normal 0 0 1
    outer loop
      vertex 20.228 5.69499 2.4
      vertex 19.675 5.86399 2.4
      vertex 19.831 5.763 2.4
    endloop
  endfacet
  facet normal 0 0 1
    outer loop
      vertex 20.845 10.175 2.4
      vertex 19.132 6.86599 2.4
      vertex 20.509 5.578 2.4
    endloop
  endfacet
  facet normal 0 0 1
    outer loop
      vertex 21.088 11.421 2.4
      vertex 17.69 11.749 2.4
      vertex 20.954 10.97 2.4
    endloop
  endfacet
  facet normal -0 0 1
    outer loop
      vertex 17.36 11.156 2.4
      vertex 20.845 10.175 2.4
      vertex 17.69 11.749 2.4
    endloop
  endfacet
  facet normal 0 0 1
    outer loop
      vertex 20.954 10.97 2.4
      vertex 17.69 11.749 2.4
      vertex 20.845 10.175 2.4
    endloop
  endfacet
  facet normal 0 0 1
    outer loop
      vertex 20.845 10.175 2.4
      vertex 18.505 7.679 2.4
      vertex 18.78 7.40499 2.4
    endloop
  endfacet
  facet normal 0 -0 1
    outer loop
      vertex 17.964 8.04599 2.4
      vertex 20.845 10.175 2.4
      vertex 17.36 11.156 2.4
    endloop
  endfacet
  facet normal 0 0 1
    outer loop
      vertex 20.845 10.175 2.4
      vertex 17.964 8.04599 2.4
      vertex 18.505 7.679 2.4
    endloop
  endfacet
  facet normal -0 0 1
    outer loop
      vertex 17.082 10.794 2.4
      vertex 17.964 8.04599 2.4
      vertex 17.36 11.156 2.4
    endloop
  endfacet
  facet normal -0 0 1
    outer loop
      vertex 16.408 10.16 2.4
      vertex 17.964 8.04599 2.4
      vertex 17.082 10.794 2.4
    endloop
  endfacet
  facet normal 0 0 1
    outer loop
      vertex 17.964 8.04599 2.4
      vertex 16.408 10.16 2.4
      vertex 16.436 8.65499 2.4
    endloop
  endfacet
  facet normal -0 0 1
    outer loop
      vertex 16.048 9.90599 2.4
      vertex 16.436 8.65499 2.4
      vertex 16.408 10.16 2.4
    endloop
  endfacet
  facet normal 0 0 1
    outer loop
      vertex 16.436 8.65499 2.4
      vertex 16.048 9.90599 2.4
      vertex 16.086 8.731 2.4
    endloop
  endfacet
  facet normal -0 0 1
    outer loop
      vertex 15.823 9.79299 2.4
      vertex 16.086 8.731 2.4
      vertex 16.048 9.90599 2.4
    endloop
  endfacet
  facet normal 0 0 1
    outer loop
      vertex 15.823 9.79299 2.4
      vertex 15.68 8.77099 2.4
      vertex 16.086 8.731 2.4
    endloop
  endfacet
  facet normal -0 0 1
    outer loop
      vertex 15.482 9.68199 2.4
      vertex 15.68 8.77099 2.4
      vertex 15.823 9.79299 2.4
    endloop
  endfacet
  facet normal 0 0 1
    outer loop
      vertex 15.482 9.68199 2.4
      vertex 15.256 8.69699 2.4
      vertex 15.68 8.77099 2.4
    endloop
  endfacet
  facet normal -0 0 1
    outer loop
      vertex 15.046 9.606 2.4
      vertex 15.256 8.69699 2.4
      vertex 15.482 9.68199 2.4
    endloop
  endfacet
  facet normal 0 0 1
    outer loop
      vertex 15.046 9.606 2.4
      vertex 14.895 8.578 2.4
      vertex 15.256 8.69699 2.4
    endloop
  endfacet
  facet normal -0 0 1
    outer loop
      vertex 14.465 9.604 2.4
      vertex 14.895 8.578 2.4
      vertex 15.046 9.606 2.4
    endloop
  endfacet
  facet normal 0 0 1
    outer loop
      vertex 14.895 8.578 2.4
      vertex 14.465 9.604 2.4
      vertex 14.511 8.38699 2.4
    endloop
  endfacet
  facet normal 0 0 1
    outer loop
      vertex 14.465 9.604 2.4
      vertex 14.02 8.07499 2.4
      vertex 14.511 8.38699 2.4
    endloop
  endfacet
  facet normal 0 0 1
    outer loop
      vertex 13.752 8.041 2.4
      vertex 14.02 8.07499 2.4
      vertex 14.465 9.604 2.4
    endloop
  endfacet
  facet normal 0 0 1
    outer loop
      vertex 14.02 8.07499 2.4
      vertex 13.752 8.041 2.4
      vertex 13.869 8.03298 2.4
    endloop
  endfacet
  facet normal 0 0 1
    outer loop
      vertex 13.235 9.79599 2.4
      vertex 13.752 8.041 2.4
      vertex 14.465 9.604 2.4
    endloop
  endfacet
  facet normal -0 0 1
    outer loop
      vertex 12.956 9.78099 2.4
      vertex 13.752 8.041 2.4
      vertex 13.235 9.79599 2.4
    endloop
  endfacet
  facet normal 0 0 1
    outer loop
      vertex 12.114 8.716 2.4
      vertex 12.956 9.78099 2.4
      vertex 12.13 9.38699 2.4
    endloop
  endfacet
  facet normal 0 0 1
    outer loop
      vertex 12.956 9.78099 2.4
      vertex 12.114 8.716 2.4
      vertex 13.752 8.041 2.4
    endloop
  endfacet
  facet normal -0 0 1
    outer loop
      vertex 12.014 9.27899 2.4
      vertex 12.114 8.716 2.4
      vertex 12.13 9.38699 2.4
    endloop
  endfacet
  facet normal 0 0 1
    outer loop
      vertex 12.014 9.27899 2.4
      vertex 11.967 8.89999 2.4
      vertex 12.114 8.716 2.4
    endloop
  endfacet
  facet normal -0 0 1
    outer loop
      vertex 11.96 9.173 2.4
      vertex 11.967 8.89999 2.4
      vertex 12.014 9.27899 2.4
    endloop
  endfacet
  facet normal 0 0 1
    outer loop
      vertex 11.967 8.89999 2.4
      vertex 11.96 9.173 2.4
      vertex 11.939 9.05599 2.4
    endloop
  endfacet
  facet normal 0 0 1
    outer loop
      vertex 23.937 5.457 2.4
      vertex 20.846 5.12599 2.4
      vertex 20.852 4.895 2.4
    endloop
  endfacet
  facet normal 0 0 1
    outer loop
      vertex 20.72 5.39299 2.4
      vertex 20.883 9.69099 2.4
      vertex 20.845 10.175 2.4
    endloop
  endfacet
  facet normal 0 0 1
    outer loop
      vertex 20.987 9.188 2.4
      vertex 20.72 5.39299 2.4
      vertex 20.846 5.12599 2.4
    endloop
  endfacet
  facet normal 0 0 1
    outer loop
      vertex 25.808 7.537 2.4
      vertex 25.418 6.48399 2.4
      vertex 25.459 5.914 2.4
    endloop
  endfacet
  facet normal 0 0 1
    outer loop
      vertex 40.484 14.878 2.4
      vertex 38.507 14.342 2.4
      vertex 38.534 13.882 2.4
    endloop
  endfacet
  facet normal 0 0 1
    outer loop
      vertex 39.911 16.181 2.4
      vertex 38.343 14.664 2.4
      vertex 38.507 14.342 2.4
    endloop
  endfacet
  facet normal 0 0 1
    outer loop
      vertex 39.911 16.181 2.4
      vertex 37.955 15.109 2.4
      vertex 38.343 14.664 2.4
    endloop
  endfacet
  facet normal 0 0 1
    outer loop
      vertex 39.911 16.181 2.4
      vertex 37.784 15.519 2.4
      vertex 37.955 15.109 2.4
    endloop
  endfacet
  facet normal 0 0 1
    outer loop
      vertex 37.955 15.109 2.4
      vertex 37.784 15.519 2.4
      vertex 37.857 15.289 2.4
    endloop
  endfacet
  facet normal 0 0 1
    outer loop
      vertex 39.911 16.181 2.4
      vertex 37.6056 16.7051 2.4
      vertex 37.784 15.519 2.4
    endloop
  endfacet
  facet normal 0 0 1
    outer loop
      vertex 88.2372 16.7056 2.4
      vertex 45.136 13.76 2.4
      vertex 45.201 13.401 2.4
    endloop
  endfacet
  facet normal 0 0 1
    outer loop
      vertex 88.2372 16.7056 2.4
      vertex 44.887 15.353 2.4
      vertex 45.136 13.76 2.4
    endloop
  endfacet
  facet normal 0 0 1
    outer loop
      vertex 88.2372 16.7056 2.4
      vertex 44.804 16.117 2.4
      vertex 44.887 15.353 2.4
    endloop
  endfacet
  facet normal 0 -0 1
    outer loop
      vertex 44.804 16.117 2.4
      vertex 88.2372 16.7056 2.4
      vertex 44.6275 16.7052 2.4
    endloop
  endfacet
  facet normal 0 0 1
    outer loop
      vertex 120.344 16.7026 2.4
      vertex 123.57 13.4764 2.4
      vertex 123.54 13.9201 2.4
    endloop
  endfacet
  facet normal 0 0 1
    outer loop
      vertex 123.57 13.4764 2.4
      vertex 106.353 16.7056 2.4
      vertex 123.57 -13.479 2.4
    endloop
  endfacet
  facet normal 0 0 1
    outer loop
      vertex 120.344 16.7026 2.4
      vertex 123.54 13.9201 2.4
      vertex 123.459 14.3304 2.4
    endloop
  endfacet
  facet normal 0 -0 1
    outer loop
      vertex 120.343 -16.7052 2.4
      vertex 123.57 -13.479 2.4
      vertex 106.353 16.7056 2.4
    endloop
  endfacet
  facet normal 0 0 1
    outer loop
      vertex 120.344 16.7026 2.4
      vertex 123.459 14.3304 2.4
      vertex 123.324 14.7266 2.4
    endloop
  endfacet
  facet normal 0 0 1
    outer loop
      vertex 123.57 -13.479 2.4
      vertex 120.343 -16.7052 2.4
      vertex 123.54 -13.9227 2.4
    endloop
  endfacet
  facet normal 0 0 1
    outer loop
      vertex 120.344 16.7026 2.4
      vertex 123.324 14.7266 2.4
      vertex 123.139 15.1018 2.4
    endloop
  endfacet
  facet normal 0 0 1
    outer loop
      vertex 123.54 -13.9227 2.4
      vertex 120.343 -16.7052 2.4
      vertex 123.459 -14.333 2.4
    endloop
  endfacet
  facet normal 0 0 1
    outer loop
      vertex 120.344 16.7026 2.4
      vertex 123.139 15.1018 2.4
      vertex 122.907 15.4496 2.4
    endloop
  endfacet
  facet normal 0 0 1
    outer loop
      vertex 123.57 13.4764 2.4
      vertex 120.344 16.7026 2.4
      vertex 106.353 16.7056 2.4
    endloop
  endfacet
  facet normal 0 0 1
    outer loop
      vertex 120.344 16.7026 2.4
      vertex 122.907 15.4496 2.4
      vertex 122.631 15.7642 2.4
    endloop
  endfacet
  facet normal 0 0 1
    outer loop
      vertex 123.459 -14.333 2.4
      vertex 120.343 -16.7052 2.4
      vertex 123.324 -14.7292 2.4
    endloop
  endfacet
  facet normal 0 0 1
    outer loop
      vertex 120.344 16.7026 2.4
      vertex 122.631 15.7642 2.4
      vertex 122.317 16.04 2.4
    endloop
  endfacet
  facet normal 0 0 1
    outer loop
      vertex 123.139 -15.1044 2.4
      vertex 120.343 -16.7052 2.4
      vertex 122.907 -15.4522 2.4
    endloop
  endfacet
  facet normal 0 0 1
    outer loop
      vertex 120.344 16.7026 2.4
      vertex 122.317 16.04 2.4
      vertex 121.969 16.2724 2.4
    endloop
  endfacet
  facet normal 0 0 1
    outer loop
      vertex 122.907 -15.4522 2.4
      vertex 120.343 -16.7052 2.4
      vertex 122.631 -15.7667 2.4
    endloop
  endfacet
  facet normal 0 0 1
    outer loop
      vertex 120.344 16.7026 2.4
      vertex 121.969 16.2724 2.4
      vertex 121.593 16.4574 2.4
    endloop
  endfacet
  facet normal 0 0 1
    outer loop
      vertex 122.631 -15.7667 2.4
      vertex 120.343 -16.7052 2.4
      vertex 122.317 -16.0426 2.4
    endloop
  endfacet
  facet normal 0 0 1
    outer loop
      vertex 120.344 16.7026 2.4
      vertex 121.593 16.4574 2.4
      vertex 121.197 16.5919 2.4
    endloop
  endfacet
  facet normal 0 0 1
    outer loop
      vertex 122.317 -16.0426 2.4
      vertex 120.343 -16.7052 2.4
      vertex 121.969 -16.275 2.4
    endloop
  endfacet
  facet normal 0 0 1
    outer loop
      vertex 121.593 -16.46 2.4
      vertex 120.343 -16.7052 2.4
      vertex 121.197 -16.5945 2.4
    endloop
  endfacet
  facet normal 0 0 1
    outer loop
      vertex 120.344 16.7026 2.4
      vertex 121.197 16.5919 2.4
      vertex 120.787 16.6736 2.4
    endloop
  endfacet
  facet normal 0 0 1
    outer loop
      vertex 121.969 -16.275 2.4
      vertex 120.343 -16.7052 2.4
      vertex 121.593 -16.46 2.4
    endloop
  endfacet
  facet normal 0 0 1
    outer loop
      vertex 121.197 -16.5945 2.4
      vertex 120.343 -16.7052 2.4
      vertex 120.787 -16.6761 2.4
    endloop
  endfacet
  facet normal 0 0 1
    outer loop
      vertex 123.324 -14.7292 2.4
      vertex 120.343 -16.7052 2.4
      vertex 123.139 -15.1044 2.4
    endloop
  endfacet
  facet normal -0 0 1
    outer loop
      vertex 88.2372 16.7056 2.4
      vertex 120.343 -16.7052 2.4
      vertex 106.353 16.7056 2.4
    endloop
  endfacet
  facet normal 0 0 1
    outer loop
      vertex 45.157 13.16 2.4
      vertex 88.2372 16.7056 2.4
      vertex 45.201 13.401 2.4
    endloop
  endfacet
  facet normal 0 0 1
    outer loop
      vertex 45.027 12.937 2.4
      vertex 88.2372 16.7056 2.4
      vertex 45.157 13.16 2.4
    endloop
  endfacet
  facet normal 0 0 1
    outer loop
      vertex 36.3052 -16.7052 2.4
      vertex 88.2372 16.7056 2.4
      vertex 45.027 12.937 2.4
    endloop
  endfacet
  facet normal 0 0 1
    outer loop
      vertex 36.3052 -16.7052 2.4
      vertex 45.027 12.937 2.4
      vertex 44.821 12.783 2.4
    endloop
  endfacet
  facet normal 0 0 1
    outer loop
      vertex 36.3052 -16.7052 2.4
      vertex 44.821 12.783 2.4
      vertex 44.571 12.724 2.4
    endloop
  endfacet
  facet normal 0 0 1
    outer loop
      vertex 36.3052 -16.7052 2.4
      vertex 44.571 12.724 2.4
      vertex 44.323 12.754 2.4
    endloop
  endfacet
  facet normal 0 0 1
    outer loop
      vertex 43.63 13.376 2.4
      vertex 44.041 12.897 2.4
      vertex 43.729 13.3 2.4
    endloop
  endfacet
  facet normal 0 0 1
    outer loop
      vertex 42.268 13.8 2.4
      vertex 44.041 12.897 2.4
      vertex 43.63 13.376 2.4
    endloop
  endfacet
  facet normal 0 0 1
    outer loop
      vertex 38.249 13.393 2.4
      vertex 42.268 13.8 2.4
      vertex 41.393 14.18 2.4
    endloop
  endfacet
  facet normal 0 0 1
    outer loop
      vertex 42.268 13.8 2.4
      vertex 38.249 13.393 2.4
      vertex 44.041 12.897 2.4
    endloop
  endfacet
  facet normal -0 0 1
    outer loop
      vertex 37.6056 16.7051 2.4
      vertex 39.911 16.181 2.4
      vertex 39.8901 16.7052 2.4
    endloop
  endfacet
  facet normal 0 0 1
    outer loop
      vertex 38.507 14.342 2.4
      vertex 39.978 15.816 2.4
      vertex 39.911 16.181 2.4
    endloop
  endfacet
  facet normal 0 0 1
    outer loop
      vertex 38.507 14.342 2.4
      vertex 40.079 15.516 2.4
      vertex 39.978 15.816 2.4
    endloop
  endfacet
  facet normal 0 0 1
    outer loop
      vertex 38.507 14.342 2.4
      vertex 40.294 15.124 2.4
      vertex 40.079 15.516 2.4
    endloop
  endfacet
  facet normal 0 0 1
    outer loop
      vertex 38.507 14.342 2.4
      vertex 40.484 14.878 2.4
      vertex 40.294 15.124 2.4
    endloop
  endfacet
  facet normal 0 0 1
    outer loop
      vertex 38.534 13.882 2.4
      vertex 40.832 14.536 2.4
      vertex 40.484 14.878 2.4
    endloop
  endfacet
  facet normal 0 0 1
    outer loop
      vertex 38.451 13.623 2.4
      vertex 40.832 14.536 2.4
      vertex 38.534 13.882 2.4
    endloop
  endfacet
  facet normal 0 0 1
    outer loop
      vertex 40.832 14.536 2.4
      vertex 38.451 13.623 2.4
      vertex 41.393 14.18 2.4
    endloop
  endfacet
  facet normal 0 0 1
    outer loop
      vertex 38.249 13.393 2.4
      vertex 41.393 14.18 2.4
      vertex 38.451 13.623 2.4
    endloop
  endfacet
  facet normal -0 0 1
    outer loop
      vertex 37.879 13.266 2.4
      vertex 44.041 12.897 2.4
      vertex 38.249 13.393 2.4
    endloop
  endfacet
  facet normal 0 0 1
    outer loop
      vertex 44.041 12.897 2.4
      vertex 37.879 13.266 2.4
      vertex 44.323 12.754 2.4
    endloop
  endfacet
  facet normal 0 0 1
    outer loop
      vertex 44.323 12.754 2.4
      vertex 37.879 13.266 2.4
      vertex 36.3052 -16.7052 2.4
    endloop
  endfacet
  facet normal 0 0 1
    outer loop
      vertex 25.413 5.59999 2.4
      vertex 37.879 13.266 2.4
      vertex 37.582 13.306 2.4
    endloop
  endfacet
  facet normal 0 0 1
    outer loop
      vertex 36.572 14.034 2.4
      vertex 37.244 13.484 2.4
      vertex 36.801 13.977 2.4
    endloop
  endfacet
  facet normal 0 0 1
    outer loop
      vertex 88.2372 16.7056 2.4
      vertex 36.3052 -16.7052 2.4
      vertex 120.343 -16.7052 2.4
    endloop
  endfacet
  facet normal 0 0 1
    outer loop
      vertex 35.291 13.92 2.4
      vertex 37.582 13.306 2.4
      vertex 37.244 13.484 2.4
    endloop
  endfacet
  facet normal -0 0 1
    outer loop
      vertex 35.291 13.92 2.4
      vertex 37.244 13.484 2.4
      vertex 36.572 14.034 2.4
    endloop
  endfacet
  facet normal 0 0 1
    outer loop
      vertex 34.528 13.962 2.4
      vertex 37.582 13.306 2.4
      vertex 35.291 13.92 2.4
    endloop
  endfacet
  facet normal 0 0 1
    outer loop
      vertex 37.582 13.306 2.4
      vertex 34.528 13.962 2.4
      vertex 25.808 7.537 2.4
    endloop
  endfacet
  facet normal 0 0 1
    outer loop
      vertex 26.152 8.96299 2.4
      vertex 34.528 13.962 2.4
      vertex 34.094 14.07 2.4
    endloop
  endfacet
  facet normal 0 0 1
    outer loop
      vertex 26.18 9.319 2.4
      vertex 34.094 14.07 2.4
      vertex 33.596 14.26 2.4
    endloop
  endfacet
  facet normal 0 0 1
    outer loop
      vertex 26.156 9.735 2.4
      vertex 33.596 14.26 2.4
      vertex 32.833 14.731 2.4
    endloop
  endfacet
  facet normal -0 0 1
    outer loop
      vertex 27.933 14.977 2.4
      vertex 32.833 14.731 2.4
      vertex 32.431 15.056 2.4
    endloop
  endfacet
  facet normal -0 0 1
    outer loop
      vertex 28.199 15.235 2.4
      vertex 32.431 15.056 2.4
      vertex 31.96 15.53 2.4
    endloop
  endfacet
  facet normal -0 0 1
    outer loop
      vertex 28.541 15.691 2.4
      vertex 31.96 15.53 2.4
      vertex 31.688 15.927 2.4
    endloop
  endfacet
  facet normal 0 0 1
    outer loop
      vertex 29.426 16.67 2.4
      vertex 31.688 15.927 2.4
      vertex 31.527 16.252 2.4
    endloop
  endfacet
  facet normal -0 0 1
    outer loop
      vertex 29.4592 16.7051 2.4
      vertex 31.527 16.252 2.4
      vertex 31.3885 16.7051 2.4
    endloop
  endfacet
  facet normal 0 0 1
    outer loop
      vertex 31.527 16.252 2.4
      vertex 29.4592 16.7051 2.4
      vertex 29.426 16.67 2.4
    endloop
  endfacet
  facet normal 0 0 1
    outer loop
      vertex 31.688 15.927 2.4
      vertex 29.426 16.67 2.4
      vertex 28.541 15.691 2.4
    endloop
  endfacet
  facet normal 0 0 1
    outer loop
      vertex 28.541 15.691 2.4
      vertex 29.426 16.67 2.4
      vertex 28.992 16.385 2.4
    endloop
  endfacet
  facet normal 0 0 1
    outer loop
      vertex 28.541 15.691 2.4
      vertex 28.992 16.385 2.4
      vertex 28.878 16.275 2.4
    endloop
  endfacet
  facet normal 0 0 1
    outer loop
      vertex 31.96 15.53 2.4
      vertex 28.541 15.691 2.4
      vertex 28.199 15.235 2.4
    endloop
  endfacet
  facet normal 0 0 1
    outer loop
      vertex 32.431 15.056 2.4
      vertex 28.199 15.235 2.4
      vertex 27.933 14.977 2.4
    endloop
  endfacet
  facet normal 0 0 1
    outer loop
      vertex 32.833 14.731 2.4
      vertex 27.933 14.977 2.4
      vertex 26.052 10.264 2.4
    endloop
  endfacet
  facet normal 0 0 1
    outer loop
      vertex 26.052 10.264 2.4
      vertex 27.933 14.977 2.4
      vertex 27.454 14.645 2.4
    endloop
  endfacet
  facet normal 0 0 1
    outer loop
      vertex 25.712 11.209 2.4
      vertex 27.454 14.645 2.4
      vertex 27.178 14.508 2.4
    endloop
  endfacet
  facet normal 0 0 1
    outer loop
      vertex 25.712 11.209 2.4
      vertex 27.178 14.508 2.4
      vertex 26.766 14.37 2.4
    endloop
  endfacet
  facet normal 0 0 1
    outer loop
      vertex 34.094 14.07 2.4
      vertex 26.18 9.319 2.4
      vertex 26.152 8.96299 2.4
    endloop
  endfacet
  facet normal 0 0 1
    outer loop
      vertex 34.528 13.962 2.4
      vertex 26.152 8.96299 2.4
      vertex 26.047 8.41899 2.4
    endloop
  endfacet
  facet normal 0 0 1
    outer loop
      vertex 33.596 14.26 2.4
      vertex 26.156 9.735 2.4
      vertex 26.18 9.319 2.4
    endloop
  endfacet
  facet normal 0 0 1
    outer loop
      vertex 32.833 14.731 2.4
      vertex 26.052 10.264 2.4
      vertex 26.156 9.735 2.4
    endloop
  endfacet
  facet normal 0 0 1
    outer loop
      vertex 25.234 11.982 2.4
      vertex 26.766 14.37 2.4
      vertex 25.884 14.22 2.4
    endloop
  endfacet
  facet normal 0 0 1
    outer loop
      vertex 27.454 14.645 2.4
      vertex 25.712 11.209 2.4
      vertex 26.052 10.264 2.4
    endloop
  endfacet
  facet normal 0 0 1
    outer loop
      vertex 26.766 14.37 2.4
      vertex 25.472 11.651 2.4
      vertex 25.712 11.209 2.4
    endloop
  endfacet
  facet normal 0 0 1
    outer loop
      vertex 26.766 14.37 2.4
      vertex 25.234 11.982 2.4
      vertex 25.472 11.651 2.4
    endloop
  endfacet
  facet normal 0 0 1
    outer loop
      vertex 24.946 12.269 2.4
      vertex 25.884 14.22 2.4
      vertex 25.122 14.219 2.4
    endloop
  endfacet
  facet normal 0 0 1
    outer loop
      vertex 25.884 14.22 2.4
      vertex 24.946 12.269 2.4
      vertex 25.234 11.982 2.4
    endloop
  endfacet
  facet normal 0 0 1
    outer loop
      vertex 24.366 12.683 2.4
      vertex 25.122 14.219 2.4
      vertex 24.869 14.259 2.4
    endloop
  endfacet
  facet normal 0 0 1
    outer loop
      vertex 25.122 14.219 2.4
      vertex 24.618 12.519 2.4
      vertex 24.946 12.269 2.4
    endloop
  endfacet
  facet normal 0 0 1
    outer loop
      vertex 25.122 14.219 2.4
      vertex 24.366 12.683 2.4
      vertex 24.618 12.519 2.4
    endloop
  endfacet
  facet normal 0 0 1
    outer loop
      vertex 24.357 14.402 2.4
      vertex 24.366 12.683 2.4
      vertex 24.869 14.259 2.4
    endloop
  endfacet
  facet normal 0 0 1
    outer loop
      vertex 23.581 13.081 2.4
      vertex 24.357 14.402 2.4
      vertex 24.003 14.574 2.4
    endloop
  endfacet
  facet normal 0 0 1
    outer loop
      vertex 24.357 14.402 2.4
      vertex 23.581 13.081 2.4
      vertex 24.366 12.683 2.4
    endloop
  endfacet
  facet normal 0 0 1
    outer loop
      vertex 22.905 13.795 2.4
      vertex 24.003 14.574 2.4
      vertex 23.519 14.909 2.4
    endloop
  endfacet
  facet normal 0 0 1
    outer loop
      vertex 24.003 14.574 2.4
      vertex 23.073 13.505 2.4
      vertex 23.581 13.081 2.4
    endloop
  endfacet
  facet normal 0 0 1
    outer loop
      vertex 22.449 14.836 2.4
      vertex 23.519 14.909 2.4
      vertex 22.985 15.356 2.4
    endloop
  endfacet
  facet normal 0 0 1
    outer loop
      vertex 24.003 14.574 2.4
      vertex 22.905 13.795 2.4
      vertex 23.073 13.505 2.4
    endloop
  endfacet
  facet normal 0 0 1
    outer loop
      vertex 22.449 14.836 2.4
      vertex 22.985 15.356 2.4
      vertex 22.825 15.387 2.4
    endloop
  endfacet
  facet normal 0 0 1
    outer loop
      vertex 22.449 14.836 2.4
      vertex 22.825 15.387 2.4
      vertex 22.671 15.359 2.4
    endloop
  endfacet
  facet normal 0 0 1
    outer loop
      vertex 22.449 14.836 2.4
      vertex 22.671 15.359 2.4
      vertex 22.539 15.273 2.4
    endloop
  endfacet
  facet normal 0 0 1
    outer loop
      vertex 22.449 14.836 2.4
      vertex 22.539 15.273 2.4
      vertex 22.451 15.144 2.4
    endloop
  endfacet
  facet normal 0 0 1
    outer loop
      vertex 23.519 14.909 2.4
      vertex 22.449 14.836 2.4
      vertex 22.905 13.795 2.4
    endloop
  endfacet
  facet normal 0 -0 1
    outer loop
      vertex 22.449 14.836 2.4
      vertex 22.451 15.144 2.4
      vertex 22.419 14.99 2.4
    endloop
  endfacet
  facet normal 0 0 1
    outer loop
      vertex 44.887 15.353 2.4
      vertex 44.852 14.284 2.4
      vertex 45.136 13.76 2.4
    endloop
  endfacet
  facet normal 0 -0 1
    outer loop
      vertex 44.852 14.284 2.4
      vertex 44.887 15.353 2.4
      vertex 44.802 14.475 2.4
    endloop
  endfacet
  facet normal 0 0 1
    outer loop
      vertex 34.528 13.962 2.4
      vertex 26.047 8.41899 2.4
      vertex 25.808 7.537 2.4
    endloop
  endfacet
  facet normal 0 0 1
    outer loop
      vertex 37.879 13.266 2.4
      vertex 25.413 5.59999 2.4
      vertex 25.331 5.386 2.4
    endloop
  endfacet
  facet normal 0 0 1
    outer loop
      vertex 37.582 13.306 2.4
      vertex 25.808 7.537 2.4
      vertex 25.459 5.914 2.4
    endloop
  endfacet
  facet normal 0 0 1
    outer loop
      vertex 37.582 13.306 2.4
      vertex 25.459 5.914 2.4
      vertex 25.413 5.59999 2.4
    endloop
  endfacet
  facet normal 0 0 1
    outer loop
      vertex 37.879 13.266 2.4
      vertex 25.331 5.386 2.4
      vertex 36.3052 -16.7052 2.4
    endloop
  endfacet
  facet normal -0 0 1
    outer loop
      vertex 25.16 5.19099 2.4
      vertex 36.3052 -16.7052 2.4
      vertex 25.331 5.386 2.4
    endloop
  endfacet
  facet normal -0 0 1
    outer loop
      vertex 25.004 5.08599 2.4
      vertex 36.3052 -16.7052 2.4
      vertex 25.16 5.19099 2.4
    endloop
  endfacet
  facet normal 0 0 1
    outer loop
      vertex 36.3052 -16.7052 2.4
      vertex 25.004 5.08599 2.4
      vertex 26.5493 -16.7051 2.4
    endloop
  endfacet
  facet normal -0 0 1
    outer loop
      vertex 24.787 5.01799 2.4
      vertex 26.5493 -16.7051 2.4
      vertex 25.004 5.08599 2.4
    endloop
  endfacet
  facet normal 0 0 1
    outer loop
      vertex 14.808 -0.370014 2.4
      vertex 24.787 5.01799 2.4
      vertex 24.442 5.03298 2.4
    endloop
  endfacet
  facet normal 0 0 1
    outer loop
      vertex 20.586 4.47799 2.4
      vertex 24.442 5.03298 2.4
      vertex 24.174 5.18199 2.4
    endloop
  endfacet
  facet normal 0 0 1
    outer loop
      vertex 20.771 4.677 2.4
      vertex 24.174 5.18199 2.4
      vertex 23.937 5.457 2.4
    endloop
  endfacet
  facet normal 0 0 1
    outer loop
      vertex 23.649 6.12399 2.4
      vertex 23.937 5.457 2.4
      vertex 23.751 5.97698 2.4
    endloop
  endfacet
  facet normal 0 0 1
    outer loop
      vertex 20.846 5.12599 2.4
      vertex 23.937 5.457 2.4
      vertex 23.649 6.12399 2.4
    endloop
  endfacet
  facet normal 0 0 1
    outer loop
      vertex 20.846 5.12599 2.4
      vertex 23.649 6.12399 2.4
      vertex 22.395 6.99499 2.4
    endloop
  endfacet
  facet normal 0 0 1
    outer loop
      vertex 20.846 5.12599 2.4
      vertex 22.395 6.99499 2.4
      vertex 21.938 7.41699 2.4
    endloop
  endfacet
  facet normal 0 0 1
    outer loop
      vertex 20.846 5.12599 2.4
      vertex 21.938 7.41699 2.4
      vertex 21.706 7.69899 2.4
    endloop
  endfacet
  facet normal 0 0 1
    outer loop
      vertex 20.846 5.12599 2.4
      vertex 21.706 7.69899 2.4
      vertex 21.4 8.17599 2.4
    endloop
  endfacet
  facet normal 0 0 1
    outer loop
      vertex 23.937 5.457 2.4
      vertex 20.852 4.895 2.4
      vertex 20.771 4.677 2.4
    endloop
  endfacet
  facet normal 0 0 1
    outer loop
      vertex 20.846 5.12599 2.4
      vertex 21.4 8.17599 2.4
      vertex 21.1 8.845 2.4
    endloop
  endfacet
  facet normal 0 0 1
    outer loop
      vertex 20.846 5.12599 2.4
      vertex 21.1 8.845 2.4
      vertex 20.987 9.188 2.4
    endloop
  endfacet
  facet normal 0 0 1
    outer loop
      vertex 20.72 5.39299 2.4
      vertex 20.987 9.188 2.4
      vertex 20.883 9.69099 2.4
    endloop
  endfacet
  facet normal 0 0 1
    outer loop
      vertex 24.174 5.18199 2.4
      vertex 20.771 4.677 2.4
      vertex 20.586 4.47799 2.4
    endloop
  endfacet
  facet normal 0 0 1
    outer loop
      vertex 24.442 5.03298 2.4
      vertex 20.586 4.47799 2.4
      vertex 20.369 4.36698 2.4
    endloop
  endfacet
  facet normal 0 0 1
    outer loop
      vertex 14.808 -0.370014 2.4
      vertex 24.442 5.03298 2.4
      vertex 20.369 4.36698 2.4
    endloop
  endfacet
  facet normal 0 0 1
    outer loop
      vertex 24.787 5.01799 2.4
      vertex 14.808 -0.370014 2.4
      vertex 26.5493 -16.7051 2.4
    endloop
  endfacet
  facet normal 0 0 1
    outer loop
      vertex 14.896 -0.0990028 2.4
      vertex 20.369 4.36698 2.4
      vertex 19.947 4.32499 2.4
    endloop
  endfacet
  facet normal 0 0 1
    outer loop
      vertex 19.427 4.43199 2.4
      vertex 19.947 4.32499 2.4
      vertex 19.552 4.43099 2.4
    endloop
  endfacet
  facet normal 0 0 1
    outer loop
      vertex 19.947 4.32499 2.4
      vertex 19.427 4.43199 2.4
      vertex 18.42 4.07199 2.4
    endloop
  endfacet
  facet normal 0 0 1
    outer loop
      vertex 19.947 4.32499 2.4
      vertex 18.42 4.07199 2.4
      vertex 14.896 -0.0990028 2.4
    endloop
  endfacet
  facet normal 0 0 1
    outer loop
      vertex 14.896 -0.0990028 2.4
      vertex 18.42 4.07199 2.4
      vertex 17.914 3.96499 2.4
    endloop
  endfacet
  facet normal 0 0 1
    outer loop
      vertex 14.896 -0.0990028 2.4
      vertex 17.914 3.96499 2.4
      vertex 17.469 3.925 2.4
    endloop
  endfacet
  facet normal 0 0 1
    outer loop
      vertex 15.031 2.453 2.4
      vertex 17.469 3.925 2.4
      vertex 16.703 3.99699 2.4
    endloop
  endfacet
  facet normal 0 0 1
    outer loop
      vertex 15.031 3.235 2.4
      vertex 16.703 3.99699 2.4
      vertex 15.717 4.19899 2.4
    endloop
  endfacet
  facet normal 0 0 1
    outer loop
      vertex 14.945 4.08799 2.4
      vertex 15.324 4.31599 2.4
      vertex 15.038 4.21299 2.4
    endloop
  endfacet
  facet normal 0 0 1
    outer loop
      vertex 15.038 4.21299 2.4
      vertex 15.324 4.31599 2.4
      vertex 15.171 4.29299 2.4
    endloop
  endfacet
  facet normal 0 0 1
    outer loop
      vertex 14.907 3.899 2.4
      vertex 15.324 4.31599 2.4
      vertex 14.945 4.08799 2.4
    endloop
  endfacet
  facet normal 0 0 1
    outer loop
      vertex 16.703 3.99699 2.4
      vertex 15.031 3.235 2.4
      vertex 15.031 2.453 2.4
    endloop
  endfacet
  facet normal 0 0 1
    outer loop
      vertex 14.886 1.55 2.4
      vertex 17.469 3.925 2.4
      vertex 15.031 2.453 2.4
    endloop
  endfacet
  facet normal 0 0 1
    outer loop
      vertex 20.369 4.36698 2.4
      vertex 14.896 -0.0990028 2.4
      vertex 14.808 -0.370014 2.4
    endloop
  endfacet
  facet normal 0 0 1
    outer loop
      vertex 26.5493 -16.7051 2.4
      vertex 14.808 -0.370014 2.4
      vertex 21.2633 -16.705 2.4
    endloop
  endfacet
  facet normal -0 0 1
    outer loop
      vertex 14.662 -0.542011 2.4
      vertex 21.2633 -16.705 2.4
      vertex 14.808 -0.370014 2.4
    endloop
  endfacet
  facet normal -0 0 1
    outer loop
      vertex 14.495 -0.627003 2.4
      vertex 21.2633 -16.705 2.4
      vertex 14.662 -0.542011 2.4
    endloop
  endfacet
  facet normal 0 0 1
    outer loop
      vertex 9.436 -12.074 2.4
      vertex 14.495 -0.627003 2.4
      vertex 14.14 -0.653004 2.4
    endloop
  endfacet
  facet normal 0 0 1
    outer loop
      vertex 9.436 -12.074 2.4
      vertex 14.14 -0.653004 2.4
      vertex 13.784 -0.57201 2.4
    endloop
  endfacet
  facet normal 0 0 1
    outer loop
      vertex 9.436 -12.074 2.4
      vertex 13.784 -0.57201 2.4
      vertex 13.512 -0.415012 2.4
    endloop
  endfacet
  facet normal 0 0 1
    outer loop
      vertex 11.597 0.949992 2.4
      vertex 13.512 -0.415012 2.4
      vertex 13.283 -0.153004 2.4
    endloop
  endfacet
  facet normal 0 0 1
    outer loop
      vertex 12.97 0.297999 2.4
      vertex 13.283 -0.153004 2.4
      vertex 13.053 0.215999 2.4
    endloop
  endfacet
  facet normal 0 0 1
    outer loop
      vertex 13.283 -0.153004 2.4
      vertex 12.97 0.297999 2.4
      vertex 11.597 0.949992 2.4
    endloop
  endfacet
  facet normal 0 0 1
    outer loop
      vertex 9.436 -12.074 2.4
      vertex 13.512 -0.415012 2.4
      vertex 11.597 0.949992 2.4
    endloop
  endfacet
  facet normal 0 0 1
    outer loop
      vertex 9.436 -12.074 2.4
      vertex 11.597 0.949992 2.4
      vertex 11.215 1.19099 2.4
    endloop
  endfacet
  facet normal 0 0 1
    outer loop
      vertex 9.436 -12.074 2.4
      vertex 11.215 1.19099 2.4
      vertex 10.827 1.524 2.4
    endloop
  endfacet
  facet normal 0 0 1
    outer loop
      vertex 9.436 -12.074 2.4
      vertex 10.827 1.524 2.4
      vertex 10.517 1.942 2.4
    endloop
  endfacet
  facet normal -0 0 1
    outer loop
      vertex 8.29499 5.315 2.4
      vertex 10.361 4.70899 2.4
      vertex 8.35499 5.56399 2.4
    endloop
  endfacet
  facet normal 0 0 1
    outer loop
      vertex 9.84099 7.403 2.4
      vertex 10.109 7.207 2.4
      vertex 10.009 7.315 2.4
    endloop
  endfacet
  facet normal 0 0 1
    outer loop
      vertex 10.361 4.70899 2.4
      vertex 8.29499 5.315 2.4
      vertex 10.227 4.164 2.4
    endloop
  endfacet
  facet normal -0 0 1
    outer loop
      vertex 8.104 5.00099 2.4
      vertex 10.227 4.164 2.4
      vertex 8.29499 5.315 2.4
    endloop
  endfacet
  facet normal 0 0 1
    outer loop
      vertex 9.436 -12.074 2.4
      vertex 10.23 2.67099 2.4
      vertex 10.152 3.18099 2.4
    endloop
  endfacet
  facet normal 0 0 1
    outer loop
      vertex 9.436 -12.074 2.4
      vertex 10.307 2.39999 2.4
      vertex 10.23 2.67099 2.4
    endloop
  endfacet
  facet normal 0 0 1
    outer loop
      vertex 9.436 -12.074 2.4
      vertex 10.517 1.942 2.4
      vertex 10.307 2.39999 2.4
    endloop
  endfacet
  facet normal -0 0 1
    outer loop
      vertex 9.436 -12.074 2.4
      vertex 21.2633 -16.705 2.4
      vertex 14.495 -0.627003 2.4
    endloop
  endfacet
  facet normal -0 0 1
    outer loop
      vertex 9.49399 -12.662 2.4
      vertex 21.2633 -16.705 2.4
      vertex 9.52399 -12.309 2.4
    endloop
  endfacet
  facet normal -0 0 1
    outer loop
      vertex 9.41799 -12.818 2.4
      vertex 21.2633 -16.705 2.4
      vertex 9.49399 -12.662 2.4
    endloop
  endfacet
  facet normal -0 0 1
    outer loop
      vertex 9.281 -12.969 2.4
      vertex 21.2633 -16.705 2.4
      vertex 9.41799 -12.818 2.4
    endloop
  endfacet
  facet normal -0 0 1
    outer loop
      vertex 8.958 -13.117 2.4
      vertex 21.2633 -16.705 2.4
      vertex 9.281 -12.969 2.4
    endloop
  endfacet
  facet normal 0 0 1
    outer loop
      vertex 8.958 -13.117 2.4
      vertex 4.02533 -16.7009 2.4
      vertex 21.2633 -16.705 2.4
    endloop
  endfacet
  facet normal -0 0 1
    outer loop
      vertex 0.800003 -13.1287 2.4
      vertex 4.02533 -16.7009 2.4
      vertex 8.958 -13.117 2.4
    endloop
  endfacet
  facet normal -0 0 1
    outer loop
      vertex 0.800003 -13.4747 2.4
      vertex 4.02533 -16.7009 2.4
      vertex 0.800003 -13.1287 2.4
    endloop
  endfacet
  facet normal 0 0 1
    outer loop
      vertex 4.02533 -16.7009 2.4
      vertex 0.800003 -13.4747 2.4
      vertex 3.58263 -16.6719 2.4
    endloop
  endfacet
  facet normal 0 0 1
    outer loop
      vertex 3.58263 -16.6719 2.4
      vertex 0.800003 -13.4747 2.4
      vertex 3.1722 -16.5902 2.4
    endloop
  endfacet
  facet normal 0 0 1
    outer loop
      vertex 3.1722 -16.5902 2.4
      vertex 0.800003 -13.4747 2.4
      vertex 2.77605 -16.4558 2.4
    endloop
  endfacet
  facet normal 0 0 1
    outer loop
      vertex 2.77605 -16.4558 2.4
      vertex 0.800003 -13.4747 2.4
      vertex 2.40083 -16.2707 2.4
    endloop
  endfacet
  facet normal 0 0 1
    outer loop
      vertex 2.40083 -16.2707 2.4
      vertex 0.800003 -13.4747 2.4
      vertex 2.05299 -16.0383 2.4
    endloop
  endfacet
  facet normal 0 0 1
    outer loop
      vertex 2.05299 -16.0383 2.4
      vertex 0.800003 -13.4747 2.4
      vertex 1.73846 -15.7625 2.4
    endloop
  endfacet
  facet normal 0 0 1
    outer loop
      vertex 1.46263 -15.448 2.4
      vertex 0.800003 -13.4747 2.4
      vertex 1.23022 -15.1001 2.4
    endloop
  endfacet
  facet normal 0 0 1
    outer loop
      vertex 1.23022 -15.1001 2.4
      vertex 0.800003 -13.4747 2.4
      vertex 1.04518 -14.7249 2.4
    endloop
  endfacet
  facet normal 0 0 1
    outer loop
      vertex 1.04518 -14.7249 2.4
      vertex 0.800003 -13.4747 2.4
      vertex 0.910706 -14.3288 2.4
    endloop
  endfacet
  facet normal 0 0 1
    outer loop
      vertex 1.73846 -15.7625 2.4
      vertex 0.800003 -13.4747 2.4
      vertex 1.46263 -15.448 2.4
    endloop
  endfacet
  facet normal 0 0 1
    outer loop
      vertex 0.910706 -14.3288 2.4
      vertex 0.800003 -13.4747 2.4
      vertex 0.829086 -13.9184 2.4
    endloop
  endfacet
  facet normal 0 0 1
    outer loop
      vertex 0.800003 2.31361 2.4
      vertex 2.277 0.699992 2.4
      vertex 2.12 1.61299 2.4
    endloop
  endfacet
  facet normal 0 0 1
    outer loop
      vertex 2.536 3.22299 2.4
      vertex 1.14101 3.77 2.4
      vertex 2.297 2.73699 2.4
    endloop
  endfacet
  facet normal 0 0 1
    outer loop
      vertex 0.861014 2.72399 2.4
      vertex 2.297 2.73699 2.4
      vertex 1.14101 3.77 2.4
    endloop
  endfacet
  facet normal 0 0 1
    outer loop
      vertex 2.297 2.73699 2.4
      vertex 0.861014 2.72399 2.4
      vertex 2.16601 2.30999 2.4
    endloop
  endfacet
  facet normal -0 0 1
    outer loop
      vertex 0.800003 2.31361 2.4
      vertex 2.16601 2.30999 2.4
      vertex 0.861014 2.72399 2.4
    endloop
  endfacet
  facet normal 0 0 1
    outer loop
      vertex 2.16601 2.30999 2.4
      vertex 0.800003 2.31361 2.4
      vertex 2.11301 1.929 2.4
    endloop
  endfacet
  facet normal 0 0 1
    outer loop
      vertex 2.11301 1.929 2.4
      vertex 0.800003 2.31361 2.4
      vertex 2.12 1.61299 2.4
    endloop
  endfacet
  facet normal 0 0 1
    outer loop
      vertex 0.800003 -0.524975 2.4
      vertex 2.277 0.699992 2.4
      vertex 0.800003 2.31361 2.4
    endloop
  endfacet
  facet normal 0 0 1
    outer loop
      vertex 2.24201 0.504985 2.4
      vertex 0.800003 -0.524975 2.4
      vertex 1.35001 -0.546009 2.4
    endloop
  endfacet
  facet normal 0 0 1
    outer loop
      vertex 1.35001 -0.546009 2.4
      vertex 0.800003 -0.524975 2.4
      vertex 1.213 -0.625004 2.4
    endloop
  endfacet
  facet normal 0 0 1
    outer loop
      vertex 2.277 0.699992 2.4
      vertex 0.800003 -0.524975 2.4
      vertex 2.24201 0.504985 2.4
    endloop
  endfacet
  facet normal 0 0 1
    outer loop
      vertex 1.213 -0.625004 2.4
      vertex 0.800003 -0.524975 2.4
      vertex 1.05601 -0.645008 2.4
    endloop
  endfacet
  facet normal 0 0 1
    outer loop
      vertex 1.05601 -0.645008 2.4
      vertex 0.800003 -0.524975 2.4
      vertex 0.940009 -0.619007 2.4
    endloop
  endfacet
  facet normal 0 0 1
    outer loop
      vertex 0.940009 -0.619007 2.4
      vertex 0.800003 -0.524975 2.4
      vertex 0.807014 -0.534 2.4
    endloop
  endfacet
  facet normal -0 0 1
    outer loop
      vertex 4.02547 16.7009 2.4
      vertex 5.88399 16.285 2.4
      vertex 6.43447 16.7015 2.4
    endloop
  endfacet
  facet normal 0 0 1
    outer loop
      vertex 4.02547 16.7009 2.4
      vertex 5.266 15.77 2.4
      vertex 5.88399 16.285 2.4
    endloop
  endfacet
  facet normal -0 0 1
    outer loop
      vertex 3.25201 15.81 2.4
      vertex 5.266 15.77 2.4
      vertex 4.02547 16.7009 2.4
    endloop
  endfacet
  facet normal 0 0 1
    outer loop
      vertex 3.25201 15.81 2.4
      vertex 4.02547 16.7009 2.4
      vertex 3.58174 16.6717 2.4
    endloop
  endfacet
  facet normal 0 0 1
    outer loop
      vertex 3.25201 15.81 2.4
      vertex 3.58174 16.6717 2.4
      vertex 3.51553 16.6586 2.4
    endloop
  endfacet
  facet normal 0 0 1
    outer loop
      vertex 5.266 15.77 2.4
      vertex 3.25201 15.81 2.4
      vertex 3.64101 14.284 2.4
    endloop
  endfacet
  facet normal -0 0 1
    outer loop
      vertex 3.004 14.649 2.4
      vertex 3.64101 14.284 2.4
      vertex 3.25201 15.81 2.4
    endloop
  endfacet
  facet normal 0 0 1
    outer loop
      vertex 3.64101 14.284 2.4
      vertex 3.004 14.649 2.4
      vertex 3.426 14.204 2.4
    endloop
  endfacet
  facet normal 0 0 1
    outer loop
      vertex 3.426 14.204 2.4
      vertex 3.004 14.649 2.4
      vertex 3.273 14.225 2.4
    endloop
  endfacet
  facet normal 0 0 1
    outer loop
      vertex 3.273 14.225 2.4
      vertex 3.004 14.649 2.4
      vertex 3.11101 14.328 2.4
    endloop
  endfacet
  facet normal 0 0 1
    outer loop
      vertex 3.11101 14.328 2.4
      vertex 3.004 14.649 2.4
      vertex 3.02801 14.459 2.4
    endloop
  endfacet
  facet normal -0.0698929 -0.104611 0.992054
    outer loop
      vertex 2.40083 -16.2707 2.4
      vertex 2.05299 -16.0383 2.4
      vertex 2.29706 -16.4504 2.37374
    endloop
  endfacet
  facet normal -0.457672 -0.401353 0.79338
    outer loop
      vertex 1.14467 -15.692 2.29382
      vertex 1.01286 -15.793 2.16669
      vertex 1.45502 -16.0459 2.29382
    endloop
  endfacet
  facet normal -0.252307 -0.287657 0.923902
    outer loop
      vertex 1.92667 -16.2029 2.37374
      vertex 1.45502 -16.0459 2.29382
      vertex 1.80891 -16.3563 2.29382
    endloop
  endfacet
  facet normal 0.0944928 0.0828989 0.992068
    outer loop
      vertex 122.778 15.9109 2.37374
      vertex 122.631 15.7642 2.4
      vertex 122.907 15.4496 2.4
    endloop
  endfacet
  facet normal -0.50623 -0.338231 0.793304
    outer loop
      vertex 0.883026 -15.3005 2.29382
      vertex 0.739258 -15.3835 2.16669
      vertex 1.01286 -15.793 2.16669
    endloop
  endfacet
  facet normal -0.343194 -0.169232 0.923893
    outer loop
      vertex 1.05054 -15.2039 2.37374
      vertex 0.674835 -14.8783 2.29382
      vertex 0.883026 -15.3005 2.29382
    endloop
  endfacet
  facet normal -0.104615 -0.0698864 0.992054
    outer loop
      vertex 1.23022 -15.1001 2.4
      vertex 1.05054 -15.2039 2.37374
      vertex 1.46263 -15.448 2.4
    endloop
  endfacet
  facet normal -0.112839 -0.0556496 0.992054
    outer loop
      vertex 1.23022 -15.1001 2.4
      vertex 1.04518 -14.7249 2.4
      vertex 1.05054 -15.2039 2.37374
    endloop
  endfacet
  facet normal -0.438647 -0.889174 0.130226
    outer loop
      vertex 2.01363 -16.9414 1.80805
      vertex 2 -16.965 1.601
      vertex 2.46927 -17.1965 1.601
    endloop
  endfacet
  facet normal -0.440748 -0.65964 0.608783
    outer loop
      vertex 2.1174 -16.7617 2.16669
      vertex 1.70792 -16.4881 2.16669
      vertex 2.05362 -16.872 2.001
    endloop
  endfacet
  facet normal -0.194951 -0.980813 0
    outer loop
      vertex 2.96472 -17.3647 0.4
      vertex 3.47789 -17.4667 1.601
      vertex 2.96472 -17.3647 1.601
    endloop
  endfacet
  facet normal -0.194951 -0.980813 -0
    outer loop
      vertex 3.47789 -17.4667 1.601
      vertex 2.96472 -17.3647 0.4
      vertex 3.47789 -17.4667 0.4
    endloop
  endfacet
  facet normal -0.824397 -0.55076 0.130513
    outer loop
      vertex 0.848206 -15.9193 1.80805
      vertex 0.535904 -15.5009 1.601
      vertex 0.826584 -15.936 1.601
    endloop
  endfacet
  facet normal -0.938836 -0.318687 0.130485
    outer loop
      vertex 0.162659 -14.5291 1.80805
      vertex 0.136292 -14.5362 1.601
      vertex 0.304489 -15.0317 1.601
    endloop
  endfacet
  facet normal -0.362354 -0.123008 0.923888
    outer loop
      vertex 0.853485 -14.8043 2.37374
      vertex 0.523499 -14.4325 2.29382
      vertex 0.674835 -14.8783 2.29382
    endloop
  endfacet
  facet normal -0.576414 -0.195676 0.793384
    outer loop
      vertex 0.523499 -14.4325 2.29382
      vertex 0.363113 -14.4755 2.16669
      vertex 0.674835 -14.8783 2.29382
    endloop
  endfacet
  facet normal -0.362349 -0.123004 0.92389
    outer loop
      vertex 0.710266 -14.3824 2.37374
      vertex 0.523499 -14.4325 2.29382
      vertex 0.853485 -14.8043 2.37374
    endloop
  endfacet
  facet normal -0.119147 -0.0404459 0.992052
    outer loop
      vertex 1.04518 -14.7249 2.4
      vertex 0.710266 -14.3824 2.37374
      vertex 0.853485 -14.8043 2.37374
    endloop
  endfacet
  facet normal -0.79168 -0.0519002 0.608728
    outer loop
      vertex 0.267029 -13.9924 2.16669
      vertex 0.107178 -13.4974 2.001
      vertex 0.140717 -14.009 2.001
    endloop
  endfacet
  facet normal -0.576465 -0.195731 0.793333
    outer loop
      vertex 0.674835 -14.8783 2.29382
      vertex 0.363113 -14.4755 2.16669
      vertex 0.521439 -14.9418 2.16669
    endloop
  endfacet
  facet normal 0.670019 0.226947 -0.706802
    outer loop
      vertex 123.846 14.4342 0
      vertex 123.695 14.88 0
      vertex 124.065 15.0334 0.4
    endloop
  endfacet
  facet normal -0.947011 0.3212 0
    outer loop
      vertex 0.136063 14.5353 0.4
      vertex 0.304123 15.0308 1.601
      vertex 0.304123 15.0308 0.4
    endloop
  endfacet
  facet normal -0.947011 0.3212 0
    outer loop
      vertex 0.304123 15.0308 1.601
      vertex 0.136063 14.5353 0.4
      vertex 0.136063 14.5353 1.601
    endloop
  endfacet
  facet normal -0.392976 0.587816 -0.707137
    outer loop
      vertex 1.80832 16.3558 0
      vertex 1.56421 16.6738 0.4
      vertex 1.99919 16.9646 0.4
    endloop
  endfacet
  facet normal -0.980784 -0.195099 0
    outer loop
      vertex 0.136292 -14.5362 0.4
      vertex 0.0342255 -14.0231 1.601
      vertex 0.0342255 -14.0231 0.4
    endloop
  endfacet
  facet normal -0.980784 -0.195099 0
    outer loop
      vertex 0.0342255 -14.0231 1.601
      vertex 0.136292 -14.5362 0.4
      vertex 0.136292 -14.5362 1.601
    endloop
  endfacet
  facet normal -0.587872 -0.392882 -0.707142
    outer loop
      vertex 1.14467 -15.692 0
      vertex 0.826584 -15.936 0.4
      vertex 0.883026 -15.3005 0
    endloop
  endfacet
  facet normal -0.824503 0.550635 0.130366
    outer loop
      vertex 0.835567 15.9024 1.8
      vertex 0.535431 15.5001 1.601
      vertex 0.558147 15.487 1.8
    endloop
  endfacet
  facet normal -0.550935 0.824298 0.130399
    outer loop
      vertex 1.99538 16.9305 1.8
      vertex 1.56421 16.6738 1.601
      vertex 1.58019 16.653 1.8
    endloop
  endfacet
  facet normal -0.0250745 0.38195 0.923843
    outer loop
      vertex 3.66661 17.0782 2.29382
      vertex 4.01859 16.908 2.37374
      vertex 4.01239 17.1009 2.29382
    endloop
  endfacet
  facet normal -0.0252319 0.381675 0.923952
    outer loop
      vertex 4.01859 16.908 2.37374
      vertex 3.66661 17.0782 2.29382
      vertex 3.64763 17.0302 2.31313
    endloop
  endfacet
  facet normal -0.00825975 0.125517 0.992057
    outer loop
      vertex 4.01859 16.908 2.37374
      vertex 3.58174 16.6717 2.4
      vertex 4.02547 16.7009 2.4
    endloop
  endfacet
  facet normal 0.125355 -0.00847564 0.992076
    outer loop
      vertex 123.57 -13.479 2.4
      vertex 123.54 -13.9227 2.4
      vertex 123.746 -13.9497 2.37374
    endloop
  endfacet
  facet normal 0.597894 0.119113 0.792676
    outer loop
      vertex 124.006 14.4771 2.16669
      vertex 123.846 14.4342 2.29382
      vertex 123.938 13.9724 2.29382
    endloop
  endfacet
  facet normal 0.441708 0.897159 -0
    outer loop
      vertex 122.37 16.9667 0.4
      vertex 121.9 17.1981 1.601
      vertex 122.37 16.9667 1.601
    endloop
  endfacet
  facet normal 0.441708 0.897159 0
    outer loop
      vertex 121.9 17.1981 1.601
      vertex 122.37 16.9667 0.4
      vertex 121.9 17.1981 0.4
    endloop
  endfacet
  facet normal 0.337902 0.506358 0.793362
    outer loop
      vertex 122.252 16.7634 2.16669
      vertex 122.169 16.6196 2.29382
      vertex 122.662 16.4898 2.16669
    endloop
  endfacet
  facet normal 0.288751 0.252625 0.923474
    outer loop
      vertex 122.914 16.0476 2.29382
      vertex 122.778 15.9109 2.37374
      vertex 123.071 15.576 2.37374
    endloop
  endfacet
  facet normal 0.269341 0.545927 0.793359
    outer loop
      vertex 122.252 16.7634 2.16669
      vertex 121.747 16.8278 2.29382
      vertex 122.169 16.6196 2.29382
    endloop
  endfacet
  facet normal 0.337899 0.506332 0.79338
    outer loop
      vertex 122.662 16.4898 2.16669
      vertex 122.169 16.6196 2.29382
      vertex 122.561 16.358 2.29382
    endloop
  endfacet
  facet normal 0.118754 0.597 0.793403
    outer loop
      vertex 121.344 17.1395 2.16669
      vertex 120.839 17.071 2.29382
      vertex 121.301 16.9791 2.29382
    endloop
  endfacet
  facet normal 0.195544 0.576421 0.793411
    outer loop
      vertex 121.344 17.1395 2.16669
      vertex 121.301 16.9791 2.29382
      vertex 121.747 16.8278 2.29382
    endloop
  endfacet
  facet normal 0.0556366 -0.113078 0.992027
    outer loop
      vertex 121.969 -16.275 2.4
      vertex 121.593 -16.46 2.4
      vertex 122.072 -16.4547 2.37374
    endloop
  endfacet
  facet normal -0 0.125791 0.992057
    outer loop
      vertex 88.2372 16.9127 2.37374
      vertex 106.353 16.7056 2.4
      vertex 106.353 16.9127 2.37374
    endloop
  endfacet
  facet normal 0 0.125791 0.992057
    outer loop
      vertex 106.353 16.7056 2.4
      vertex 88.2372 16.9127 2.37374
      vertex 88.2372 16.7056 2.4
    endloop
  endfacet
  facet normal 0.154817 0.777982 0.608914
    outer loop
      vertex 120.878 17.3619 2.001
      vertex 120.861 17.2356 2.16669
      vertex 121.377 17.2626 2.001
    endloop
  endfacet
  facet normal 0.0518986 0.791647 0.608771
    outer loop
      vertex 120.878 17.3619 2.001
      vertex 120.367 17.3954 2.001
      vertex 120.861 17.2356 2.16669
    endloop
  endfacet
  facet normal -0.438714 0.889062 0.130765
    outer loop
      vertex 2.46016 17.1628 1.8
      vertex 1.99919 16.9646 1.601
      vertex 2.0123 16.9418 1.8
    endloop
  endfacet
  facet normal 0.0830317 -0.0947076 0.992036
    outer loop
      vertex 122.778 -15.9135 2.37374
      vertex 122.317 -16.0426 2.4
      vertex 122.443 -16.2072 2.37374
    endloop
  endfacet
  facet normal 0.104525 0.0697237 0.992075
    outer loop
      vertex 123.319 15.2056 2.37374
      vertex 122.907 15.4496 2.4
      vertex 123.139 15.1018 2.4
    endloop
  endfacet
  facet normal 0.00822331 -0.125514 0.992058
    outer loop
      vertex 120.814 -16.8819 2.37374
      vertex 120.343 -16.7052 2.4
      vertex 120.35 -16.9123 2.37374
    endloop
  endfacet
  facet normal 0.252542 -0.287294 0.923951
    outer loop
      vertex 122.914 -16.0502 2.29382
      vertex 122.443 -16.2072 2.37374
      vertex 122.561 -16.3605 2.29382
    endloop
  endfacet
  facet normal 0.0747123 -0.375279 0.923896
    outer loop
      vertex 121.251 -16.7949 2.37374
      vertex 120.814 -16.8819 2.37374
      vertex 121.301 -16.9817 2.29382
    endloop
  endfacet
  facet normal 0.0949132 -0.0830137 0.992018
    outer loop
      vertex 122.907 -15.4522 2.4
      vertex 122.778 -15.9135 2.37374
      vertex 123.071 -15.5785 2.37374
    endloop
  endfacet
  facet normal 0.381311 -0.0254755 0.924096
    outer loop
      vertex 123.777 -13.4857 2.37374
      vertex 123.746 -13.9497 2.37374
      vertex 123.938 -13.9749 2.29382
    endloop
  endfacet
  facet normal 0.997761 0.0668868 0
    outer loop
      vertex 124.37 13.5026 1.601
      vertex 124.335 14.0247 0.4
      vertex 124.335 14.0247 1.601
    endloop
  endfacet
  facet normal 0.997761 0.0668868 0
    outer loop
      vertex 124.335 14.0247 0.4
      vertex 124.37 13.5026 1.601
      vertex 124.37 13.5026 0.4
    endloop
  endfacet
  facet normal 0.0830317 0.0947076 0.992036
    outer loop
      vertex 122.443 16.2046 2.37374
      vertex 122.317 16.04 2.4
      vertex 122.778 15.9109 2.37374
    endloop
  endfacet
  facet normal 0.0698915 0.104767 0.992038
    outer loop
      vertex 122.443 16.2046 2.37374
      vertex 122.072 16.4521 2.37374
      vertex 122.317 16.04 2.4
    endloop
  endfacet
  facet normal 0.768358 0.514017 0.381329
    outer loop
      vertex 123.81 15.489 1.80805
      vertex 123.521 15.921 1.80805
      vertex 123.741 15.449 2.001
    endloop
  endfacet
  facet normal 0.286912 0.252133 0.924181
    outer loop
      vertex 123.225 15.6937 2.29382
      vertex 122.914 16.0476 2.29382
      vertex 123.071 15.576 2.37374
    endloop
  endfacet
  facet normal 0.608993 0.0403557 0.792148
    outer loop
      vertex 124.135 13.495 2.16669
      vertex 123.938 13.9724 2.29382
      vertex 123.97 13.4895 2.29382
    endloop
  endfacet
  facet normal 0.608833 0.0402554 0.792277
    outer loop
      vertex 124.102 13.9941 2.16669
      vertex 123.938 13.9724 2.29382
      vertex 124.135 13.495 2.16669
    endloop
  endfacet
  facet normal 0.904859 0.181189 0.385227
    outer loop
      vertex 124.207 14.5308 1.80805
      vertex 124.129 14.5101 2.001
      vertex 124.229 14.0107 2.001
    endloop
  endfacet
  facet normal 0.823921 0.551188 0.131709
    outer loop
      vertex 123.834 15.5026 1.601
      vertex 123.521 15.921 1.80805
      vertex 123.81 15.489 1.80805
    endloop
  endfacet
  facet normal 0.658938 0.439292 0.610592
    outer loop
      vertex 123.741 15.449 2.001
      vertex 123.357 15.7947 2.16669
      vertex 123.63 15.3852 2.16669
    endloop
  endfacet
  facet normal 0.694915 0.609957 0.380848
    outer loop
      vertex 123.521 15.921 1.80805
      vertex 123.122 16.2551 2.001
      vertex 123.458 15.8723 2.001
    endloop
  endfacet
  facet normal 0.694854 0.608242 0.383691
    outer loop
      vertex 123.179 16.3117 1.80805
      vertex 123.122 16.2551 2.001
      vertex 123.521 15.921 1.80805
    endloop
  endfacet
  facet normal 0.897164 0.441698 0
    outer loop
      vertex 124.065 15.0334 1.601
      vertex 123.834 15.5026 0.4
      vertex 123.834 15.5026 1.601
    endloop
  endfacet
  facet normal 0.897164 0.441698 0
    outer loop
      vertex 123.834 15.5026 0.4
      vertex 124.065 15.0334 1.601
      vertex 124.065 15.0334 0.4
    endloop
  endfacet
  facet normal -0.705598 -0.0462416 -0.707102
    outer loop
      vertex 0.431641 -13.9707 0
      vertex 0 -13.5009 0.4
      vertex 0.399994 -13.4878 0
    endloop
  endfacet
  facet normal 0.939132 -0.318478 0.128851
    outer loop
      vertex 124.207 -14.5334 1.80805
      vertex 124.065 -15.0359 1.601
      vertex 124.233 -14.5405 1.601
    endloop
  endfacet
  facet normal 0.790155 -0.0509678 0.610784
    outer loop
      vertex 124.262 -13.5017 2.001
      vertex 124.102 -13.9966 2.16669
      vertex 124.229 -14.0133 2.001
    endloop
  endfacet
  facet normal 0.751665 -0.254141 0.608615
    outer loop
      vertex 124.006 -14.4797 2.16669
      vertex 123.966 -14.9948 2.001
      vertex 124.129 -14.5127 2.001
    endloop
  endfacet
  facet normal 0.768358 -0.514017 0.381329
    outer loop
      vertex 123.741 -15.4516 2.001
      vertex 123.521 -15.9236 1.80805
      vertex 123.81 -15.4916 1.80805
    endloop
  endfacet
  facet normal 0.550669 -0.824287 0.131586
    outer loop
      vertex 122.788 -16.657 1.80805
      vertex 122.356 -16.9456 1.80805
      vertex 122.37 -16.9693 1.601
    endloop
  endfacet
  facet normal 0.889369 -0.437767 0.131845
    outer loop
      vertex 124.065 -15.0359 1.601
      vertex 123.81 -15.4916 1.80805
      vertex 123.834 -15.5052 1.601
    endloop
  endfacet
  facet normal 0.658938 -0.439292 0.610592
    outer loop
      vertex 123.63 -15.3878 2.16669
      vertex 123.357 -15.7973 2.16669
      vertex 123.741 -15.4516 2.001
    endloop
  endfacet
  facet normal 0.710399 -0.349912 0.610651
    outer loop
      vertex 123.966 -14.9948 2.001
      vertex 123.63 -15.3878 2.16669
      vertex 123.741 -15.4516 2.001
    endloop
  endfacet
  facet normal 0.269433 -0.546114 0.7932
    outer loop
      vertex 122.169 -16.6222 2.29382
      vertex 121.747 -16.8304 2.29382
      vertex 122.252 -16.7659 2.16669
    endloop
  endfacet
  facet normal 0.456754 -0.400878 0.794149
    outer loop
      vertex 123.357 -15.7973 2.16669
      vertex 122.914 -16.0502 2.29382
      vertex 123.032 -16.1676 2.16669
    endloop
  endfacet
  facet normal -3.00112e-05 -0.793211 0.608947
    outer loop
      vertex 26.5493 -17.2708 2.16669
      vertex 21.2632 -17.3978 2.001
      vertex 26.5493 -17.398 2.001
    endloop
  endfacet
  facet normal -7.24084e-06 -0.382758 0.923849
    outer loop
      vertex 26.5493 -16.9122 2.37374
      vertex 21.2632 -17.105 2.29382
      vertex 26.5493 -17.1051 2.29382
    endloop
  endfacet
  facet normal 0.596379 -0.523422 0.608573
    outer loop
      vertex 123.357 -15.7973 2.16669
      vertex 123.032 -16.1676 2.16669
      vertex 123.122 -16.2577 2.001
    endloop
  endfacet
  facet normal 0.297101 -0.874768 0.38277
    outer loop
      vertex 121.859 -17.1015 2.001
      vertex 121.398 -17.3425 1.80805
      vertex 121.89 -17.1754 1.80805
    endloop
  endfacet
  facet normal 0.408563 -0.828504 0.382959
    outer loop
      vertex 122.356 -16.9456 1.80805
      vertex 121.859 -17.1015 2.001
      vertex 121.89 -17.1754 1.80805
    endloop
  endfacet
  facet normal 0.154799 -0.778023 0.608866
    outer loop
      vertex 121.344 -17.1421 2.16669
      vertex 120.861 -17.2382 2.16669
      vertex 121.377 -17.2652 2.001
    endloop
  endfacet
  facet normal 0.154817 -0.777982 0.608914
    outer loop
      vertex 121.377 -17.2652 2.001
      vertex 120.861 -17.2382 2.16669
      vertex 120.878 -17.3645 2.001
    endloop
  endfacet
  facet normal 0 -0.991481 0.13025
    outer loop
      vertex 36.3052 -17.478 1.80805
      vertex 36.3052 -17.5052 1.601
      vertex 120.37 -17.5052 1.601
    endloop
  endfacet
  facet normal -7.24799e-06 -0.707107 -0.707107
    outer loop
      vertex 26.5493 -17.1051 0
      vertex 36.3052 -17.5052 0.4
      vertex 26.5493 -17.5051 0.4
    endloop
  endfacet
  facet normal -7.24799e-06 -0.707107 -0.707107
    outer loop
      vertex 36.3052 -17.5052 0.4
      vertex 26.5493 -17.1051 0
      vertex 36.3052 -17.1052 0
    endloop
  endfacet
  facet normal 0 -0.923918 0.382591
    outer loop
      vertex 26.5493 -17.4779 1.80805
      vertex 36.3052 -17.398 2.001
      vertex 26.5493 -17.398 2.001
    endloop
  endfacet
  facet normal -9.46861e-06 -0.923748 0.383
    outer loop
      vertex 36.3052 -17.398 2.001
      vertex 26.5493 -17.4779 1.80805
      vertex 36.3052 -17.478 1.80805
    endloop
  endfacet
  facet normal -1.15154e-05 -0.608713 0.793391
    outer loop
      vertex 26.5493 -17.1051 2.29382
      vertex 21.2632 -17.2707 2.16669
      vertex 26.5493 -17.2708 2.16669
    endloop
  endfacet
  facet normal -0.0398719 -0.607479 0.793335
    outer loop
      vertex 3.53027 -17.0693 2.29382
      vertex 3.50856 -17.2339 2.16669
      vertex 4.00677 -17.2666 2.16669
    endloop
  endfacet
  facet normal -0.118778 -0.597077 0.793342
    outer loop
      vertex 3.53027 -17.0693 2.29382
      vertex 3.02548 -17.1378 2.16669
      vertex 3.50856 -17.2339 2.16669
    endloop
  endfacet
  facet normal -0.000188665 0.924085 0.382187
    outer loop
      vertex 6.44918 17.4742 1.80805
      vertex 4.00017 17.4737 1.80805
      vertex 6.4652 17.4629 1.83538
    endloop
  endfacet
  facet normal -0.000229115 0.991466 0.130365
    outer loop
      vertex 20.728 17.4786 1.8
      vertex 3.99907 17.5009 1.601
      vertex 6.44768 17.4753 1.8
    endloop
  endfacet
  facet normal -0.000202283 0.990788 0.135425
    outer loop
      vertex 6.44768 17.4753 1.8
      vertex 4.00017 17.4737 1.80805
      vertex 6.44918 17.4742 1.80805
    endloop
  endfacet
  facet normal -0.000219753 0.991481 0.130251
    outer loop
      vertex 4.00017 17.4737 1.80805
      vertex 6.44768 17.4753 1.8
      vertex 3.99907 17.5009 1.601
    endloop
  endfacet
  facet normal -0.401431 -0.457666 0.793345
    outer loop
      vertex 1.45502 -16.0459 2.29382
      vertex 1.33762 -16.1633 2.16669
      vertex 1.70792 -16.4881 2.16669
    endloop
  endfacet
  facet normal -0.694603 -0.609083 0.382811
    outer loop
      vertex 1.24751 -16.2534 2.001
      vertex 0.848206 -15.9193 1.80805
      vertex 1.19089 -16.3101 1.80805
    endloop
  endfacet
  facet normal -0.82858 -0.408631 0.382722
    outer loop
      vertex 0.628967 -15.4473 2.001
      vertex 0.403687 -14.9905 2.001
      vertex 0.55957 -15.4873 1.80805
    endloop
  endfacet
  facet normal -0.711519 -0.350877 0.608791
    outer loop
      vertex 0.521439 -14.9418 2.16669
      vertex 0.403687 -14.9905 2.001
      vertex 0.739258 -15.3835 2.16669
    endloop
  endfacet
  facet normal -0.659628 -0.440698 0.608832
    outer loop
      vertex 1.01286 -15.793 2.16669
      vertex 0.628967 -15.4473 2.001
      vertex 0.911774 -15.8706 2.001
    endloop
  endfacet
  facet normal -0.513315 -0.768248 0.382496
    outer loop
      vertex 1.63037 -16.5892 2.001
      vertex 1.58163 -16.6527 1.80805
      vertex 2.05362 -16.872 2.001
    endloop
  endfacet
  facet normal -0.287778 -0.252364 0.923849
    outer loop
      vertex 1.29802 -15.5743 2.37374
      vertex 1.14467 -15.692 2.29382
      vertex 1.45502 -16.0459 2.29382
    endloop
  endfacet
  facet normal -0.287733 -0.252352 0.923866
    outer loop
      vertex 1.59174 -15.9092 2.37374
      vertex 1.29802 -15.5743 2.37374
      vertex 1.45502 -16.0459 2.29382
    endloop
  endfacet
  facet normal -0.442414 -0.896811 0
    outer loop
      vertex 2 -16.965 0.4
      vertex 2.46927 -17.1965 1.601
      vertex 2 -16.965 1.601
    endloop
  endfacet
  facet normal -0.442414 -0.896811 -0
    outer loop
      vertex 2.46927 -17.1965 1.601
      vertex 2 -16.965 0.4
      vertex 2.46927 -17.1965 0.4
    endloop
  endfacet
  facet normal -0.440747 -0.659639 0.608784
    outer loop
      vertex 1.70792 -16.4881 2.16669
      vertex 1.63037 -16.5892 2.001
      vertex 2.05362 -16.872 2.001
    endloop
  endfacet
  facet normal -0.254958 -0.751137 0.608925
    outer loop
      vertex 2.55911 -16.9795 2.16669
      vertex 2.51044 -17.0973 2.001
      vertex 3.02548 -17.1378 2.16669
    endloop
  endfacet
  facet normal -0.989324 0.0647446 0.130557
    outer loop
      vertex 0.0341034 14.0221 1.601
      vertex 0.0275187 13.5202 1.8
      vertex 0.0601487 14.0188 1.8
    endloop
  endfacet
  facet normal -0.896968 0.442096 0
    outer loop
      vertex 0.304123 15.0308 0.4
      vertex 0.535431 15.5001 1.601
      vertex 0.535431 15.5001 0.4
    endloop
  endfacet
  facet normal -0.896968 0.442096 0
    outer loop
      vertex 0.535431 15.5001 1.601
      vertex 0.304123 15.0308 0.4
      vertex 0.304123 15.0308 1.601
    endloop
  endfacet
  facet normal -0.989329 0.0647342 0.130531
    outer loop
      vertex 0 13.5009 1.601
      vertex 0.0275187 13.5202 1.8
      vertex 0.0341034 14.0221 1.601
    endloop
  endfacet
  facet normal -0.989332 0.0646624 0.130538
    outer loop
      vertex 0.0275187 13.5202 1.8
      vertex 0 13.5009 1.601
      vertex 0.0261919 13.4999 1.8
    endloop
  endfacet
  facet normal -0.98083 0.194866 0
    outer loop
      vertex 0.0341034 14.0221 0.4
      vertex 0.136063 14.5353 1.601
      vertex 0.136063 14.5353 0.4
    endloop
  endfacet
  facet normal -0.98083 0.194866 0
    outer loop
      vertex 0.136063 14.5353 1.601
      vertex 0.0341034 14.0221 0.4
      vertex 0.0341034 14.0221 1.601
    endloop
  endfacet
  facet normal -0.93881 -0.318721 0.130584
    outer loop
      vertex 0.329758 -15.0213 1.80805
      vertex 0.162659 -14.5291 1.80805
      vertex 0.304489 -15.0317 1.601
    endloop
  endfacet
  facet normal -0.972397 -0.193399 0.130541
    outer loop
      vertex 0.0613251 -14.0196 1.80805
      vertex 0.0342255 -14.0231 1.601
      vertex 0.162659 -14.5291 1.80805
    endloop
  endfacet
  facet normal -0.778148 -0.154755 0.608717
    outer loop
      vertex 0.267029 -13.9924 2.16669
      vertex 0.140717 -14.009 2.001
      vertex 0.240036 -14.5084 2.001
    endloop
  endfacet
  facet normal -0.607445 -0.0398091 0.793364
    outer loop
      vertex 0.399994 -13.4878 2.29382
      vertex 0.234314 -13.4933 2.16669
      vertex 0.431641 -13.9707 2.29382
    endloop
  endfacet
  facet normal -0.752029 0.659131 0
    outer loop
      vertex 0.826019 15.9352 0.4
      vertex 1.17091 16.3287 1.601
      vertex 1.17091 16.3287 0.4
    endloop
  endfacet
  facet normal -0.752029 0.659131 0
    outer loop
      vertex 1.17091 16.3287 1.601
      vertex 0.826019 15.9352 0.4
      vertex 0.826019 15.9352 1.601
    endloop
  endfacet
  facet normal -0.889712 0.437514 0.130362
    outer loop
      vertex 0.535431 15.5001 1.601
      vertex 0.549148 15.4687 1.8
      vertex 0.558147 15.487 1.8
    endloop
  endfacet
  facet normal -0.889302 0.438318 0.130461
    outer loop
      vertex 0.549148 15.4687 1.8
      vertex 0.535431 15.5001 1.601
      vertex 0.304123 15.0308 1.601
    endloop
  endfacet
  facet normal -0.312841 -0.634155 -0.707091
    outer loop
      vertex 2.46927 -17.1965 0.4
      vertex 2 -16.965 0.4
      vertex 2.20049 -16.6179 0
    endloop
  endfacet
  facet normal -0.824059 0.551291 0.130404
    outer loop
      vertex 0.826019 15.9352 1.601
      vertex 0.835567 15.9024 1.8
      vertex 0.846873 15.9193 1.8
    endloop
  endfacet
  facet normal -0.824498 0.550653 0.13032
    outer loop
      vertex 0.835567 15.9024 1.8
      vertex 0.826019 15.9352 1.601
      vertex 0.535431 15.5001 1.601
    endloop
  endfacet
  facet normal 0.0698915 -0.104767 0.992038
    outer loop
      vertex 122.317 -16.0426 2.4
      vertex 122.072 -16.4547 2.37374
      vertex 122.443 -16.2072 2.37374
    endloop
  endfacet
  facet normal 0.374921 -0.0746411 0.924047
    outer loop
      vertex 123.746 -13.9497 2.37374
      vertex 123.659 -14.3867 2.37374
      vertex 123.846 -14.4368 2.29382
    endloop
  endfacet
  facet normal 0.00824103 0.125513 0.992058
    outer loop
      vertex 120.351 16.9097 2.37374
      vertex 120.344 16.7026 2.4
      vertex 120.814 16.8793 2.37374
    endloop
  endfacet
  facet normal 0.437902 0.889429 0.130988
    outer loop
      vertex 122.37 16.9667 1.601
      vertex 121.9 17.1981 1.601
      vertex 122.356 16.9431 1.80805
    endloop
  endfacet
  facet normal 0.43856 0.889334 0.129422
    outer loop
      vertex 121.9 17.1981 1.601
      vertex 121.89 17.1729 1.80805
      vertex 122.356 16.9431 1.80805
    endloop
  endfacet
  facet normal 0.653551 0.745662 0.12984
    outer loop
      vertex 123.198 16.3311 1.601
      vertex 122.788 16.6544 1.80805
      vertex 123.179 16.3117 1.80805
    endloop
  endfacet
  facet normal 0.169178 0.342905 0.92401
    outer loop
      vertex 122.169 16.6196 2.29382
      vertex 121.747 16.8278 2.29382
      vertex 122.072 16.4521 2.37374
    endloop
  endfacet
  facet normal 0.350589 0.711452 0.609034
    outer loop
      vertex 122.316 16.8737 2.001
      vertex 121.859 17.0989 2.001
      vertex 122.252 16.7634 2.16669
    endloop
  endfacet
  facet normal 0.154799 0.778023 0.608866
    outer loop
      vertex 121.377 17.2626 2.001
      vertex 120.861 17.2356 2.16669
      vertex 121.344 17.1395 2.16669
    endloop
  endfacet
  facet normal 0.255105 0.751134 0.608867
    outer loop
      vertex 121.377 17.2626 2.001
      vertex 121.344 17.1395 2.16669
      vertex 121.859 17.0989 2.001
    endloop
  endfacet
  facet normal 0.040451 -0.119097 0.992058
    outer loop
      vertex 121.593 -16.46 2.4
      vertex 121.197 -16.5945 2.4
      vertex 121.251 -16.7949 2.37374
    endloop
  endfacet
  facet normal 0.00822002 0.125568 0.992051
    outer loop
      vertex 120.814 16.8793 2.37374
      vertex 120.344 16.7026 2.4
      vertex 120.787 16.6736 2.4
    endloop
  endfacet
  facet normal 0.0245934 0.123419 0.99205
    outer loop
      vertex 120.814 16.8793 2.37374
      vertex 120.787 16.6736 2.4
      vertex 121.197 16.5919 2.4
    endloop
  endfacet
  facet normal 0.0829485 -0.0944032 0.992072
    outer loop
      vertex 122.631 -15.7667 2.4
      vertex 122.317 -16.0426 2.4
      vertex 122.778 -15.9135 2.37374
    endloop
  endfacet
  facet normal -0.0244742 0.123369 0.992059
    outer loop
      vertex 3.56328 16.8123 2.38206
      vertex 3.5242 16.6865 2.39674
      vertex 3.58174 16.6717 2.4
    endloop
  endfacet
  facet normal -0.0082498 0.125499 0.992059
    outer loop
      vertex 3.58808 16.8797 2.37374
      vertex 3.58174 16.6717 2.4
      vertex 4.01859 16.908 2.37374
    endloop
  endfacet
  facet normal -0.00830581 0.125501 0.992059
    outer loop
      vertex 3.57001 16.834 2.37937
      vertex 3.58174 16.6717 2.4
      vertex 3.58808 16.8797 2.37374
    endloop
  endfacet
  facet normal -0.0081644 0.125511 0.992059
    outer loop
      vertex 3.58174 16.6717 2.4
      vertex 3.57001 16.834 2.37937
      vertex 3.56328 16.8123 2.38206
    endloop
  endfacet
  facet normal -0.052205 0.791654 0.608735
    outer loop
      vertex 3.78579 17.3795 2.001
      vertex 3.76047 17.3155 2.08206
      vertex 4.00264 17.3938 2.001
    endloop
  endfacet
  facet normal 0.119335 0.0406617 0.992021
    outer loop
      vertex 123.659 14.3841 2.37374
      vertex 123.324 14.7266 2.4
      vertex 123.459 14.3304 2.4
    endloop
  endfacet
  facet normal 0.123696 0.0244195 0.99202
    outer loop
      vertex 123.659 14.3841 2.37374
      vertex 123.459 14.3304 2.4
      vertex 123.54 13.9201 2.4
    endloop
  endfacet
  facet normal 0.5979 -0.119088 0.792675
    outer loop
      vertex 123.938 -13.9749 2.29382
      vertex 123.846 -14.4368 2.29382
      vertex 124.006 -14.4797 2.16669
    endloop
  endfacet
  facet normal 0.36191 -0.122613 0.924114
    outer loop
      vertex 123.846 -14.4368 2.29382
      vertex 123.516 -14.8085 2.37374
      vertex 123.695 -14.8825 2.29382
    endloop
  endfacet
  facet normal 0.972585 0.192761 0.130087
    outer loop
      vertex 124.335 14.0247 1.601
      vertex 124.207 14.5308 1.80805
      vertex 124.308 14.0212 1.80805
    endloop
  endfacet
  facet normal 0.989384 0.0647278 0.130113
    outer loop
      vertex 124.335 14.0247 1.601
      vertex 124.308 14.0212 1.80805
      vertex 124.342 13.5015 1.80805
    endloop
  endfacet
  facet normal 0.0556347 0.112681 0.992072
    outer loop
      vertex 121.673 16.6491 2.37374
      vertex 121.593 16.4574 2.4
      vertex 122.072 16.4521 2.37374
    endloop
  endfacet
  facet normal 0.169381 0.343061 0.923915
    outer loop
      vertex 121.747 16.8278 2.29382
      vertex 121.673 16.6491 2.37374
      vertex 122.072 16.4521 2.37374
    endloop
  endfacet
  facet normal 0.0829621 0.0944529 0.992067
    outer loop
      vertex 122.778 15.9109 2.37374
      vertex 122.317 16.04 2.4
      vertex 122.631 15.7642 2.4
    endloop
  endfacet
  facet normal 0.112708 0.0555645 0.992073
    outer loop
      vertex 123.516 14.806 2.37374
      vertex 123.319 15.2056 2.37374
      vertex 123.324 14.7266 2.4
    endloop
  endfacet
  facet normal 0.119006 0.0403363 0.992074
    outer loop
      vertex 123.516 14.806 2.37374
      vertex 123.324 14.7266 2.4
      vertex 123.659 14.3841 2.37374
    endloop
  endfacet
  facet normal 0.596319 0.523415 0.608638
    outer loop
      vertex 123.458 15.8723 2.001
      vertex 123.122 16.2551 2.001
      vertex 123.357 15.7947 2.16669
    endloop
  endfacet
  facet normal 0.317764 0.211789 0.924214
    outer loop
      vertex 123.225 15.6937 2.29382
      vertex 123.071 15.576 2.37374
      vertex 123.486 15.3021 2.29382
    endloop
  endfacet
  facet normal 0.457028 0.401627 0.793613
    outer loop
      vertex 123.357 15.7947 2.16669
      vertex 122.914 16.0476 2.29382
      vertex 123.225 15.6937 2.29382
    endloop
  endfacet
  facet normal 0.506223 0.337396 0.793664
    outer loop
      vertex 123.357 15.7947 2.16669
      vertex 123.225 15.6937 2.29382
      vertex 123.486 15.3021 2.29382
    endloop
  endfacet
  facet normal 0.577402 0.195576 0.792689
    outer loop
      vertex 124.006 14.4771 2.16669
      vertex 123.695 14.88 2.29382
      vertex 123.846 14.4342 2.29382
    endloop
  endfacet
  facet normal 0.36192 0.122588 0.924114
    outer loop
      vertex 123.695 14.88 2.29382
      vertex 123.516 14.806 2.37374
      vertex 123.846 14.4342 2.29382
    endloop
  endfacet
  facet normal 0.382589 0 0.923919
    outer loop
      vertex 123.777 13.4832 2.37374
      vertex 123.97 -13.4921 2.29382
      vertex 123.97 13.4895 2.29382
    endloop
  endfacet
  facet normal 0.382589 0 0.923919
    outer loop
      vertex 123.97 -13.4921 2.29382
      vertex 123.777 13.4832 2.37374
      vertex 123.777 -13.4857 2.37374
    endloop
  endfacet
  facet normal 0.610335 0 0.792144
    outer loop
      vertex 123.97 13.4895 2.29382
      vertex 124.135 -13.4976 2.16669
      vertex 124.135 13.495 2.16669
    endloop
  endfacet
  facet normal 0.610335 0 0.792144
    outer loop
      vertex 124.135 -13.4976 2.16669
      vertex 123.97 13.4895 2.29382
      vertex 123.97 -13.4921 2.29382
    endloop
  endfacet
  facet normal 0.750864 0.254366 0.609509
    outer loop
      vertex 123.966 14.9922 2.001
      vertex 123.848 14.9435 2.16669
      vertex 124.006 14.4771 2.16669
    endloop
  endfacet
  facet normal 0.710948 0.350887 0.609452
    outer loop
      vertex 123.966 14.9922 2.001
      vertex 123.63 15.3852 2.16669
      vertex 123.848 14.9435 2.16669
    endloop
  endfacet
  facet normal 0.77828 0.154689 0.608565
    outer loop
      vertex 124.129 14.5101 2.001
      vertex 124.006 14.4771 2.16669
      vertex 124.102 13.9941 2.16669
    endloop
  endfacet
  facet normal 0.77644 0.155475 0.610711
    outer loop
      vertex 124.129 14.5101 2.001
      vertex 124.102 13.9941 2.16669
      vertex 124.229 14.0107 2.001
    endloop
  endfacet
  facet normal 0.828364 0.408849 0.382957
    outer loop
      vertex 124.04 15.023 1.80805
      vertex 123.81 15.489 1.80805
      vertex 123.966 14.9922 2.001
    endloop
  endfacet
  facet normal 0.889332 0.437842 0.131846
    outer loop
      vertex 123.834 15.5026 1.601
      vertex 123.81 15.489 1.80805
      vertex 124.065 15.0334 1.601
    endloop
  endfacet
  facet normal 0.402001 0.457172 0.79334
    outer loop
      vertex 122.662 16.4898 2.16669
      vertex 122.561 16.358 2.29382
      vertex 122.914 16.0476 2.29382
    endloop
  endfacet
  facet normal 0.523465 0.596311 0.608603
    outer loop
      vertex 123.122 16.2551 2.001
      vertex 122.662 16.4898 2.16669
      vertex 123.032 16.165 2.16669
    endloop
  endfacet
  facet normal 0.778287 -0.154659 0.608564
    outer loop
      vertex 124.102 -13.9966 2.16669
      vertex 124.006 -14.4797 2.16669
      vertex 124.129 -14.5127 2.001
    endloop
  endfacet
  facet normal 0.906896 -0.179742 0.381094
    outer loop
      vertex 124.229 -14.0133 2.001
      vertex 124.207 -14.5334 1.80805
      vertex 124.308 -14.0238 1.80805
    endloop
  endfacet
  facet normal 0.922593 -0.0603582 0.381024
    outer loop
      vertex 124.342 -13.5041 1.80805
      vertex 124.229 -14.0133 2.001
      vertex 124.308 -14.0238 1.80805
    endloop
  endfacet
  facet normal 0.874247 -0.295586 0.385125
    outer loop
      vertex 124.129 -14.5127 2.001
      vertex 123.966 -14.9948 2.001
      vertex 124.207 -14.5334 1.80805
    endloop
  endfacet
  facet normal 0.659722 -0.75151 0
    outer loop
      vertex 122.805 -16.6786 0.4
      vertex 123.198 -16.3336 1.601
      vertex 122.805 -16.6786 1.601
    endloop
  endfacet
  facet normal 0.659722 -0.75151 0
    outer loop
      vertex 123.198 -16.3336 1.601
      vertex 122.805 -16.6786 0.4
      vertex 123.198 -16.3336 0.4
    endloop
  endfacet
  facet normal 0.823921 -0.551188 0.131709
    outer loop
      vertex 123.81 -15.4916 1.80805
      vertex 123.521 -15.9236 1.80805
      vertex 123.834 -15.5052 1.601
    endloop
  endfacet
  facet normal 0.286829 -0.252059 0.924227
    outer loop
      vertex 123.071 -15.5785 2.37374
      vertex 122.914 -16.0502 2.29382
      vertex 123.225 -15.6963 2.29382
    endloop
  endfacet
  facet normal 0.252836 -0.288389 0.923529
    outer loop
      vertex 122.778 -15.9135 2.37374
      vertex 122.443 -16.2072 2.37374
      vertex 122.914 -16.0502 2.29382
    endloop
  endfacet
  facet normal 0.195931 -0.576777 0.793057
    outer loop
      vertex 121.747 -16.8304 2.29382
      vertex 121.344 -17.1421 2.16669
      vertex 121.81 -16.9838 2.16669
    endloop
  endfacet
  facet normal 0 -0.608713 0.793391
    outer loop
      vertex 120.356 -17.1052 2.29382
      vertex 36.3052 -17.1052 2.29382
      vertex 120.362 -17.2709 2.16669
    endloop
  endfacet
  facet normal 0 -0.608713 0.793391
    outer loop
      vertex 36.3052 -17.1052 2.29382
      vertex 36.3052 -17.2709 2.16669
      vertex 120.362 -17.2709 2.16669
    endloop
  endfacet
  facet normal -1.15154e-05 -0.608713 0.793391
    outer loop
      vertex 21.2632 -17.105 2.29382
      vertex 21.2632 -17.2707 2.16669
      vertex 26.5493 -17.1051 2.29382
    endloop
  endfacet
  facet normal -1.501e-05 -0.793442 0.608646
    outer loop
      vertex 21.2632 -17.2707 2.16669
      vertex 21.2632 -17.3978 2.001
      vertex 26.5493 -17.2708 2.16669
    endloop
  endfacet
  facet normal 0.180318 -0.90613 0.382641
    outer loop
      vertex 121.377 -17.2652 2.001
      vertex 120.878 -17.3645 2.001
      vertex 121.398 -17.3425 1.80805
    endloop
  endfacet
  facet normal 0.297093 -0.874764 0.382784
    outer loop
      vertex 121.859 -17.1015 2.001
      vertex 121.377 -17.2652 2.001
      vertex 121.398 -17.3425 1.80805
    endloop
  endfacet
  facet normal -3.75097e-05 -0.991419 0.130721
    outer loop
      vertex 21.2631 -17.505 1.601
      vertex 26.5493 -17.4779 1.80805
      vertex 21.2631 -17.4777 1.80805
    endloop
  endfacet
  facet normal -1.8756e-05 -0.991481 0.13025
    outer loop
      vertex 26.5493 -17.4779 1.80805
      vertex 21.2631 -17.505 1.601
      vertex 26.5493 -17.5051 1.601
    endloop
  endfacet
  facet normal -8.13058e-06 -0.793211 0.608947
    outer loop
      vertex 26.5493 -17.398 2.001
      vertex 36.3052 -17.2709 2.16669
      vertex 26.5493 -17.2708 2.16669
    endloop
  endfacet
  facet normal 0 -0.793442 0.608646
    outer loop
      vertex 36.3052 -17.2709 2.16669
      vertex 26.5493 -17.398 2.001
      vertex 36.3052 -17.398 2.001
    endloop
  endfacet
  facet normal -1.01629e-05 -0.991481 0.13025
    outer loop
      vertex 26.5493 -17.5051 1.601
      vertex 36.3052 -17.478 1.80805
      vertex 26.5493 -17.4779 1.80805
    endloop
  endfacet
  facet normal -1.01629e-05 -0.991481 0.13025
    outer loop
      vertex 36.3052 -17.478 1.80805
      vertex 26.5493 -17.5051 1.601
      vertex 36.3052 -17.5052 1.601
    endloop
  endfacet
  facet normal -0.350922 -0.711532 0.60875
    outer loop
      vertex 2.1174 -16.7617 2.16669
      vertex 2.05362 -16.872 2.001
      vertex 2.51044 -17.0973 2.001
    endloop
  endfacet
  facet normal -0.33815 -0.506165 0.79338
    outer loop
      vertex 1.80891 -16.3563 2.29382
      vertex 1.70792 -16.4881 2.16669
      vertex 2.20049 -16.6179 2.29382
    endloop
  endfacet
  facet normal -0.318235 -0.21268 0.923847
    outer loop
      vertex 1.29802 -15.5743 2.37374
      vertex 0.883026 -15.3005 2.29382
      vertex 1.14467 -15.692 2.29382
    endloop
  endfacet
  facet normal -0.506077 -0.338217 0.793408
    outer loop
      vertex 1.14467 -15.692 2.29382
      vertex 0.883026 -15.3005 2.29382
      vertex 1.01286 -15.793 2.16669
    endloop
  endfacet
  facet normal -0.523119 -0.596401 0.608812
    outer loop
      vertex 1.33762 -16.1633 2.16669
      vertex 1.24751 -16.2534 2.001
      vertex 1.70792 -16.4881 2.16669
    endloop
  endfacet
  facet normal -0.596432 -0.523082 0.608813
    outer loop
      vertex 1.33762 -16.1633 2.16669
      vertex 1.01286 -15.793 2.16669
      vertex 1.24751 -16.2534 2.001
    endloop
  endfacet
  facet normal -0.350815 -0.711472 0.608881
    outer loop
      vertex 2.55911 -16.9795 2.16669
      vertex 2.1174 -16.7617 2.16669
      vertex 2.51044 -17.0973 2.001
    endloop
  endfacet
  facet normal -0.318723 -0.938792 0.130707
    outer loop
      vertex 2.47966 -17.1712 1.80805
      vertex 2.46927 -17.1965 1.601
      vertex 2.97185 -17.3383 1.80805
    endloop
  endfacet
  facet normal -0.19328 -0.972407 0.130643
    outer loop
      vertex 2.97185 -17.3383 1.80805
      vertex 2.96472 -17.3647 1.601
      vertex 3.47789 -17.4667 1.601
    endloop
  endfacet
  facet normal -0.550901 -0.824348 0.130226
    outer loop
      vertex 2.01363 -16.9414 1.80805
      vertex 1.58163 -16.6527 1.80805
      vertex 2 -16.965 1.601
    endloop
  endfacet
  facet normal -0.193326 -0.972412 0.130534
    outer loop
      vertex 3.48138 -17.4396 1.80805
      vertex 2.97185 -17.3383 1.80805
      vertex 3.47789 -17.4667 1.601
    endloop
  endfacet
  facet normal -0.254938 -0.75121 0.608843
    outer loop
      vertex 3.02548 -17.1378 2.16669
      vertex 2.51044 -17.0973 2.001
      vertex 2.99251 -17.2609 2.001
    endloop
  endfacet
  facet normal -0.705607 0.0461696 -0.707097
    outer loop
      vertex 0.399994 13.4879 0
      vertex 0 13.5009 0.4
      vertex 0.0341034 14.0221 0.4
    endloop
  endfacet
  facet normal -0.705599 0.0461809 -0.707105
    outer loop
      vertex 0.399994 13.4879 0
      vertex 0.0341034 14.0221 0.4
      vertex 0.431534 13.9698 0
    endloop
  endfacet
  facet normal -0.972401 -0.193431 0.130464
    outer loop
      vertex 0.162659 -14.5291 1.80805
      vertex 0.0342255 -14.0231 1.601
      vertex 0.136292 -14.5362 1.601
    endloop
  endfacet
  facet normal -0.921912 -0.060443 0.382654
    outer loop
      vertex 0.140717 -14.009 2.001
      vertex 0.0272522 -13.4999 1.80805
      vertex 0.0613251 -14.0196 1.80805
    endloop
  endfacet
  facet normal -0.707112 0 -0.707101
    outer loop
      vertex 0.399994 -13.4878 0
      vertex 0 13.5009 0.4
      vertex 0.399994 13.4879 0
    endloop
  endfacet
  facet normal -0.707112 -0 -0.707101
    outer loop
      vertex 0 13.5009 0.4
      vertex 0.399994 -13.4878 0
      vertex 0 -13.5009 0.4
    endloop
  endfacet
  facet normal -0.828591 -0.408627 0.382703
    outer loop
      vertex 0.403687 -14.9905 2.001
      vertex 0.329758 -15.0213 1.80805
      vertex 0.55957 -15.4873 1.80805
    endloop
  endfacet
  facet normal -0.609043 -0.694622 0.382841
    outer loop
      vertex 1.24751 -16.2534 2.001
      vertex 1.19089 -16.3101 1.80805
      vertex 1.58163 -16.6527 1.80805
    endloop
  endfacet
  facet normal -0.745419 -0.653684 0.130567
    outer loop
      vertex 0.848206 -15.9193 1.80805
      vertex 0.826584 -15.936 1.601
      vertex 1.17157 -16.3294 1.601
    endloop
  endfacet
  facet normal -0.607458 -0.0398177 0.793353
    outer loop
      vertex 0.431641 -13.9707 2.29382
      vertex 0.234314 -13.4933 2.16669
      vertex 0.267029 -13.9924 2.16669
    endloop
  endfacet
  facet normal -0.791669 -0.0518923 0.608742
    outer loop
      vertex 0.234314 -13.4933 2.16669
      vertex 0.107178 -13.4974 2.001
      vertex 0.267029 -13.9924 2.16669
    endloop
  endfacet
  facet normal -0.655974 0.743437 0.130382
    outer loop
      vertex 1.56421 16.6738 1.601
      vertex 1.56489 16.6395 1.8
      vertex 1.58019 16.653 1.8
    endloop
  endfacet
  facet normal -0.65389 0.745218 0.130682
    outer loop
      vertex 1.56489 16.6395 1.8
      vertex 1.56421 16.6738 1.601
      vertex 1.17091 16.3287 1.601
    endloop
  endfacet
  facet normal -0.972511 0.192898 0.130433
    outer loop
      vertex 0.136063 14.5353 1.601
      vertex 0.157437 14.5085 1.8
      vertex 0.161404 14.5285 1.8
    endloop
  endfacet
  facet normal -0.972447 0.1932 0.130466
    outer loop
      vertex 0.157437 14.5085 1.8
      vertex 0.136063 14.5353 1.601
      vertex 0.0341034 14.0221 1.601
    endloop
  endfacet
  facet normal -0.669577 -0.227302 -0.707108
    outer loop
      vertex 0.674835 -14.8783 0
      vertex 0.304489 -15.0317 0.4
      vertex 0.523499 -14.4325 0
    endloop
  endfacet
  facet normal -0.634193 -0.312727 -0.707108
    outer loop
      vertex 0.883026 -15.3005 0
      vertex 0.304489 -15.0317 0.4
      vertex 0.674835 -14.8783 0
    endloop
  endfacet
  facet normal 0.112732 -0.0555761 0.99207
    outer loop
      vertex 123.324 -14.7292 2.4
      vertex 123.319 -15.2081 2.37374
      vertex 123.516 -14.8085 2.37374
    endloop
  endfacet
  facet normal 0.123249 -0.024537 0.992072
    outer loop
      vertex 123.746 -13.9497 2.37374
      vertex 123.54 -13.9227 2.4
      vertex 123.659 -14.3867 2.37374
    endloop
  endfacet
  facet normal 0.659614 0.751604 -0
    outer loop
      vertex 123.198 16.3311 0.4
      vertex 122.805 16.676 1.601
      vertex 123.198 16.3311 1.601
    endloop
  endfacet
  facet normal 0.659614 0.751604 0
    outer loop
      vertex 122.805 16.676 1.601
      vertex 123.198 16.3311 0.4
      vertex 122.805 16.676 0.4
    endloop
  endfacet
  facet normal 0.55083 0.824242 0.131194
    outer loop
      vertex 122.37 16.9667 1.601
      vertex 122.356 16.9431 1.80805
      vertex 122.788 16.6544 1.80805
    endloop
  endfacet
  facet normal 0.074663 0.375463 0.923825
    outer loop
      vertex 121.301 16.9791 2.29382
      vertex 120.814 16.8793 2.37374
      vertex 121.251 16.7924 2.37374
    endloop
  endfacet
  facet normal 0.122908 0.362308 0.923919
    outer loop
      vertex 121.747 16.8278 2.29382
      vertex 121.301 16.9791 2.29382
      vertex 121.673 16.6491 2.37374
    endloop
  endfacet
  facet normal 0.0944492 -0.082887 0.992073
    outer loop
      vertex 122.907 -15.4522 2.4
      vertex 122.631 -15.7667 2.4
      vertex 122.778 -15.9135 2.37374
    endloop
  endfacet
  facet normal -0.0519524 0.791709 0.608685
    outer loop
      vertex 4.00682 17.2666 2.16669
      vertex 3.76047 17.3155 2.08206
      vertex 3.73404 17.2487 2.16669
    endloop
  endfacet
  facet normal -0.0520839 0.791499 0.608947
    outer loop
      vertex 3.76047 17.3155 2.08206
      vertex 4.00682 17.2666 2.16669
      vertex 4.00264 17.3938 2.001
    endloop
  endfacet
  facet normal -0.0608028 0.922034 0.382304
    outer loop
      vertex 4.00264 17.3938 2.001
      vertex 3.8059 17.4303 1.88168
      vertex 3.78579 17.3795 2.001
    endloop
  endfacet
  facet normal -0.0609698 0.921923 0.382546
    outer loop
      vertex 3.8059 17.4303 1.88168
      vertex 4.00264 17.3938 2.001
      vertex 4.00017 17.4737 1.80805
    endloop
  endfacet
  facet normal 0.318598 -0.213316 0.923576
    outer loop
      vertex 123.319 -15.2081 2.37374
      vertex 123.071 -15.5785 2.37374
      vertex 123.486 -15.3047 2.29382
    endloop
  endfacet
  facet normal 0.939151 0.318421 0.128852
    outer loop
      vertex 124.233 14.5379 1.601
      vertex 124.065 15.0334 1.601
      vertex 124.207 14.5308 1.80805
    endloop
  endfacet
  facet normal 0.97265 0.193317 0.128768
    outer loop
      vertex 124.233 14.5379 1.601
      vertex 124.207 14.5308 1.80805
      vertex 124.335 14.0247 1.601
    endloop
  endfacet
  facet normal 0.070012 0.104837 0.992022
    outer loop
      vertex 122.072 16.4521 2.37374
      vertex 121.969 16.2724 2.4
      vertex 122.317 16.04 2.4
    endloop
  endfacet
  facet normal 0.0556366 0.113078 0.992027
    outer loop
      vertex 122.072 16.4521 2.37374
      vertex 121.593 16.4574 2.4
      vertex 121.969 16.2724 2.4
    endloop
  endfacet
  facet normal 0.21228 0.318096 0.923987
    outer loop
      vertex 122.561 16.358 2.29382
      vertex 122.169 16.6196 2.29382
      vertex 122.443 16.2046 2.37374
    endloop
  endfacet
  facet normal 0.212161 0.318027 0.924038
    outer loop
      vertex 122.169 16.6196 2.29382
      vertex 122.072 16.4521 2.37374
      vertex 122.443 16.2046 2.37374
    endloop
  endfacet
  facet normal 0.123093 0.362492 0.923822
    outer loop
      vertex 121.301 16.9791 2.29382
      vertex 121.251 16.7924 2.37374
      vertex 121.673 16.6491 2.37374
    endloop
  endfacet
  facet normal 0.0404196 0.11903 0.992068
    outer loop
      vertex 121.673 16.6491 2.37374
      vertex 121.251 16.7924 2.37374
      vertex 121.593 16.4574 2.4
    endloop
  endfacet
  facet normal 0.768721 0.513934 0.38071
    outer loop
      vertex 123.521 15.921 1.80805
      vertex 123.458 15.8723 2.001
      vertex 123.741 15.449 2.001
    endloop
  endfacet
  facet normal 0.659622 0.440994 0.608624
    outer loop
      vertex 123.458 15.8723 2.001
      vertex 123.357 15.7947 2.16669
      vertex 123.741 15.449 2.001
    endloop
  endfacet
  facet normal 0.939017 0.318602 0.129384
    outer loop
      vertex 124.065 15.0334 1.601
      vertex 124.04 15.023 1.80805
      vertex 124.207 14.5308 1.80805
    endloop
  endfacet
  facet normal 0.889184 0.438868 0.129408
    outer loop
      vertex 124.065 15.0334 1.601
      vertex 123.81 15.489 1.80805
      vertex 124.04 15.023 1.80805
    endloop
  endfacet
  facet normal 0.401005 0.456809 0.794053
    outer loop
      vertex 123.032 16.165 2.16669
      vertex 122.662 16.4898 2.16669
      vertex 122.914 16.0476 2.29382
    endloop
  endfacet
  facet normal 0.456754 0.400878 0.794149
    outer loop
      vertex 123.032 16.165 2.16669
      vertex 122.914 16.0476 2.29382
      vertex 123.357 15.7947 2.16669
    endloop
  endfacet
  facet normal 0.35057 0.711442 0.609057
    outer loop
      vertex 121.859 17.0989 2.001
      vertex 121.81 16.9812 2.16669
      vertex 122.252 16.7634 2.16669
    endloop
  endfacet
  facet normal 0.269315 0.546545 0.792943
    outer loop
      vertex 121.81 16.9812 2.16669
      vertex 121.747 16.8278 2.29382
      vertex 122.252 16.7634 2.16669
    endloop
  endfacet
  facet normal 0.874845 -0.296889 0.382757
    outer loop
      vertex 124.207 -14.5334 1.80805
      vertex 123.966 -14.9948 2.001
      vertex 124.04 -15.0255 1.80805
    endloop
  endfacet
  facet normal 0.938997 -0.31866 0.129384
    outer loop
      vertex 124.207 -14.5334 1.80805
      vertex 124.04 -15.0255 1.80805
      vertex 124.065 -15.0359 1.601
    endloop
  endfacet
  facet normal 0.5965 -0.523437 0.608442
    outer loop
      vertex 123.357 -15.7973 2.16669
      vertex 123.122 -16.2577 2.001
      vertex 123.458 -15.8748 2.001
    endloop
  endfacet
  facet normal 0.550822 -0.824244 0.131213
    outer loop
      vertex 122.788 -16.657 1.80805
      vertex 122.37 -16.9693 1.601
      vertex 122.805 -16.6786 1.601
    endloop
  endfacet
  facet normal 0.513309 -0.767785 0.383432
    outer loop
      vertex 122.739 -16.5934 2.001
      vertex 122.316 -16.8762 2.001
      vertex 122.788 -16.657 1.80805
    endloop
  endfacet
  facet normal 0.51321 -0.768215 0.382703
    outer loop
      vertex 122.788 -16.657 1.80805
      vertex 122.316 -16.8762 2.001
      vertex 122.356 -16.9456 1.80805
    endloop
  endfacet
  facet normal 0.823924 -0.551177 0.131736
    outer loop
      vertex 123.834 -15.5052 1.601
      vertex 123.521 -15.9236 1.80805
      vertex 123.543 -15.9402 1.601
    endloop
  endfacet
  facet normal 0.169178 -0.342905 0.92401
    outer loop
      vertex 122.072 -16.4547 2.37374
      vertex 121.747 -16.8304 2.29382
      vertex 122.169 -16.6222 2.29382
    endloop
  endfacet
  facet normal 0.122963 -0.362362 0.923891
    outer loop
      vertex 121.673 -16.6517 2.37374
      vertex 121.251 -16.7949 2.37374
      vertex 121.301 -16.9817 2.29382
    endloop
  endfacet
  facet normal 0.122908 -0.362308 0.923919
    outer loop
      vertex 121.673 -16.6517 2.37374
      vertex 121.301 -16.9817 2.29382
      vertex 121.747 -16.8304 2.29382
    endloop
  endfacet
  facet normal 0.269417 -0.5465 0.792939
    outer loop
      vertex 122.252 -16.7659 2.16669
      vertex 121.747 -16.8304 2.29382
      vertex 121.81 -16.9838 2.16669
    endloop
  endfacet
  facet normal 0.212161 -0.318027 0.924038
    outer loop
      vertex 122.443 -16.2072 2.37374
      vertex 122.072 -16.4547 2.37374
      vertex 122.169 -16.6222 2.29382
    endloop
  endfacet
  facet normal -0.26921 -0.545894 0.793426
    outer loop
      vertex 2.20049 -16.6179 2.29382
      vertex 2.1174 -16.7617 2.16669
      vertex 2.62267 -16.8261 2.29382
    endloop
  endfacet
  facet normal -0.338142 -0.506076 0.79344
    outer loop
      vertex 2.20049 -16.6179 2.29382
      vertex 1.70792 -16.4881 2.16669
      vertex 2.1174 -16.7617 2.16669
    endloop
  endfacet
  facet normal -0.523123 -0.596436 0.608775
    outer loop
      vertex 1.70792 -16.4881 2.16669
      vertex 1.24751 -16.2534 2.001
      vertex 1.63037 -16.5892 2.001
    endloop
  endfacet
  facet normal -0.609248 -0.694629 0.382502
    outer loop
      vertex 1.63037 -16.5892 2.001
      vertex 1.24751 -16.2534 2.001
      vertex 1.58163 -16.6527 1.80805
    endloop
  endfacet
  facet normal -0.296899 -0.874854 0.382729
    outer loop
      vertex 2.99251 -17.2609 2.001
      vertex 2.51044 -17.0973 2.001
      vertex 2.97185 -17.3383 1.80805
    endloop
  endfacet
  facet normal -0.297037 -0.874917 0.382478
    outer loop
      vertex 2.51044 -17.0973 2.001
      vertex 2.47966 -17.1712 1.80805
      vertex 2.97185 -17.3383 1.80805
    endloop
  endfacet
  facet normal -0.408647 -0.828575 0.382715
    outer loop
      vertex 2.05362 -16.872 2.001
      vertex 2.01363 -16.9414 1.80805
      vertex 2.51044 -17.0973 2.001
    endloop
  endfacet
  facet normal -0.513339 -0.768142 0.382677
    outer loop
      vertex 2.05362 -16.872 2.001
      vertex 1.58163 -16.6527 1.80805
      vertex 2.01363 -16.9414 1.80805
    endloop
  endfacet
  facet normal -0.938904 0.31845 0.13057
    outer loop
      vertex 0.136063 14.5353 1.601
      vertex 0.167943 14.5477 1.8
      vertex 0.304123 15.0308 1.601
    endloop
  endfacet
  facet normal -0.93852 0.319635 0.130435
    outer loop
      vertex 0.167943 14.5477 1.8
      vertex 0.136063 14.5353 1.601
      vertex 0.161404 14.5285 1.8
    endloop
  endfacet
  facet normal -1 0 0
    outer loop
      vertex 0 -13.5009 0.4
      vertex 0 13.5009 1.601
      vertex 0 13.5009 0.4
    endloop
  endfacet
  facet normal -1 -0 0
    outer loop
      vertex 0 13.5009 1.601
      vertex 0 -13.5009 0.4
      vertex 0 -13.5009 1.601
    endloop
  endfacet
  facet normal -0.991449 0 0.130492
    outer loop
      vertex 0 13.5009 1.601
      vertex 0.0261919 -13.1298 1.8
      vertex 0.0261919 13.4999 1.8
    endloop
  endfacet
  facet normal -0.991449 -2.00399e-06 0.130496
    outer loop
      vertex 0.0261919 -13.1298 1.8
      vertex 0 -13.5009 1.601
      vertex 0.0272522 -13.4999 1.80805
    endloop
  endfacet
  facet normal -0.991449 0 0.130492
    outer loop
      vertex 0 -13.5009 1.601
      vertex 0.0261919 -13.1298 1.8
      vertex 0 13.5009 1.601
    endloop
  endfacet
  facet normal -0.991437 0 0.130586
    outer loop
      vertex 0.0272522 -13.1298 1.80805
      vertex 0.0261919 -13.1298 1.8
      vertex 0.0272522 -13.4999 1.80805
    endloop
  endfacet
  facet normal -0.972446 0.193195 0.130478
    outer loop
      vertex 0.157437 14.5085 1.8
      vertex 0.0341034 14.0221 1.601
      vertex 0.0601487 14.0188 1.8
    endloop
  endfacet
  facet normal -0.751855 -0.659328 0
    outer loop
      vertex 1.17157 -16.3294 0.4
      vertex 0.826584 -15.936 1.601
      vertex 0.826584 -15.936 0.4
    endloop
  endfacet
  facet normal -0.751855 -0.659328 0
    outer loop
      vertex 0.826584 -15.936 1.601
      vertex 1.17157 -16.3294 0.4
      vertex 1.17157 -16.3294 1.601
    endloop
  endfacet
  facet normal -0.6342 -0.312795 -0.707072
    outer loop
      vertex 0.535904 -15.5009 0.4
      vertex 0.304489 -15.0317 0.4
      vertex 0.883026 -15.3005 0
    endloop
  endfacet
  facet normal -0.669643 0.227124 -0.707102
    outer loop
      vertex 0.5233 14.4317 0
      vertex 0.136063 14.5353 0.4
      vertex 0.674469 14.8774 0
    endloop
  endfacet
  facet normal -0.997866 0.0652928 0
    outer loop
      vertex 0 13.5009 0.4
      vertex 0.0341034 14.0221 1.601
      vertex 0.0341034 14.0221 0.4
    endloop
  endfacet
  facet normal -0.997866 0.0652928 0
    outer loop
      vertex 0.0341034 14.0221 1.601
      vertex 0 13.5009 0.4
      vertex 0 13.5009 1.601
    endloop
  endfacet
  facet normal -0.694608 -0.609208 0.382603
    outer loop
      vertex 0.911774 -15.8706 2.001
      vertex 0.848206 -15.9193 1.80805
      vertex 1.24751 -16.2534 2.001
    endloop
  endfacet
  facet normal -0.889186 -0.438557 0.130441
    outer loop
      vertex 0.55957 -15.4873 1.80805
      vertex 0.304489 -15.0317 1.601
      vertex 0.535904 -15.5009 1.601
    endloop
  endfacet
  facet normal -0.608759 0 0.793355
    outer loop
      vertex 0.234314 -13.1295 2.16669
      vertex 0.399994 -13.4878 2.29382
      vertex 0.399994 -13.1292 2.29382
    endloop
  endfacet
  facet normal -0.608759 0 0.793355
    outer loop
      vertex 0.399994 -13.4878 2.29382
      vertex 0.234314 -13.1295 2.16669
      vertex 0.234314 -13.4933 2.16669
    endloop
  endfacet
  facet normal -0.793359 0 0.608754
    outer loop
      vertex 0.107178 -13.1296 2.001
      vertex 0.234314 -13.4933 2.16669
      vertex 0.234314 -13.1295 2.16669
    endloop
  endfacet
  facet normal -0.793359 0 0.608754
    outer loop
      vertex 0.234314 -13.4933 2.16669
      vertex 0.107178 -13.1296 2.001
      vertex 0.107178 -13.4974 2.001
    endloop
  endfacet
  facet normal -0.906112 -0.180216 0.382732
    outer loop
      vertex 0.140717 -14.009 2.001
      vertex 0.0613251 -14.0196 1.80805
      vertex 0.162659 -14.5291 1.80805
    endloop
  endfacet
  facet normal -0.778131 -0.154763 0.608737
    outer loop
      vertex 0.267029 -13.9924 2.16669
      vertex 0.240036 -14.5084 2.001
      vertex 0.363113 -14.4755 2.16669
    endloop
  endfacet
  facet normal -0.653888 0.745222 0.130672
    outer loop
      vertex 1.56489 16.6395 1.8
      vertex 1.17091 16.3287 1.601
      vertex 1.18948 16.3101 1.8
    endloop
  endfacet
  facet normal -0.74551 0.653563 0.130655
    outer loop
      vertex 1.17091 16.3287 1.601
      vertex 0.860292 15.9346 1.8
      vertex 1.18948 16.3101 1.8
    endloop
  endfacet
  facet normal -0.555776 0.831332 0
    outer loop
      vertex 1.99919 16.9646 0.4
      vertex 1.56421 16.6738 1.601
      vertex 1.99919 16.9646 1.601
    endloop
  endfacet
  facet normal -0.555776 0.831332 0
    outer loop
      vertex 1.56421 16.6738 1.601
      vertex 1.99919 16.9646 0.4
      vertex 1.56421 16.6738 0.4
    endloop
  endfacet
  facet normal -0.659546 0.751664 0
    outer loop
      vertex 1.56421 16.6738 0.4
      vertex 1.17091 16.3287 1.601
      vertex 1.56421 16.6738 1.601
    endloop
  endfacet
  facet normal -0.659546 0.751664 0
    outer loop
      vertex 1.17091 16.3287 1.601
      vertex 1.56421 16.6738 0.4
      vertex 1.17091 16.3287 0.4
    endloop
  endfacet
  facet normal 0.513387 0.767902 0.383093
    outer loop
      vertex 122.788 16.6544 1.80805
      vertex 122.316 16.8737 2.001
      vertex 122.739 16.5909 2.001
    endloop
  endfacet
  facet normal 0.441317 0.660102 0.607869
    outer loop
      vertex 122.739 16.5909 2.001
      vertex 122.316 16.8737 2.001
      vertex 122.662 16.4898 2.16669
    endloop
  endfacet
  facet normal 0.550822 0.824244 0.131213
    outer loop
      vertex 122.805 16.676 1.601
      vertex 122.37 16.9667 1.601
      vertex 122.788 16.6544 1.80805
    endloop
  endfacet
  facet normal 0.653893 0.745086 0.131418
    outer loop
      vertex 122.805 16.676 1.601
      vertex 122.788 16.6544 1.80805
      vertex 123.198 16.3311 1.601
    endloop
  endfacet
  facet normal -0.000159226 0.608763 0.793352
    outer loop
      vertex 6.6715 17.2419 2.18616
      vertex 4.01239 17.1009 2.29382
      vertex 6.68868 17.1016 2.29382
    endloop
  endfacet
  facet normal -0.000154703 0.60871 0.793393
    outer loop
      vertex 4.01239 17.1009 2.29382
      vertex 6.6715 17.2419 2.18616
      vertex 4.00682 17.2666 2.16669
    endloop
  endfacet
  facet normal -0.0399675 0.607381 0.793405
    outer loop
      vertex 3.68917 17.1352 2.25128
      vertex 4.01239 17.1009 2.29382
      vertex 4.00682 17.2666 2.16669
    endloop
  endfacet
  facet normal -0.0398964 0.607726 0.793144
    outer loop
      vertex 4.01239 17.1009 2.29382
      vertex 3.68917 17.1352 2.25128
      vertex 3.66661 17.0782 2.29382
    endloop
  endfacet
  facet normal 0.374847 -0.074661 0.924075
    outer loop
      vertex 123.938 -13.9749 2.29382
      vertex 123.746 -13.9497 2.37374
      vertex 123.846 -14.4368 2.29382
    endloop
  endfacet
  facet normal 0.362036 -0.122739 0.924048
    outer loop
      vertex 123.659 -14.3867 2.37374
      vertex 123.516 -14.8085 2.37374
      vertex 123.846 -14.4368 2.29382
    endloop
  endfacet
  facet normal 0.506223 -0.337396 0.793664
    outer loop
      vertex 123.486 -15.3047 2.29382
      vertex 123.225 -15.6963 2.29382
      vertex 123.357 -15.7973 2.16669
    endloop
  endfacet
  facet normal 0.506074 -0.337383 0.793764
    outer loop
      vertex 123.486 -15.3047 2.29382
      vertex 123.357 -15.7973 2.16669
      vertex 123.63 -15.3878 2.16669
    endloop
  endfacet
  facet normal 0.343603 -0.170093 0.923583
    outer loop
      vertex 123.695 -14.8825 2.29382
      vertex 123.319 -15.2081 2.37374
      vertex 123.486 -15.3047 2.29382
    endloop
  endfacet
  facet normal 0.342743 -0.16897 0.924108
    outer loop
      vertex 123.516 -14.8085 2.37374
      vertex 123.319 -15.2081 2.37374
      vertex 123.695 -14.8825 2.29382
    endloop
  endfacet
  facet normal 0.972585 -0.192761 0.130087
    outer loop
      vertex 124.308 -14.0238 1.80805
      vertex 124.207 -14.5334 1.80805
      vertex 124.335 -14.0273 1.601
    endloop
  endfacet
  facet normal 0.989384 -0.0647278 0.130113
    outer loop
      vertex 124.342 -13.5041 1.80805
      vertex 124.308 -14.0238 1.80805
      vertex 124.335 -14.0273 1.601
    endloop
  endfacet
  facet normal 0.904859 -0.181189 0.385227
    outer loop
      vertex 124.229 -14.0133 2.001
      vertex 124.129 -14.5127 2.001
      vertex 124.207 -14.5334 1.80805
    endloop
  endfacet
  facet normal 0.776396 -0.155466 0.61077
    outer loop
      vertex 124.229 -14.0133 2.001
      vertex 124.102 -13.9966 2.16669
      vertex 124.129 -14.5127 2.001
    endloop
  endfacet
  facet normal 0.608742 -0.694513 0.383516
    outer loop
      vertex 123.122 -16.2577 2.001
      vertex 122.739 -16.5934 2.001
      vertex 122.788 -16.657 1.80805
    endloop
  endfacet
  facet normal 0.654001 -0.744992 0.131417
    outer loop
      vertex 123.198 -16.3336 1.601
      vertex 122.788 -16.657 1.80805
      vertex 122.805 -16.6786 1.601
    endloop
  endfacet
  facet normal 0.745304 -0.653609 0.131594
    outer loop
      vertex 123.521 -15.9236 1.80805
      vertex 123.198 -16.3336 1.601
      vertex 123.543 -15.9402 1.601
    endloop
  endfacet
  facet normal 0.0403948 -0.119041 0.992067
    outer loop
      vertex 121.593 -16.46 2.4
      vertex 121.251 -16.7949 2.37374
      vertex 121.673 -16.6517 2.37374
    endloop
  endfacet
  facet normal 0.338008 -0.506518 0.793215
    outer loop
      vertex 122.662 -16.4923 2.16669
      vertex 122.169 -16.6222 2.29382
      vertex 122.252 -16.7659 2.16669
    endloop
  endfacet
  facet normal 0.337986 -0.506269 0.793383
    outer loop
      vertex 122.561 -16.3605 2.29382
      vertex 122.169 -16.6222 2.29382
      vertex 122.662 -16.4923 2.16669
    endloop
  endfacet
  facet normal 0.169381 -0.343061 0.923915
    outer loop
      vertex 122.072 -16.4547 2.37374
      vertex 121.673 -16.6517 2.37374
      vertex 121.747 -16.8304 2.29382
    endloop
  endfacet
  facet normal -0.408614 -0.828662 0.382562
    outer loop
      vertex 2.51044 -17.0973 2.001
      vertex 2.01363 -16.9414 1.80805
      vertex 2.47966 -17.1712 1.80805
    endloop
  endfacet
  facet normal -0.438466 -0.8892 0.130656
    outer loop
      vertex 2.47966 -17.1712 1.80805
      vertex 2.01363 -16.9414 1.80805
      vertex 2.46927 -17.1965 1.601
    endloop
  endfacet
  facet normal -0.921908 -0.0604376 0.382666
    outer loop
      vertex 0.107178 -13.4974 2.001
      vertex 0.0272522 -13.4999 1.80805
      vertex 0.140717 -14.009 2.001
    endloop
  endfacet
  facet normal -0.53162 -0.466196 -0.707136
    outer loop
      vertex 1.17157 -16.3294 0.4
      vertex 0.826584 -15.936 0.4
      vertex 1.45502 -16.0459 0
    endloop
  endfacet
  facet normal -0.46621 -0.531601 -0.707141
    outer loop
      vertex 1.56496 -16.6744 0.4
      vertex 1.17157 -16.3294 0.4
      vertex 1.45502 -16.0459 0
    endloop
  endfacet
  facet normal -0.889193 -0.438513 0.130546
    outer loop
      vertex 0.329758 -15.0213 1.80805
      vertex 0.304489 -15.0317 1.601
      vertex 0.55957 -15.4873 1.80805
    endloop
  endfacet
  facet normal -0.824384 -0.550803 0.130407
    outer loop
      vertex 0.55957 -15.4873 1.80805
      vertex 0.535904 -15.5009 1.601
      vertex 0.848206 -15.9193 1.80805
    endloop
  endfacet
  facet normal -0.989322 -0.0648411 0.130529
    outer loop
      vertex 0.0272522 -13.4999 1.80805
      vertex 0 -13.5009 1.601
      vertex 0.0342255 -14.0231 1.601
    endloop
  endfacet
  facet normal -0.997859 -0.0654007 0
    outer loop
      vertex 0.0342255 -14.0231 0.4
      vertex 0 -13.5009 1.601
      vertex 0 -13.5009 0.4
    endloop
  endfacet
  facet normal -0.997859 -0.0654007 0
    outer loop
      vertex 0 -13.5009 1.601
      vertex 0.0342255 -14.0231 0.4
      vertex 0.0342255 -14.0231 1.601
    endloop
  endfacet
  facet normal -0.946932 -0.321435 0
    outer loop
      vertex 0.304489 -15.0317 0.4
      vertex 0.136292 -14.5362 1.601
      vertex 0.136292 -14.5362 0.4
    endloop
  endfacet
  facet normal -0.946932 -0.321435 0
    outer loop
      vertex 0.136292 -14.5362 1.601
      vertex 0.304489 -15.0317 0.4
      vertex 0.304489 -15.0317 1.601
    endloop
  endfacet
  facet normal -0.669589 -0.227291 -0.707099
    outer loop
      vertex 0.304489 -15.0317 0.4
      vertex 0.136292 -14.5362 0.4
      vertex 0.523499 -14.4325 0
    endloop
  endfacet
  facet normal -0.69355 0.13779 -0.707108
    outer loop
      vertex 0.5233 14.4317 0
      vertex 0.0341034 14.0221 0.4
      vertex 0.136063 14.5353 0.4
    endloop
  endfacet
  facet normal -0.693549 0.137788 -0.70711
    outer loop
      vertex 0.431534 13.9698 0
      vertex 0.0341034 14.0221 0.4
      vertex 0.5233 14.4317 0
    endloop
  endfacet
  facet normal -0.768189 -0.513257 0.382691
    outer loop
      vertex 0.628967 -15.4473 2.001
      vertex 0.55957 -15.4873 1.80805
      vertex 0.848206 -15.9193 1.80805
    endloop
  endfacet
  facet normal -0.768222 -0.51325 0.382636
    outer loop
      vertex 0.911774 -15.8706 2.001
      vertex 0.628967 -15.4473 2.001
      vertex 0.848206 -15.9193 1.80805
    endloop
  endfacet
  facet normal -0.745448 -0.653667 0.130489
    outer loop
      vertex 1.19089 -16.3101 1.80805
      vertex 0.848206 -15.9193 1.80805
      vertex 1.17157 -16.3294 1.601
    endloop
  endfacet
  facet normal -0.653634 -0.745478 0.13048
    outer loop
      vertex 1.19089 -16.3101 1.80805
      vertex 1.17157 -16.3294 1.601
      vertex 1.58163 -16.6527 1.80805
    endloop
  endfacet
  facet normal -0.906124 -0.180207 0.382708
    outer loop
      vertex 0.240036 -14.5084 2.001
      vertex 0.140717 -14.009 2.001
      vertex 0.162659 -14.5291 1.80805
    endloop
  endfacet
  facet normal -0.874846 -0.29697 0.382691
    outer loop
      vertex 0.240036 -14.5084 2.001
      vertex 0.162659 -14.5291 1.80805
      vertex 0.403687 -14.9905 2.001
    endloop
  endfacet
  facet normal 0.123696 -0.0244195 0.99202
    outer loop
      vertex 123.54 -13.9227 2.4
      vertex 123.459 -14.333 2.4
      vertex 123.659 -14.3867 2.37374
    endloop
  endfacet
  facet normal 0.653582 -0.745697 0.129486
    outer loop
      vertex 123.179 -16.3143 1.80805
      vertex 122.788 -16.657 1.80805
      vertex 123.198 -16.3336 1.601
    endloop
  endfacet
  facet normal 0.746124 -0.653121 0.129348
    outer loop
      vertex 123.521 -15.9236 1.80805
      vertex 123.179 -16.3143 1.80805
      vertex 123.198 -16.3336 1.601
    endloop
  endfacet
  facet normal 0.0245557 -0.12338 0.992056
    outer loop
      vertex 121.197 -16.5945 2.4
      vertex 120.787 -16.6761 2.4
      vertex 121.251 -16.7949 2.37374
    endloop
  endfacet
  facet normal -0.896849 -0.442337 0
    outer loop
      vertex 0.535904 -15.5009 0.4
      vertex 0.304489 -15.0317 1.601
      vertex 0.304489 -15.0317 0.4
    endloop
  endfacet
  facet normal -0.896849 -0.442337 0
    outer loop
      vertex 0.304489 -15.0317 1.601
      vertex 0.535904 -15.5009 0.4
      vertex 0.535904 -15.5009 1.601
    endloop
  endfacet
  facet normal -0.659641 -0.44073 0.608794
    outer loop
      vertex 0.739258 -15.3835 2.16669
      vertex 0.628967 -15.4473 2.001
      vertex 1.01286 -15.793 2.16669
    endloop
  endfacet
  facet normal -0.711537 -0.350909 0.608752
    outer loop
      vertex 0.739258 -15.3835 2.16669
      vertex 0.403687 -14.9905 2.001
      vertex 0.628967 -15.4473 2.001
    endloop
  endfacet
  facet normal 0.070012 -0.104837 0.992022
    outer loop
      vertex 122.317 -16.0426 2.4
      vertex 121.969 -16.275 2.4
      vertex 122.072 -16.4547 2.37374
    endloop
  endfacet
  facet normal 0.119021 -0.0403508 0.992072
    outer loop
      vertex 123.659 -14.3867 2.37374
      vertex 123.324 -14.7292 2.4
      vertex 123.516 -14.8085 2.37374
    endloop
  endfacet
  facet normal 0.119335 -0.0406617 0.992021
    outer loop
      vertex 123.459 -14.333 2.4
      vertex 123.324 -14.7292 2.4
      vertex 123.659 -14.3867 2.37374
    endloop
  endfacet
  facet normal 0.112714 -0.0555761 0.992072
    outer loop
      vertex 123.324 -14.7292 2.4
      vertex 123.139 -15.1044 2.4
      vertex 123.319 -15.2081 2.37374
    endloop
  endfacet
  facet normal 0 0 1
    outer loop
      vertex 42.268 13.8 1.8
      vertex 44.887 15.353 1.8
      vertex 44.804 16.117 1.8
    endloop
  endfacet
  facet normal 0 0 1
    outer loop
      vertex 42.268 13.8 1.8
      vertex 44.804 16.117 1.8
      vertex 44.6 16.797 1.8
    endloop
  endfacet
  facet normal 0 0 1
    outer loop
      vertex 44.041 12.897 1.8
      vertex 45.201 13.401 1.8
      vertex 45.136 13.76 1.8
    endloop
  endfacet
  facet normal 0 0 1
    outer loop
      vertex 45.201 13.401 1.8
      vertex 44.323 12.754 1.8
      vertex 45.157 13.16 1.8
    endloop
  endfacet
  facet normal 0 0 1
    outer loop
      vertex 43.729 13.3 1.8
      vertex 45.136 13.76 1.8
      vertex 44.852 14.284 1.8
    endloop
  endfacet
  facet normal 0 0 1
    outer loop
      vertex 45.201 13.401 1.8
      vertex 44.041 12.897 1.8
      vertex 44.323 12.754 1.8
    endloop
  endfacet
  facet normal 0 0 1
    outer loop
      vertex 43.63 13.376 1.8
      vertex 44.852 14.284 1.8
      vertex 44.802 14.475 1.8
    endloop
  endfacet
  facet normal 0 0 1
    outer loop
      vertex 44.887 15.353 1.8
      vertex 42.268 13.8 1.8
      vertex 44.802 14.475 1.8
    endloop
  endfacet
  facet normal 0 0 1
    outer loop
      vertex 45.136 13.76 1.8
      vertex 43.729 13.3 1.8
      vertex 44.041 12.897 1.8
    endloop
  endfacet
  facet normal 0 0 1
    outer loop
      vertex 41.393 14.18 1.8
      vertex 44.6 16.797 1.8
      vertex 44.486 17.048 1.8
    endloop
  endfacet
  facet normal 0 -0 1
    outer loop
      vertex 44.571 12.724 1.8
      vertex 45.157 13.16 1.8
      vertex 44.323 12.754 1.8
    endloop
  endfacet
  facet normal 0 0 1
    outer loop
      vertex 45.157 13.16 1.8
      vertex 44.571 12.724 1.8
      vertex 45.027 12.937 1.8
    endloop
  endfacet
  facet normal 0 0 1
    outer loop
      vertex 45.027 12.937 1.8
      vertex 44.571 12.724 1.8
      vertex 44.821 12.783 1.8
    endloop
  endfacet
  facet normal 0 0 1
    outer loop
      vertex 44.852 14.284 1.8
      vertex 43.63 13.376 1.8
      vertex 43.729 13.3 1.8
    endloop
  endfacet
  facet normal 0 0 1
    outer loop
      vertex 44.802 14.475 1.8
      vertex 42.268 13.8 1.8
      vertex 43.63 13.376 1.8
    endloop
  endfacet
  facet normal 0 0 1
    outer loop
      vertex 39.9202 17.479 1.8
      vertex 44.486 17.048 1.8
      vertex 44.566 17.316 1.8
    endloop
  endfacet
  facet normal 0 0 1
    outer loop
      vertex 44.6 16.797 1.8
      vertex 41.393 14.18 1.8
      vertex 42.268 13.8 1.8
    endloop
  endfacet
  facet normal 0 0 1
    outer loop
      vertex 44.486 17.048 1.8
      vertex 40.832 14.536 1.8
      vertex 41.393 14.18 1.8
    endloop
  endfacet
  facet normal -0 0 1
    outer loop
      vertex 39.9202 17.479 1.8
      vertex 44.566 17.316 1.8
      vertex 44.7623 17.479 1.8
    endloop
  endfacet
  facet normal 0 0 1
    outer loop
      vertex 44.486 17.048 1.8
      vertex 40.484 14.878 1.8
      vertex 40.832 14.536 1.8
    endloop
  endfacet
  facet normal 0 0 1
    outer loop
      vertex 44.486 17.048 1.8
      vertex 39.911 16.181 1.8
      vertex 40.484 14.878 1.8
    endloop
  endfacet
  facet normal 0 0 1
    outer loop
      vertex 40.484 14.878 1.8
      vertex 39.911 16.181 1.8
      vertex 40.294 15.124 1.8
    endloop
  endfacet
  facet normal 0 0 1
    outer loop
      vertex 40.294 15.124 1.8
      vertex 39.978 15.816 1.8
      vertex 40.079 15.516 1.8
    endloop
  endfacet
  facet normal 0 0 1
    outer loop
      vertex 44.486 17.048 1.8
      vertex 39.9202 17.479 1.8
      vertex 39.874 17.108 1.8
    endloop
  endfacet
  facet normal 0 0 1
    outer loop
      vertex 40.294 15.124 1.8
      vertex 39.911 16.181 1.8
      vertex 39.978 15.816 1.8
    endloop
  endfacet
  facet normal 0 0 1
    outer loop
      vertex 44.486 17.048 1.8
      vertex 39.874 17.108 1.8
      vertex 39.911 16.181 1.8
    endloop
  endfacet
  facet normal 0 0 1
    outer loop
      vertex 38.343 14.664 1.8
      vertex 36.801 13.977 1.8
      vertex 37.244 13.484 1.8
    endloop
  endfacet
  facet normal 0 0 1
    outer loop
      vertex 37.605 16.709 1.8
      vertex 36.572 14.034 1.8
      vertex 36.801 13.977 1.8
    endloop
  endfacet
  facet normal 0 0 1
    outer loop
      vertex 37.605 16.709 1.8
      vertex 35.291 13.92 1.8
      vertex 36.572 14.034 1.8
    endloop
  endfacet
  facet normal 0 0 1
    outer loop
      vertex 31.3057 17.4789 1.8
      vertex 37.483 17.095 1.8
      vertex 37.59 17.35 1.8
    endloop
  endfacet
  facet normal 0 0 1
    outer loop
      vertex 37.483 17.095 1.8
      vertex 34.528 13.962 1.8
      vertex 35.291 13.92 1.8
    endloop
  endfacet
  facet normal 0 0 1
    outer loop
      vertex 37.483 17.095 1.8
      vertex 34.094 14.07 1.8
      vertex 34.528 13.962 1.8
    endloop
  endfacet
  facet normal 0 0 1
    outer loop
      vertex 37.483 17.095 1.8
      vertex 33.596 14.26 1.8
      vertex 34.094 14.07 1.8
    endloop
  endfacet
  facet normal 0 0 1
    outer loop
      vertex 37.483 17.095 1.8
      vertex 32.833 14.731 1.8
      vertex 33.596 14.26 1.8
    endloop
  endfacet
  facet normal -0 0 1
    outer loop
      vertex 31.3057 17.4789 1.8
      vertex 37.59 17.35 1.8
      vertex 37.7593 17.479 1.8
    endloop
  endfacet
  facet normal 0 0 1
    outer loop
      vertex 37.483 17.095 1.8
      vertex 32.431 15.056 1.8
      vertex 32.833 14.731 1.8
    endloop
  endfacet
  facet normal 0 0 1
    outer loop
      vertex 37.483 17.095 1.8
      vertex 31.3057 17.4789 1.8
      vertex 32.431 15.056 1.8
    endloop
  endfacet
  facet normal 0 0 1
    outer loop
      vertex 32.431 15.056 1.8
      vertex 31.3057 17.4789 1.8
      vertex 31.96 15.53 1.8
    endloop
  endfacet
  facet normal -0 -0 1
    outer loop
      vertex 31.383 16.723 1.8
      vertex 31.96 15.53 1.8
      vertex 31.3057 17.4789 1.8
    endloop
  endfacet
  facet normal 0 0 1
    outer loop
      vertex 31.688 15.927 1.8
      vertex 31.383 16.723 1.8
      vertex 31.527 16.252 1.8
    endloop
  endfacet
  facet normal 0 0 1
    outer loop
      vertex 31.96 15.53 1.8
      vertex 31.383 16.723 1.8
      vertex 31.688 15.927 1.8
    endloop
  endfacet
  facet normal 0 0 1
    outer loop
      vertex 31.383 16.723 1.8
      vertex 31.3057 17.4789 1.8
      vertex 31.307 17.203 1.8
    endloop
  endfacet
  facet normal 0 0 1
    outer loop
      vertex 37.582 13.306 1.8
      vertex 38.534 13.882 1.8
      vertex 38.507 14.342 1.8
    endloop
  endfacet
  facet normal 0 0 1
    outer loop
      vertex 37.244 13.484 1.8
      vertex 38.507 14.342 1.8
      vertex 38.343 14.664 1.8
    endloop
  endfacet
  facet normal 0 -0 1
    outer loop
      vertex 37.879 13.266 1.8
      vertex 38.534 13.882 1.8
      vertex 37.582 13.306 1.8
    endloop
  endfacet
  facet normal 0 0 1
    outer loop
      vertex 36.801 13.977 1.8
      vertex 38.343 14.664 1.8
      vertex 37.955 15.109 1.8
    endloop
  endfacet
  facet normal 0 0 1
    outer loop
      vertex 38.507 14.342 1.8
      vertex 37.244 13.484 1.8
      vertex 37.582 13.306 1.8
    endloop
  endfacet
  facet normal 0 0 1
    outer loop
      vertex 36.801 13.977 1.8
      vertex 37.955 15.109 1.8
      vertex 37.857 15.289 1.8
    endloop
  endfacet
  facet normal 0 0 1
    outer loop
      vertex 36.801 13.977 1.8
      vertex 37.857 15.289 1.8
      vertex 37.784 15.519 1.8
    endloop
  endfacet
  facet normal 0 0 1
    outer loop
      vertex 36.801 13.977 1.8
      vertex 37.784 15.519 1.8
      vertex 37.605 16.709 1.8
    endloop
  endfacet
  facet normal 0 0 1
    outer loop
      vertex 38.534 13.882 1.8
      vertex 37.879 13.266 1.8
      vertex 38.451 13.623 1.8
    endloop
  endfacet
  facet normal 0 0 1
    outer loop
      vertex 35.291 13.92 1.8
      vertex 37.605 16.709 1.8
      vertex 37.483 17.095 1.8
    endloop
  endfacet
  facet normal 0 0 1
    outer loop
      vertex 38.451 13.623 1.8
      vertex 37.879 13.266 1.8
      vertex 38.249 13.393 1.8
    endloop
  endfacet
  facet normal -0 -0 1
    outer loop
      vertex 2.12 1.61299 1.8
      vertex 4.26299 -0.0290108 1.8
      vertex 2.11301 1.929 1.8
    endloop
  endfacet
  facet normal 0 0 1
    outer loop
      vertex 3.79401 -0.0970039 1.8
      vertex 2.12 1.61299 1.8
      vertex 2.277 0.699992 1.8
    endloop
  endfacet
  facet normal 0 0 1
    outer loop
      vertex 4.26299 -0.0290108 1.8
      vertex 2.12 1.61299 1.8
      vertex 3.79401 -0.0970039 1.8
    endloop
  endfacet
  facet normal 0 0 1
    outer loop
      vertex 7.81599 6.17999 1.8
      vertex 8.35499 5.56399 1.8
      vertex 8.322 5.802 1.8
    endloop
  endfacet
  facet normal 0 0 1
    outer loop
      vertex 7.81599 6.17999 1.8
      vertex 8.322 5.802 1.8
      vertex 8.208 5.994 1.8
    endloop
  endfacet
  facet normal -0 0 1
    outer loop
      vertex 7.60599 6.15798 1.8
      vertex 8.35499 5.56399 1.8
      vertex 7.81599 6.17999 1.8
    endloop
  endfacet
  facet normal 0 0 1
    outer loop
      vertex 7.81599 6.17999 1.8
      vertex 8.208 5.994 1.8
      vertex 8.029 6.12599 1.8
    endloop
  endfacet
  facet normal 0 0 1
    outer loop
      vertex 8.29499 5.315 1.8
      vertex 7.60599 6.15798 1.8
      vertex 8.104 5.00099 1.8
    endloop
  endfacet
  facet normal 0 0 1
    outer loop
      vertex 8.35499 5.56399 1.8
      vertex 7.60599 6.15798 1.8
      vertex 8.29499 5.315 1.8
    endloop
  endfacet
  facet normal -0 0 1
    outer loop
      vertex 7.21 5.99699 1.8
      vertex 8.104 5.00099 1.8
      vertex 7.60599 6.15798 1.8
    endloop
  endfacet
  facet normal 0 0 1
    outer loop
      vertex 8.104 5.00099 1.8
      vertex 7.21 5.99699 1.8
      vertex 7.835 4.72 1.8
    endloop
  endfacet
  facet normal 0 0 1
    outer loop
      vertex 4.878 5.328 1.8
      vertex 7.66 3.02899 1.8
      vertex 7.66199 3.791 1.8
    endloop
  endfacet
  facet normal -0 0 1
    outer loop
      vertex 6.852 5.716 1.8
      vertex 7.835 4.72 1.8
      vertex 7.21 5.99699 1.8
    endloop
  endfacet
  facet normal 0 0 1
    outer loop
      vertex 7.835 4.72 1.8
      vertex 6.852 5.716 1.8
      vertex 7.73299 4.481 1.8
    endloop
  endfacet
  facet normal 0 0 1
    outer loop
      vertex 7.73299 4.481 1.8
      vertex 6.52799 5.58599 1.8
      vertex 7.66199 3.791 1.8
    endloop
  endfacet
  facet normal -0 0 1
    outer loop
      vertex 5.47599 5.47698 1.8
      vertex 7.66199 3.791 1.8
      vertex 6.52799 5.58599 1.8
    endloop
  endfacet
  facet normal -0 0 1
    outer loop
      vertex 6.52799 5.58599 1.8
      vertex 7.73299 4.481 1.8
      vertex 6.852 5.716 1.8
    endloop
  endfacet
  facet normal -0 0 1
    outer loop
      vertex 4.878 5.328 1.8
      vertex 7.66199 3.791 1.8
      vertex 5.47599 5.47698 1.8
    endloop
  endfacet
  facet normal -0 0 1
    outer loop
      vertex 4.36899 5.091 1.8
      vertex 7.66 3.02899 1.8
      vertex 4.878 5.328 1.8
    endloop
  endfacet
  facet normal -0 0 1
    outer loop
      vertex 3.80401 4.67999 1.8
      vertex 7.66 3.02899 1.8
      vertex 4.36899 5.091 1.8
    endloop
  endfacet
  facet normal 0 0 1
    outer loop
      vertex 7.66 3.02899 1.8
      vertex 3.80401 4.67999 1.8
      vertex 7.61999 2.58499 1.8
    endloop
  endfacet
  facet normal 0 -0 1
    outer loop
      vertex 7.02 1.26699 1.8
      vertex 7.61999 2.58499 1.8
      vertex 3.80401 4.67999 1.8
    endloop
  endfacet
  facet normal 0 0 1
    outer loop
      vertex 7.61999 2.58499 1.8
      vertex 7.02 1.26699 1.8
      vertex 7.51299 2.07699 1.8
    endloop
  endfacet
  facet normal 0 0 1
    outer loop
      vertex 7.51299 2.07699 1.8
      vertex 7.02 1.26699 1.8
      vertex 7.35499 1.71299 1.8
    endloop
  endfacet
  facet normal 0 0 1
    outer loop
      vertex 7.02 1.26699 1.8
      vertex 3.80401 4.67999 1.8
      vertex 6.76699 1.00999 1.8
    endloop
  endfacet
  facet normal -0 0 1
    outer loop
      vertex 3.217 4.093 1.8
      vertex 6.76699 1.00999 1.8
      vertex 3.80401 4.67999 1.8
    endloop
  endfacet
  facet normal 0 0 1
    outer loop
      vertex 6.76699 1.00999 1.8
      vertex 3.217 4.093 1.8
      vertex 6.11599 0.431987 1.8
    endloop
  endfacet
  facet normal -0 0 1
    outer loop
      vertex 2.83501 3.638 1.8
      vertex 6.11599 0.431987 1.8
      vertex 3.217 4.093 1.8
    endloop
  endfacet
  facet normal 0 -0 1
    outer loop
      vertex 4.26299 -0.0290108 1.8
      vertex 6.11599 0.431987 1.8
      vertex 2.83501 3.638 1.8
    endloop
  endfacet
  facet normal 0 0 1
    outer loop
      vertex 6.11599 0.431987 1.8
      vertex 5.18299 -0.022007 1.8
      vertex 5.66099 0.128993 1.8
    endloop
  endfacet
  facet normal 0 0 1
    outer loop
      vertex 6.11599 0.431987 1.8
      vertex 4.26299 -0.0290108 1.8
      vertex 5.18299 -0.022007 1.8
    endloop
  endfacet
  facet normal -0 0 1
    outer loop
      vertex 2.536 3.22299 1.8
      vertex 4.26299 -0.0290108 1.8
      vertex 2.83501 3.638 1.8
    endloop
  endfacet
  facet normal -0 0 1
    outer loop
      vertex 2.297 2.73699 1.8
      vertex 4.26299 -0.0290108 1.8
      vertex 2.536 3.22299 1.8
    endloop
  endfacet
  facet normal -0 0 1
    outer loop
      vertex 2.16601 2.30999 1.8
      vertex 4.26299 -0.0290108 1.8
      vertex 2.297 2.73699 1.8
    endloop
  endfacet
  facet normal -0 0 1
    outer loop
      vertex 2.11301 1.929 1.8
      vertex 4.26299 -0.0290108 1.8
      vertex 2.16601 2.30999 1.8
    endloop
  endfacet
  facet normal 0 0 1
    outer loop
      vertex 3.79401 -0.0970039 1.8
      vertex 2.277 0.699992 1.8
      vertex 3.573 -0.209003 1.8
    endloop
  endfacet
  facet normal 0 0 1
    outer loop
      vertex 3.573 -0.209003 1.8
      vertex 2.24201 0.504985 1.8
      vertex 3.36201 -0.422001 1.8
    endloop
  endfacet
  facet normal 0 0 1
    outer loop
      vertex 3.36201 -0.422001 1.8
      vertex 2.24201 0.504985 1.8
      vertex 2.95701 -0.960011 1.8
    endloop
  endfacet
  facet normal -0 0 1
    outer loop
      vertex 2.24201 0.504985 1.8
      vertex 3.573 -0.209003 1.8
      vertex 2.277 0.699992 1.8
    endloop
  endfacet
  facet normal -0 0 1
    outer loop
      vertex 1.35001 -0.546009 1.8
      vertex 2.95701 -0.960011 1.8
      vertex 2.24201 0.504985 1.8
    endloop
  endfacet
  facet normal 0 0 1
    outer loop
      vertex 2.95701 -0.960011 1.8
      vertex 1.35001 -0.546009 1.8
      vertex 2.49801 -1.922 1.8
    endloop
  endfacet
  facet normal -0 0 1
    outer loop
      vertex 1.213 -0.625004 1.8
      vertex 2.49801 -1.922 1.8
      vertex 1.35001 -0.546009 1.8
    endloop
  endfacet
  facet normal 0 0 1
    outer loop
      vertex 2.49801 -1.922 1.8
      vertex 1.213 -0.625004 1.8
      vertex 2.325 -2.448 1.8
    endloop
  endfacet
  facet normal 0 0 1
    outer loop
      vertex 2.325 -2.448 1.8
      vertex 1.05601 -0.645008 1.8
      vertex 2.213 -2.93401 1.8
    endloop
  endfacet
  facet normal -0 0 1
    outer loop
      vertex 1.05601 -0.645008 1.8
      vertex 2.325 -2.448 1.8
      vertex 1.213 -0.625004 1.8
    endloop
  endfacet
  facet normal -0 0 1
    outer loop
      vertex 3.48036 17.4405 1.8
      vertex 3.57001 16.834 1.8
      vertex 3.81874 17.4628 1.8
    endloop
  endfacet
  facet normal -0 0 1
    outer loop
      vertex 2.99065 17.343 1.8
      vertex 3.57001 16.834 1.8
      vertex 3.48036 17.4405 1.8
    endloop
  endfacet
  facet normal -0 0 1
    outer loop
      vertex 2.95141 17.3325 1.8
      vertex 3.57001 16.834 1.8
      vertex 2.99065 17.343 1.8
    endloop
  endfacet
  facet normal -0 0 1
    outer loop
      vertex 2.47842 17.1718 1.8
      vertex 3.57001 16.834 1.8
      vertex 2.95141 17.3325 1.8
    endloop
  endfacet
  facet normal 0 0 1
    outer loop
      vertex 29.7256 17.4789 1.8
      vertex 29.734 17.217 1.8
      vertex 29.73 17.465 1.8
    endloop
  endfacet
  facet normal 0 0 1
    outer loop
      vertex 29.7256 17.4789 1.8
      vertex 29.569 16.821 1.8
      vertex 29.734 17.217 1.8
    endloop
  endfacet
  facet normal 0 0 1
    outer loop
      vertex 29.7256 17.4789 1.8
      vertex 29.426 16.67 1.8
      vertex 29.569 16.821 1.8
    endloop
  endfacet
  facet normal 0 0 1
    outer loop
      vertex 29.7256 17.4789 1.8
      vertex 28.992 16.385 1.8
      vertex 29.426 16.67 1.8
    endloop
  endfacet
  facet normal 0 0 1
    outer loop
      vertex 29.7256 17.4789 1.8
      vertex 28.878 16.275 1.8
      vertex 28.992 16.385 1.8
    endloop
  endfacet
  facet normal 0 0 1
    outer loop
      vertex 25.884 14.22 1.8
      vertex 28.541 15.691 1.8
      vertex 28.878 16.275 1.8
    endloop
  endfacet
  facet normal 0 0 1
    outer loop
      vertex 28.541 15.691 1.8
      vertex 26.766 14.37 1.8
      vertex 28.199 15.235 1.8
    endloop
  endfacet
  facet normal -0 0 1
    outer loop
      vertex 21.4052 17.4788 1.8
      vertex 28.878 16.275 1.8
      vertex 29.7256 17.4789 1.8
    endloop
  endfacet
  facet normal 0 -0 1
    outer loop
      vertex 23.519 14.909 1.8
      vertex 28.878 16.275 1.8
      vertex 22.985 15.356 1.8
    endloop
  endfacet
  facet normal 0 -0 1
    outer loop
      vertex 25.884 14.22 1.8
      vertex 28.878 16.275 1.8
      vertex 23.519 14.909 1.8
    endloop
  endfacet
  facet normal 0 0 1
    outer loop
      vertex 27.933 14.977 1.8
      vertex 26.766 14.37 1.8
      vertex 27.454 14.645 1.8
    endloop
  endfacet
  facet normal 0 0 1
    outer loop
      vertex 27.454 14.645 1.8
      vertex 26.766 14.37 1.8
      vertex 27.178 14.508 1.8
    endloop
  endfacet
  facet normal 0 0 1
    outer loop
      vertex 28.541 15.691 1.8
      vertex 25.884 14.22 1.8
      vertex 26.766 14.37 1.8
    endloop
  endfacet
  facet normal 0 0 1
    outer loop
      vertex 25.884 14.22 1.8
      vertex 23.519 14.909 1.8
      vertex 25.122 14.219 1.8
    endloop
  endfacet
  facet normal 0 0 1
    outer loop
      vertex 25.122 14.219 1.8
      vertex 23.519 14.909 1.8
      vertex 24.869 14.259 1.8
    endloop
  endfacet
  facet normal -0 -0 1
    outer loop
      vertex 24.003 14.574 1.8
      vertex 24.869 14.259 1.8
      vertex 23.519 14.909 1.8
    endloop
  endfacet
  facet normal 0 0 1
    outer loop
      vertex 24.869 14.259 1.8
      vertex 24.003 14.574 1.8
      vertex 24.357 14.402 1.8
    endloop
  endfacet
  facet normal 0 0 1
    outer loop
      vertex 28.199 15.235 1.8
      vertex 26.766 14.37 1.8
      vertex 27.933 14.977 1.8
    endloop
  endfacet
  facet normal 0 0 1
    outer loop
      vertex 28.878 16.275 1.8
      vertex 21.4052 17.4788 1.8
      vertex 22.985 15.356 1.8
    endloop
  endfacet
  facet normal 0 0 1
    outer loop
      vertex 22.985 15.356 1.8
      vertex 21.4052 17.4788 1.8
      vertex 22.825 15.387 1.8
    endloop
  endfacet
  facet normal 0 0 1
    outer loop
      vertex 26.047 8.41899 1.8
      vertex 21.938 7.41699 1.8
      vertex 22.395 6.99499 1.8
    endloop
  endfacet
  facet normal 0 0 1
    outer loop
      vertex 21.641 12.573 1.8
      vertex 22.449 14.836 1.8
      vertex 21.69 12.802 1.8
    endloop
  endfacet
  facet normal 0 0 1
    outer loop
      vertex 22.449 14.836 1.8
      vertex 21.641 12.573 1.8
      vertex 21.938 7.41699 1.8
    endloop
  endfacet
  facet normal -0 0 1
    outer loop
      vertex 20.6 15.059 1.8
      vertex 22.419 14.99 1.8
      vertex 22.451 15.144 1.8
    endloop
  endfacet
  facet normal 0 0 1
    outer loop
      vertex 22.449 14.836 1.8
      vertex 21.651 13.03 1.8
      vertex 21.69 12.802 1.8
    endloop
  endfacet
  facet normal 0 0 1
    outer loop
      vertex 22.825 15.387 1.8
      vertex 21.4052 17.4788 1.8
      vertex 22.671 15.359 1.8
    endloop
  endfacet
  facet normal 0 0 1
    outer loop
      vertex 21.4052 17.4788 1.8
      vertex 22.539 15.273 1.8
      vertex 22.671 15.359 1.8
    endloop
  endfacet
  facet normal 0 0 1
    outer loop
      vertex 20.6 15.059 1.8
      vertex 22.539 15.273 1.8
      vertex 21.4052 17.4788 1.8
    endloop
  endfacet
  facet normal 0 0 1
    outer loop
      vertex 22.539 15.273 1.8
      vertex 20.6 15.059 1.8
      vertex 22.451 15.144 1.8
    endloop
  endfacet
  facet normal 0 0 1
    outer loop
      vertex 22.449 14.836 1.8
      vertex 21.062 14.384 1.8
      vertex 21.651 13.03 1.8
    endloop
  endfacet
  facet normal 0 0 1
    outer loop
      vertex 20.6 15.059 1.8
      vertex 21.4052 17.4788 1.8
      vertex 20.728 17.4786 1.8
    endloop
  endfacet
  facet normal 0 0 1
    outer loop
      vertex 22.419 14.99 1.8
      vertex 20.6 15.059 1.8
      vertex 21.062 14.384 1.8
    endloop
  endfacet
  facet normal 0 0 1
    outer loop
      vertex 20.728 17.4786 1.8
      vertex 19.801 15.827 1.8
      vertex 20.6 15.059 1.8
    endloop
  endfacet
  facet normal 0 0 1
    outer loop
      vertex 20.728 17.4786 1.8
      vertex 19.552 16.011 1.8
      vertex 19.801 15.827 1.8
    endloop
  endfacet
  facet normal 0 0 1
    outer loop
      vertex 20.728 17.4786 1.8
      vertex 19.075 16.286 1.8
      vertex 19.552 16.011 1.8
    endloop
  endfacet
  facet normal 0 0 1
    outer loop
      vertex 20.728 17.4786 1.8
      vertex 18.544 16.514 1.8
      vertex 19.075 16.286 1.8
    endloop
  endfacet
  facet normal 0 0 1
    outer loop
      vertex 20.728 17.4786 1.8
      vertex 17.718 16.733 1.8
      vertex 18.544 16.514 1.8
    endloop
  endfacet
  facet normal 0 0 1
    outer loop
      vertex 20.728 17.4786 1.8
      vertex 17.197 16.809 1.8
      vertex 17.718 16.733 1.8
    endloop
  endfacet
  facet normal 0 0 1
    outer loop
      vertex 20.728 17.4786 1.8
      vertex 16.781 16.842 1.8
      vertex 17.197 16.809 1.8
    endloop
  endfacet
  facet normal 0 0 1
    outer loop
      vertex 20.728 17.4786 1.8
      vertex 15.402 16.836 1.8
      vertex 16.781 16.842 1.8
    endloop
  endfacet
  facet normal 0 0 1
    outer loop
      vertex 5.88399 16.285 1.8
      vertex 9.34499 13.121 1.8
      vertex 9.92399 14.233 1.8
    endloop
  endfacet
  facet normal 0 0 1
    outer loop
      vertex 9.34499 13.121 1.8
      vertex 5.88399 16.285 1.8
      vertex 9.074 12.694 1.8
    endloop
  endfacet
  facet normal -0 0 1
    outer loop
      vertex 5.266 15.77 1.8
      vertex 9.074 12.694 1.8
      vertex 5.88399 16.285 1.8
    endloop
  endfacet
  facet normal 0 0 1
    outer loop
      vertex 9.074 12.694 1.8
      vertex 5.266 15.77 1.8
      vertex 8.686 12.195 1.8
    endloop
  endfacet
  facet normal 0 0 1
    outer loop
      vertex 6.63999 16.857 1.8
      vertex 9.92399 14.233 1.8
      vertex 10.19 14.627 1.8
    endloop
  endfacet
  facet normal 0 0 1
    outer loop
      vertex 8.686 12.195 1.8
      vertex 5.266 15.77 1.8
      vertex 8.462 11.974 1.8
    endloop
  endfacet
  facet normal 0 0 1
    outer loop
      vertex 8.462 11.974 1.8
      vertex 5.266 15.77 1.8
      vertex 8.126 11.713 1.8
    endloop
  endfacet
  facet normal 0 0 1
    outer loop
      vertex 6.63999 16.857 1.8
      vertex 10.19 14.627 1.8
      vertex 10.566 15.097 1.8
    endloop
  endfacet
  facet normal 0 -0 1
    outer loop
      vertex 7.326 11.378 1.8
      vertex 8.126 11.713 1.8
      vertex 5.266 15.77 1.8
    endloop
  endfacet
  facet normal -0 0 1
    outer loop
      vertex 6.63999 16.857 1.8
      vertex 10.566 15.097 1.8
      vertex 6.695 17.05 1.8
    endloop
  endfacet
  facet normal 0 0 1
    outer loop
      vertex 11.09 15.587 1.8
      vertex 6.695 17.05 1.8
      vertex 10.566 15.097 1.8
    endloop
  endfacet
  facet normal 0 0 1
    outer loop
      vertex 6.671 17.246 1.8
      vertex 11.09 15.587 1.8
      vertex 11.442 15.814 1.8
    endloop
  endfacet
  facet normal 0 0 1
    outer loop
      vertex 6.671 17.246 1.8
      vertex 11.442 15.814 1.8
      vertex 11.769 15.979 1.8
    endloop
  endfacet
  facet normal 0 0 1
    outer loop
      vertex 6.58399 17.379 1.8
      vertex 11.769 15.979 1.8
      vertex 12.425 16.252 1.8
    endloop
  endfacet
  facet normal 0 0 1
    outer loop
      vertex 6.58399 17.379 1.8
      vertex 12.425 16.252 1.8
      vertex 13.068 16.465 1.8
    endloop
  endfacet
  facet normal 0 0 1
    outer loop
      vertex 6.44768 17.4753 1.8
      vertex 13.068 16.465 1.8
      vertex 13.593 16.597 1.8
    endloop
  endfacet
  facet normal 0 0 1
    outer loop
      vertex 6.44768 17.4753 1.8
      vertex 13.593 16.597 1.8
      vertex 15.402 16.836 1.8
    endloop
  endfacet
  facet normal -0 0 1
    outer loop
      vertex 6.44768 17.4753 1.8
      vertex 15.402 16.836 1.8
      vertex 20.728 17.4786 1.8
    endloop
  endfacet
  facet normal 0 0 1
    outer loop
      vertex 11.09 15.587 1.8
      vertex 6.671 17.246 1.8
      vertex 6.695 17.05 1.8
    endloop
  endfacet
  facet normal 0 0 1
    outer loop
      vertex 11.769 15.979 1.8
      vertex 6.58399 17.379 1.8
      vertex 6.671 17.246 1.8
    endloop
  endfacet
  facet normal 0 0 1
    outer loop
      vertex 13.068 16.465 1.8
      vertex 6.44768 17.4753 1.8
      vertex 6.58399 17.379 1.8
    endloop
  endfacet
  facet normal 0 0 1
    outer loop
      vertex 21.938 7.41699 1.8
      vertex 26.18 9.319 1.8
      vertex 26.156 9.735 1.8
    endloop
  endfacet
  facet normal 0 0 1
    outer loop
      vertex 21.938 7.41699 1.8
      vertex 26.156 9.735 1.8
      vertex 26.052 10.264 1.8
    endloop
  endfacet
  facet normal 0 0 1
    outer loop
      vertex 21.938 7.41699 1.8
      vertex 26.152 8.96299 1.8
      vertex 26.18 9.319 1.8
    endloop
  endfacet
  facet normal 0 0 1
    outer loop
      vertex 21.938 7.41699 1.8
      vertex 26.047 8.41899 1.8
      vertex 26.152 8.96299 1.8
    endloop
  endfacet
  facet normal 0 0 1
    outer loop
      vertex 21.938 7.41699 1.8
      vertex 26.052 10.264 1.8
      vertex 25.712 11.209 1.8
    endloop
  endfacet
  facet normal 0 0 1
    outer loop
      vertex 21.938 7.41699 1.8
      vertex 25.712 11.209 1.8
      vertex 25.472 11.651 1.8
    endloop
  endfacet
  facet normal 0 0 1
    outer loop
      vertex 26.047 8.41899 1.8
      vertex 22.395 6.99499 1.8
      vertex 25.808 7.537 1.8
    endloop
  endfacet
  facet normal 0 0 1
    outer loop
      vertex 25.459 5.914 1.8
      vertex 25.331 5.386 1.8
      vertex 25.413 5.59999 1.8
    endloop
  endfacet
  facet normal 0 -0 1
    outer loop
      vertex 23.649 6.12399 1.8
      vertex 25.808 7.537 1.8
      vertex 22.395 6.99499 1.8
    endloop
  endfacet
  facet normal 0 0 1
    outer loop
      vertex 24.946 12.269 1.8
      vertex 25.472 11.651 1.8
      vertex 25.234 11.982 1.8
    endloop
  endfacet
  facet normal 0 -0 1
    outer loop
      vertex 23.751 5.97698 1.8
      vertex 25.418 6.48399 1.8
      vertex 23.649 6.12399 1.8
    endloop
  endfacet
  facet normal 0 0 1
    outer loop
      vertex 25.459 5.914 1.8
      vertex 23.751 5.97698 1.8
      vertex 23.937 5.457 1.8
    endloop
  endfacet
  facet normal 0 0 1
    outer loop
      vertex 24.618 12.519 1.8
      vertex 25.472 11.651 1.8
      vertex 24.946 12.269 1.8
    endloop
  endfacet
  facet normal 0 0 1
    outer loop
      vertex 25.459 5.914 1.8
      vertex 23.937 5.457 1.8
      vertex 25.331 5.386 1.8
    endloop
  endfacet
  facet normal 0 0 1
    outer loop
      vertex 21.938 7.41699 1.8
      vertex 25.472 11.651 1.8
      vertex 24.618 12.519 1.8
    endloop
  endfacet
  facet normal 0 -0 1
    outer loop
      vertex 24.174 5.18199 1.8
      vertex 25.331 5.386 1.8
      vertex 23.937 5.457 1.8
    endloop
  endfacet
  facet normal 0 0 1
    outer loop
      vertex 21.938 7.41699 1.8
      vertex 24.618 12.519 1.8
      vertex 24.366 12.683 1.8
    endloop
  endfacet
  facet normal 0 -0 1
    outer loop
      vertex 24.787 5.01799 1.8
      vertex 25.16 5.19099 1.8
      vertex 24.174 5.18199 1.8
    endloop
  endfacet
  facet normal 0 0 1
    outer loop
      vertex 25.16 5.19099 1.8
      vertex 24.787 5.01799 1.8
      vertex 25.004 5.08599 1.8
    endloop
  endfacet
  facet normal 0 0 1
    outer loop
      vertex 24.787 5.01799 1.8
      vertex 24.174 5.18199 1.8
      vertex 24.442 5.03298 1.8
    endloop
  endfacet
  facet normal 0 0 1
    outer loop
      vertex 25.331 5.386 1.8
      vertex 24.174 5.18199 1.8
      vertex 25.16 5.19099 1.8
    endloop
  endfacet
  facet normal 0 0 1
    outer loop
      vertex 21.938 7.41699 1.8
      vertex 24.366 12.683 1.8
      vertex 23.581 13.081 1.8
    endloop
  endfacet
  facet normal 0 0 1
    outer loop
      vertex 21.938 7.41699 1.8
      vertex 23.581 13.081 1.8
      vertex 23.073 13.505 1.8
    endloop
  endfacet
  facet normal 0 0 1
    outer loop
      vertex 21.938 7.41699 1.8
      vertex 23.073 13.505 1.8
      vertex 22.905 13.795 1.8
    endloop
  endfacet
  facet normal 0 0 1
    outer loop
      vertex 21.938 7.41699 1.8
      vertex 22.905 13.795 1.8
      vertex 22.449 14.836 1.8
    endloop
  endfacet
  facet normal 0 0 1
    outer loop
      vertex 21.062 14.384 1.8
      vertex 22.449 14.836 1.8
      vertex 22.419 14.99 1.8
    endloop
  endfacet
  facet normal 0 0 1
    outer loop
      vertex 25.808 7.537 1.8
      vertex 23.649 6.12399 1.8
      vertex 25.418 6.48399 1.8
    endloop
  endfacet
  facet normal -0 0 1
    outer loop
      vertex 23.751 5.97698 1.8
      vertex 25.459 5.914 1.8
      vertex 25.418 6.48399 1.8
    endloop
  endfacet
  facet normal -0 0 1
    outer loop
      vertex 21.088 11.421 1.8
      vertex 21.938 7.41699 1.8
      vertex 21.641 12.573 1.8
    endloop
  endfacet
  facet normal 0 0 1
    outer loop
      vertex 21.938 7.41699 1.8
      vertex 21.088 11.421 1.8
      vertex 21.706 7.69899 1.8
    endloop
  endfacet
  facet normal 0 0 1
    outer loop
      vertex 21.706 7.69899 1.8
      vertex 21.088 11.421 1.8
      vertex 21.4 8.17599 1.8
    endloop
  endfacet
  facet normal 0 0 1
    outer loop
      vertex 21.4 8.17599 1.8
      vertex 21.088 11.421 1.8
      vertex 21.1 8.845 1.8
    endloop
  endfacet
  facet normal 0 0 1
    outer loop
      vertex 21.088 11.421 1.8
      vertex 20.987 9.188 1.8
      vertex 21.1 8.845 1.8
    endloop
  endfacet
  facet normal -0 0 1
    outer loop
      vertex 20.954 10.97 1.8
      vertex 20.987 9.188 1.8
      vertex 21.088 11.421 1.8
    endloop
  endfacet
  facet normal 0 0 1
    outer loop
      vertex 20.954 10.97 1.8
      vertex 20.883 9.69099 1.8
      vertex 20.987 9.188 1.8
    endloop
  endfacet
  facet normal 0 -0 1
    outer loop
      vertex 20.883 9.69099 1.8
      vertex 20.954 10.97 1.8
      vertex 20.845 10.175 1.8
    endloop
  endfacet
  facet normal 0 0 1
    outer loop
      vertex 9.92399 14.233 1.8
      vertex 6.63999 16.857 1.8
      vertex 5.88399 16.285 1.8
    endloop
  endfacet
  facet normal 0 0 1
    outer loop
      vertex 8.126 11.713 1.8
      vertex 7.326 11.378 1.8
      vertex 7.796 11.524 1.8
    endloop
  endfacet
  facet normal 0 0 1
    outer loop
      vertex 7.326 11.378 1.8
      vertex 5.266 15.77 1.8
      vertex 6.75899 11.295 1.8
    endloop
  endfacet
  facet normal -0 0 1
    outer loop
      vertex 3.64101 14.284 1.8
      vertex 6.75899 11.295 1.8
      vertex 5.266 15.77 1.8
    endloop
  endfacet
  facet normal 0 0 1
    outer loop
      vertex 18.778 14.554 1.8
      vertex 18.927 14.121 1.8
      vertex 18.882 14.388 1.8
    endloop
  endfacet
  facet normal 0 0 1
    outer loop
      vertex 18.927 14.121 1.8
      vertex 18.778 14.554 1.8
      vertex 18.525 14.73 1.8
    endloop
  endfacet
  facet normal 0 0 1
    outer loop
      vertex 18.273 14.777 1.8
      vertex 18.927 14.121 1.8
      vertex 18.525 14.73 1.8
    endloop
  endfacet
  facet normal 0 0 1
    outer loop
      vertex 18.927 14.121 1.8
      vertex 18.273 14.777 1.8
      vertex 18.849 13.798 1.8
    endloop
  endfacet
  facet normal -0 0 1
    outer loop
      vertex 18.001 14.726 1.8
      vertex 18.849 13.798 1.8
      vertex 18.273 14.777 1.8
    endloop
  endfacet
  facet normal 0 0 1
    outer loop
      vertex 18.849 13.798 1.8
      vertex 18.001 14.726 1.8
      vertex 18.693 13.568 1.8
    endloop
  endfacet
  facet normal -0 0 1
    outer loop
      vertex 17.327 14.407 1.8
      vertex 18.693 13.568 1.8
      vertex 18.001 14.726 1.8
    endloop
  endfacet
  facet normal 0 0 1
    outer loop
      vertex 18.693 13.568 1.8
      vertex 17.327 14.407 1.8
      vertex 18.168 13.037 1.8
    endloop
  endfacet
  facet normal 0 0 1
    outer loop
      vertex 16.052 14.517 1.8
      vertex 18.168 13.037 1.8
      vertex 17.327 14.407 1.8
    endloop
  endfacet
  facet normal 0 0 1
    outer loop
      vertex 18.168 13.037 1.8
      vertex 16.052 14.517 1.8
      vertex 17.69 11.749 1.8
    endloop
  endfacet
  facet normal -0 0 1
    outer loop
      vertex 15.592 14.516 1.8
      vertex 17.69 11.749 1.8
      vertex 16.052 14.517 1.8
    endloop
  endfacet
  facet normal 0 0 1
    outer loop
      vertex 17.69 11.749 1.8
      vertex 15.592 14.516 1.8
      vertex 17.36 11.156 1.8
    endloop
  endfacet
  facet normal -0 0 1
    outer loop
      vertex 15.204 14.476 1.8
      vertex 17.36 11.156 1.8
      vertex 15.592 14.516 1.8
    endloop
  endfacet
  facet normal 0 0 1
    outer loop
      vertex 17.36 11.156 1.8
      vertex 15.204 14.476 1.8
      vertex 17.082 10.794 1.8
    endloop
  endfacet
  facet normal -0 0 1
    outer loop
      vertex 14.566 14.336 1.8
      vertex 17.082 10.794 1.8
      vertex 15.204 14.476 1.8
    endloop
  endfacet
  facet normal 0 0 1
    outer loop
      vertex 17.082 10.794 1.8
      vertex 14.566 14.336 1.8
      vertex 16.408 10.16 1.8
    endloop
  endfacet
  facet normal -0 0 1
    outer loop
      vertex 13.986 14.103 1.8
      vertex 16.408 10.16 1.8
      vertex 14.566 14.336 1.8
    endloop
  endfacet
  facet normal 0 -0 1
    outer loop
      vertex 15.482 9.68199 1.8
      vertex 16.408 10.16 1.8
      vertex 13.986 14.103 1.8
    endloop
  endfacet
  facet normal 0 0 1
    outer loop
      vertex 16.408 10.16 1.8
      vertex 15.482 9.68199 1.8
      vertex 16.048 9.90599 1.8
    endloop
  endfacet
  facet normal 0 0 1
    outer loop
      vertex 16.048 9.90599 1.8
      vertex 15.482 9.68199 1.8
      vertex 15.823 9.79299 1.8
    endloop
  endfacet
  facet normal -0 0 1
    outer loop
      vertex 13.449 13.781 1.8
      vertex 15.482 9.68199 1.8
      vertex 13.986 14.103 1.8
    endloop
  endfacet
  facet normal 0 0 1
    outer loop
      vertex 15.482 9.68199 1.8
      vertex 13.449 13.781 1.8
      vertex 15.046 9.606 1.8
    endloop
  endfacet
  facet normal 0 0 1
    outer loop
      vertex 15.046 9.606 1.8
      vertex 13.449 13.781 1.8
      vertex 14.465 9.604 1.8
    endloop
  endfacet
  facet normal -0 0 1
    outer loop
      vertex 12.696 12.981 1.8
      vertex 14.465 9.604 1.8
      vertex 13.449 13.781 1.8
    endloop
  endfacet
  facet normal 0 0 1
    outer loop
      vertex 12.696 12.981 1.8
      vertex 13.449 13.781 1.8
      vertex 13.118 13.524 1.8
    endloop
  endfacet
  facet normal -0 0 1
    outer loop
      vertex 12.422 12.313 1.8
      vertex 14.465 9.604 1.8
      vertex 12.696 12.981 1.8
    endloop
  endfacet
  facet normal -0 0 1
    outer loop
      vertex 12.344 11.868 1.8
      vertex 14.465 9.604 1.8
      vertex 12.422 12.313 1.8
    endloop
  endfacet
  facet normal -0 0 1
    outer loop
      vertex 12.321 11.273 1.8
      vertex 14.465 9.604 1.8
      vertex 12.344 11.868 1.8
    endloop
  endfacet
  facet normal 0 0 1
    outer loop
      vertex 14.465 9.604 1.8
      vertex 12.321 11.273 1.8
      vertex 13.235 9.79599 1.8
    endloop
  endfacet
  facet normal -0 0 1
    outer loop
      vertex 12.219 11.061 1.8
      vertex 13.235 9.79599 1.8
      vertex 12.321 11.273 1.8
    endloop
  endfacet
  facet normal 0 0 1
    outer loop
      vertex 13.235 9.79599 1.8
      vertex 12.219 11.061 1.8
      vertex 12.956 9.78099 1.8
    endloop
  endfacet
  facet normal -0 0 1
    outer loop
      vertex 12.127 10.987 1.8
      vertex 12.956 9.78099 1.8
      vertex 12.219 11.061 1.8
    endloop
  endfacet
  facet normal -0 0 1
    outer loop
      vertex 11.733 10.788 1.8
      vertex 12.956 9.78099 1.8
      vertex 12.127 10.987 1.8
    endloop
  endfacet
  facet normal 0 0 1
    outer loop
      vertex 12.956 9.78099 1.8
      vertex 11.733 10.788 1.8
      vertex 12.13 9.38699 1.8
    endloop
  endfacet
  facet normal -0 0 1
    outer loop
      vertex 10.888 10.478 1.8
      vertex 12.13 9.38699 1.8
      vertex 11.733 10.788 1.8
    endloop
  endfacet
  facet normal 0 0 1
    outer loop
      vertex 12.13 9.38699 1.8
      vertex 10.888 10.478 1.8
      vertex 12.014 9.27899 1.8
    endloop
  endfacet
  facet normal 0 0 1
    outer loop
      vertex 12.014 9.27899 1.8
      vertex 10.888 10.478 1.8
      vertex 11.96 9.173 1.8
    endloop
  endfacet
  facet normal 0 0 1
    outer loop
      vertex 20.846 5.12599 1.8
      vertex 20.771 4.677 1.8
      vertex 20.852 4.895 1.8
    endloop
  endfacet
  facet normal 0 0 1
    outer loop
      vertex 20.72 5.39299 1.8
      vertex 20.771 4.677 1.8
      vertex 20.846 5.12599 1.8
    endloop
  endfacet
  facet normal 0 0 1
    outer loop
      vertex 20.72 5.39299 1.8
      vertex 20.586 4.47799 1.8
      vertex 20.771 4.677 1.8
    endloop
  endfacet
  facet normal 0 0 1
    outer loop
      vertex 20.509 5.578 1.8
      vertex 20.586 4.47799 1.8
      vertex 20.72 5.39299 1.8
    endloop
  endfacet
  facet normal 0 0 1
    outer loop
      vertex 20.509 5.578 1.8
      vertex 20.369 4.36698 1.8
      vertex 20.586 4.47799 1.8
    endloop
  endfacet
  facet normal 0 0 1
    outer loop
      vertex 20.228 5.69499 1.8
      vertex 20.369 4.36698 1.8
      vertex 20.509 5.578 1.8
    endloop
  endfacet
  facet normal 0 0 1
    outer loop
      vertex 20.228 5.69499 1.8
      vertex 19.947 4.32499 1.8
      vertex 20.369 4.36698 1.8
    endloop
  endfacet
  facet normal 0 0 1
    outer loop
      vertex 19.552 4.43099 1.8
      vertex 20.228 5.69499 1.8
      vertex 19.831 5.763 1.8
    endloop
  endfacet
  facet normal 0 0 1
    outer loop
      vertex 19.427 4.43199 1.8
      vertex 19.831 5.763 1.8
      vertex 19.675 5.86399 1.8
    endloop
  endfacet
  facet normal 0 0 1
    outer loop
      vertex 20.228 5.69499 1.8
      vertex 19.552 4.43099 1.8
      vertex 19.947 4.32499 1.8
    endloop
  endfacet
  facet normal 0 0 1
    outer loop
      vertex 19.831 5.763 1.8
      vertex 19.427 4.43199 1.8
      vertex 19.552 4.43099 1.8
    endloop
  endfacet
  facet normal 0 0 1
    outer loop
      vertex 18.42 4.07199 1.8
      vertex 19.675 5.86399 1.8
      vertex 19.132 6.86599 1.8
    endloop
  endfacet
  facet normal 0 0 1
    outer loop
      vertex 16.703 3.99699 1.8
      vertex 19.132 6.86599 1.8
      vertex 18.78 7.40499 1.8
    endloop
  endfacet
  facet normal 0 0 1
    outer loop
      vertex 16.703 3.99699 1.8
      vertex 18.78 7.40499 1.8
      vertex 18.505 7.679 1.8
    endloop
  endfacet
  facet normal 0 0 1
    outer loop
      vertex 19.675 5.86399 1.8
      vertex 18.42 4.07199 1.8
      vertex 19.427 4.43199 1.8
    endloop
  endfacet
  facet normal 0 0 1
    outer loop
      vertex 16.703 3.99699 1.8
      vertex 18.505 7.679 1.8
      vertex 17.964 8.04599 1.8
    endloop
  endfacet
  facet normal 0 0 1
    outer loop
      vertex 19.132 6.86599 1.8
      vertex 17.914 3.96499 1.8
      vertex 18.42 4.07199 1.8
    endloop
  endfacet
  facet normal 0 0 1
    outer loop
      vertex 19.132 6.86599 1.8
      vertex 17.469 3.925 1.8
      vertex 17.914 3.96499 1.8
    endloop
  endfacet
  facet normal 0 0 1
    outer loop
      vertex 19.132 6.86599 1.8
      vertex 16.703 3.99699 1.8
      vertex 17.469 3.925 1.8
    endloop
  endfacet
  facet normal 0 0 1
    outer loop
      vertex 15.717 4.19899 1.8
      vertex 17.964 8.04599 1.8
      vertex 16.436 8.65499 1.8
    endloop
  endfacet
  facet normal 0 0 1
    outer loop
      vertex 15.324 4.31599 1.8
      vertex 16.436 8.65499 1.8
      vertex 16.086 8.731 1.8
    endloop
  endfacet
  facet normal 0 0 1
    outer loop
      vertex 17.964 8.04599 1.8
      vertex 15.717 4.19899 1.8
      vertex 16.703 3.99699 1.8
    endloop
  endfacet
  facet normal 0 0 1
    outer loop
      vertex 15.256 8.69699 1.8
      vertex 16.086 8.731 1.8
      vertex 15.68 8.77099 1.8
    endloop
  endfacet
  facet normal 0 0 1
    outer loop
      vertex 16.436 8.65499 1.8
      vertex 15.324 4.31599 1.8
      vertex 15.717 4.19899 1.8
    endloop
  endfacet
  facet normal 0 0 1
    outer loop
      vertex 16.086 8.731 1.8
      vertex 15.256 8.69699 1.8
      vertex 15.324 4.31599 1.8
    endloop
  endfacet
  facet normal -0 0 1
    outer loop
      vertex 14.895 8.578 1.8
      vertex 15.324 4.31599 1.8
      vertex 15.256 8.69699 1.8
    endloop
  endfacet
  facet normal -0 0 1
    outer loop
      vertex 14.511 8.38699 1.8
      vertex 15.324 4.31599 1.8
      vertex 14.895 8.578 1.8
    endloop
  endfacet
  facet normal -0 0 1
    outer loop
      vertex 14.02 8.07499 1.8
      vertex 15.324 4.31599 1.8
      vertex 14.511 8.38699 1.8
    endloop
  endfacet
  facet normal 0 0 1
    outer loop
      vertex 15.324 4.31599 1.8
      vertex 14.02 8.07499 1.8
      vertex 15.171 4.29299 1.8
    endloop
  endfacet
  facet normal -0 0 1
    outer loop
      vertex 13.869 8.03298 1.8
      vertex 15.171 4.29299 1.8
      vertex 14.02 8.07499 1.8
    endloop
  endfacet
  facet normal 0 0 1
    outer loop
      vertex 11.215 1.19099 1.8
      vertex 15.031 3.235 1.8
      vertex 14.907 3.899 1.8
    endloop
  endfacet
  facet normal 0 0 1
    outer loop
      vertex 15.031 3.235 1.8
      vertex 11.597 0.949992 1.8
      vertex 15.031 2.453 1.8
    endloop
  endfacet
  facet normal 0 0 1
    outer loop
      vertex 15.171 4.29299 1.8
      vertex 13.869 8.03298 1.8
      vertex 15.038 4.21299 1.8
    endloop
  endfacet
  facet normal 0 0 1
    outer loop
      vertex 13.752 8.041 1.8
      vertex 15.038 4.21299 1.8
      vertex 13.869 8.03298 1.8
    endloop
  endfacet
  facet normal -0 0 1
    outer loop
      vertex 10.744 5.90899 1.8
      vertex 15.038 4.21299 1.8
      vertex 13.752 8.041 1.8
    endloop
  endfacet
  facet normal 0 0 1
    outer loop
      vertex 15.038 4.21299 1.8
      vertex 10.744 5.90899 1.8
      vertex 14.945 4.08799 1.8
    endloop
  endfacet
  facet normal 0 0 1
    outer loop
      vertex 14.945 4.08799 1.8
      vertex 10.564 5.358 1.8
      vertex 14.907 3.899 1.8
    endloop
  endfacet
  facet normal 0 -0 1
    outer loop
      vertex 13.053 0.215999 1.8
      vertex 14.671 0.830989 1.8
      vertex 12.97 0.297999 1.8
    endloop
  endfacet
  facet normal 0 -0 1
    outer loop
      vertex 13.283 -0.153004 1.8
      vertex 14.671 0.830989 1.8
      vertex 13.053 0.215999 1.8
    endloop
  endfacet
  facet normal -0 0 1
    outer loop
      vertex 10.361 4.70899 1.8
      vertex 14.907 3.899 1.8
      vertex 10.564 5.358 1.8
    endloop
  endfacet
  facet normal 0 -0 1
    outer loop
      vertex 14.14 -0.653004 1.8
      vertex 14.671 0.830989 1.8
      vertex 13.784 -0.57201 1.8
    endloop
  endfacet
  facet normal -0 0 1
    outer loop
      vertex 10.728 5.75599 1.8
      vertex 14.945 4.08799 1.8
      vertex 10.744 5.90899 1.8
    endloop
  endfacet
  facet normal 0 0 1
    outer loop
      vertex 14.662 -0.542011 1.8
      vertex 14.14 -0.653004 1.8
      vertex 14.495 -0.627003 1.8
    endloop
  endfacet
  facet normal 0 0 1
    outer loop
      vertex 14.671 0.830989 1.8
      vertex 14.14 -0.653004 1.8
      vertex 14.662 -0.542011 1.8
    endloop
  endfacet
  facet normal 0 0 1
    outer loop
      vertex 14.671 0.830989 1.8
      vertex 13.512 -0.415012 1.8
      vertex 13.784 -0.57201 1.8
    endloop
  endfacet
  facet normal 0 -0 1
    outer loop
      vertex 13.512 -0.415012 1.8
      vertex 14.671 0.830989 1.8
      vertex 13.283 -0.153004 1.8
    endloop
  endfacet
  facet normal 0 0 1
    outer loop
      vertex 10.702 6.05599 1.8
      vertex 13.752 8.041 1.8
      vertex 12.114 8.716 1.8
    endloop
  endfacet
  facet normal 0 0 1
    outer loop
      vertex 10.109 7.207 1.8
      vertex 12.114 8.716 1.8
      vertex 11.967 8.89999 1.8
    endloop
  endfacet
  facet normal 0 0 1
    outer loop
      vertex 9.84099 7.403 1.8
      vertex 11.967 8.89999 1.8
      vertex 11.939 9.05599 1.8
    endloop
  endfacet
  facet normal -0 0 1
    outer loop
      vertex 10.41 10.375 1.8
      vertex 11.96 9.173 1.8
      vertex 10.888 10.478 1.8
    endloop
  endfacet
  facet normal -0 0 1
    outer loop
      vertex 10.564 5.358 1.8
      vertex 14.945 4.08799 1.8
      vertex 10.728 5.75599 1.8
    endloop
  endfacet
  facet normal -0 0 1
    outer loop
      vertex 10.227 4.164 1.8
      vertex 14.907 3.899 1.8
      vertex 10.361 4.70899 1.8
    endloop
  endfacet
  facet normal 0 0 1
    outer loop
      vertex 11.96 9.173 1.8
      vertex 10.41 10.375 1.8
      vertex 11.939 9.05599 1.8
    endloop
  endfacet
  facet normal 0 0 1
    outer loop
      vertex 10.151 3.621 1.8
      vertex 14.907 3.899 1.8
      vertex 10.227 4.164 1.8
    endloop
  endfacet
  facet normal 0 -0 1
    outer loop
      vertex 10.152 3.18099 1.8
      vertex 14.907 3.899 1.8
      vertex 10.151 3.621 1.8
    endloop
  endfacet
  facet normal 0 0 1
    outer loop
      vertex 13.752 8.041 1.8
      vertex 10.702 6.05599 1.8
      vertex 10.744 5.90899 1.8
    endloop
  endfacet
  facet normal 0 0 1
    outer loop
      vertex 9.84099 7.403 1.8
      vertex 11.939 9.05599 1.8
      vertex 10.41 10.375 1.8
    endloop
  endfacet
  facet normal 0 0 1
    outer loop
      vertex 12.114 8.716 1.8
      vertex 10.109 7.207 1.8
      vertex 10.702 6.05599 1.8
    endloop
  endfacet
  facet normal 0 0 1
    outer loop
      vertex 9.84099 7.403 1.8
      vertex 10.41 10.375 1.8
      vertex 10.039 10.335 1.8
    endloop
  endfacet
  facet normal 0 0 1
    outer loop
      vertex 11.967 8.89999 1.8
      vertex 10.009 7.315 1.8
      vertex 10.109 7.207 1.8
    endloop
  endfacet
  facet normal 0 0 1
    outer loop
      vertex 11.967 8.89999 1.8
      vertex 9.84099 7.403 1.8
      vertex 10.009 7.315 1.8
    endloop
  endfacet
  facet normal 0 0 1
    outer loop
      vertex 8.46 7.89599 1.8
      vertex 10.039 10.335 1.8
      vertex 8.811 10.301 1.8
    endloop
  endfacet
  facet normal 0 0 1
    outer loop
      vertex 10.039 10.335 1.8
      vertex 8.46 7.89599 1.8
      vertex 9.84099 7.403 1.8
    endloop
  endfacet
  facet normal 0 0 1
    outer loop
      vertex 8.811 10.301 1.8
      vertex 7.949 8.041 1.8
      vertex 8.46 7.89599 1.8
    endloop
  endfacet
  facet normal 0 0 1
    outer loop
      vertex 8.811 10.301 1.8
      vertex 7.32899 8.16499 1.8
      vertex 7.949 8.041 1.8
    endloop
  endfacet
  facet normal 0 0 1
    outer loop
      vertex 6.79999 10.51 1.8
      vertex 7.32899 8.16499 1.8
      vertex 8.811 10.301 1.8
    endloop
  endfacet
  facet normal 0 0 1
    outer loop
      vertex 7.32899 8.16499 1.8
      vertex 6.79999 10.51 1.8
      vertex 6.90099 8.19599 1.8
    endloop
  endfacet
  facet normal 0 0 1
    outer loop
      vertex 6.576 8.17199 1.8
      vertex 6.79999 10.51 1.8
      vertex 6.61799 10.583 1.8
    endloop
  endfacet
  facet normal 0 0 1
    outer loop
      vertex 6.79999 10.51 1.8
      vertex 6.576 8.17199 1.8
      vertex 6.90099 8.19599 1.8
    endloop
  endfacet
  facet normal 0 0 1
    outer loop
      vertex 5.79299 7.968 1.8
      vertex 6.61799 10.583 1.8
      vertex 6.47799 10.77 1.8
    endloop
  endfacet
  facet normal 0 0 1
    outer loop
      vertex 4.48499 7.40499 1.8
      vertex 6.47799 10.77 1.8
      vertex 6.458 10.965 1.8
    endloop
  endfacet
  facet normal 0 0 1
    outer loop
      vertex 6.75899 11.295 1.8
      vertex 3.64101 14.284 1.8
      vertex 6.55799 11.176 1.8
    endloop
  endfacet
  facet normal 0 0 1
    outer loop
      vertex 6.55799 11.176 1.8
      vertex 3.64101 14.284 1.8
      vertex 6.458 10.965 1.8
    endloop
  endfacet
  facet normal -0 0 1
    outer loop
      vertex 3.426 14.204 1.8
      vertex 6.458 10.965 1.8
      vertex 3.64101 14.284 1.8
    endloop
  endfacet
  facet normal 0 0 1
    outer loop
      vertex 6.61799 10.583 1.8
      vertex 5.79299 7.968 1.8
      vertex 6.576 8.17199 1.8
    endloop
  endfacet
  facet normal 0 -0 1
    outer loop
      vertex 4.48499 7.40499 1.8
      vertex 6.458 10.965 1.8
      vertex 3.426 14.204 1.8
    endloop
  endfacet
  facet normal 0 0 1
    outer loop
      vertex 6.47799 10.77 1.8
      vertex 5.268 7.77 1.8
      vertex 5.79299 7.968 1.8
    endloop
  endfacet
  facet normal 0 0 1
    outer loop
      vertex 6.47799 10.77 1.8
      vertex 4.48499 7.40499 1.8
      vertex 5.268 7.77 1.8
    endloop
  endfacet
  facet normal 0 0 1
    outer loop
      vertex 3.273 14.225 1.8
      vertex 4.48499 7.40499 1.8
      vertex 3.426 14.204 1.8
    endloop
  endfacet
  facet normal 0 0 1
    outer loop
      vertex 4.48499 7.40499 1.8
      vertex 3.273 14.225 1.8
      vertex 3.97501 7.11499 1.8
    endloop
  endfacet
  facet normal -0 0 1
    outer loop
      vertex 0.0261919 13.4999 1.8
      vertex 3.97501 7.11499 1.8
      vertex 3.273 14.225 1.8
    endloop
  endfacet
  facet normal 0 0 1
    outer loop
      vertex 0.0261919 13.4999 1.8
      vertex 3.273 14.225 1.8
      vertex 3.11101 14.328 1.8
    endloop
  endfacet
  facet normal 0 0 1
    outer loop
      vertex 0.0275187 13.5202 1.8
      vertex 3.11101 14.328 1.8
      vertex 3.02801 14.459 1.8
    endloop
  endfacet
  facet normal 0 0 1
    outer loop
      vertex 3.97501 7.11499 1.8
      vertex 0.0261919 13.4999 1.8
      vertex 3.47301 6.77899 1.8
    endloop
  endfacet
  facet normal 0 0 1
    outer loop
      vertex 0.328408 15.0208 1.8
      vertex 3.02801 14.459 1.8
      vertex 3.004 14.649 1.8
    endloop
  endfacet
  facet normal 0 0 1
    outer loop
      vertex 3.57001 16.834 1.8
      vertex 2.47842 17.1718 1.8
      vertex 3.25201 15.81 1.8
    endloop
  endfacet
  facet normal 0 0 1
    outer loop
      vertex 2.95141 17.3325 1.8
      vertex 2.99065 17.343 1.8
      vertex 2.97068 17.3391 1.8
    endloop
  endfacet
  facet normal -0 0 1
    outer loop
      vertex 2.46016 17.1628 1.8
      vertex 3.25201 15.81 1.8
      vertex 2.47842 17.1718 1.8
    endloop
  endfacet
  facet normal -0 0 1
    outer loop
      vertex 2.0123 16.9418 1.8
      vertex 3.25201 15.81 1.8
      vertex 2.46016 17.1628 1.8
    endloop
  endfacet
  facet normal -0 0 1
    outer loop
      vertex 1.99538 16.9305 1.8
      vertex 3.25201 15.81 1.8
      vertex 2.0123 16.9418 1.8
    endloop
  endfacet
  facet normal 0 0 1
    outer loop
      vertex 3.47301 6.77899 1.8
      vertex 0.0261919 13.4999 1.8
      vertex 3.021 6.42999 1.8
    endloop
  endfacet
  facet normal -0 0 1
    outer loop
      vertex 1.58019 16.653 1.8
      vertex 3.25201 15.81 1.8
      vertex 1.99538 16.9305 1.8
    endloop
  endfacet
  facet normal -0 0 1
    outer loop
      vertex 1.56489 16.6395 1.8
      vertex 3.25201 15.81 1.8
      vertex 1.58019 16.653 1.8
    endloop
  endfacet
  facet normal 0 0 1
    outer loop
      vertex 3.021 6.42999 1.8
      vertex 0.0261919 13.4999 1.8
      vertex 2.34901 5.82199 1.8
    endloop
  endfacet
  facet normal 0 0 1
    outer loop
      vertex 2.34901 5.82199 1.8
      vertex 0.0261919 13.4999 1.8
      vertex 1.96101 5.36999 1.8
    endloop
  endfacet
  facet normal -0 0 1
    outer loop
      vertex 1.18948 16.3101 1.8
      vertex 3.25201 15.81 1.8
      vertex 1.56489 16.6395 1.8
    endloop
  endfacet
  facet normal 0 0 1
    outer loop
      vertex 3.25201 15.81 1.8
      vertex 1.18948 16.3101 1.8
      vertex 3.004 14.649 1.8
    endloop
  endfacet
  facet normal 0 0 1
    outer loop
      vertex 1.96101 5.36999 1.8
      vertex 0.0261919 13.4999 1.8
      vertex 1.71801 5.026 1.8
    endloop
  endfacet
  facet normal -0 0 1
    outer loop
      vertex 0.860292 15.9346 1.8
      vertex 3.004 14.649 1.8
      vertex 1.18948 16.3101 1.8
    endloop
  endfacet
  facet normal 0 0 1
    outer loop
      vertex 1.71801 5.026 1.8
      vertex 0.0261919 13.4999 1.8
      vertex 1.43101 4.524 1.8
    endloop
  endfacet
  facet normal 0 0 1
    outer loop
      vertex 1.43101 4.524 1.8
      vertex 0.0261919 13.4999 1.8
      vertex 1.14101 3.77 1.8
    endloop
  endfacet
  facet normal -0 0 1
    outer loop
      vertex 0.835567 15.9024 1.8
      vertex 3.004 14.649 1.8
      vertex 0.860292 15.9346 1.8
    endloop
  endfacet
  facet normal 0 0 1
    outer loop
      vertex 0.835567 15.9024 1.8
      vertex 0.860292 15.9346 1.8
      vertex 0.846873 15.9193 1.8
    endloop
  endfacet
  facet normal -0 0 1
    outer loop
      vertex 0.558147 15.487 1.8
      vertex 3.004 14.649 1.8
      vertex 0.835567 15.9024 1.8
    endloop
  endfacet
  facet normal 0 0 1
    outer loop
      vertex 1.14101 3.77 1.8
      vertex 0.0261919 13.4999 1.8
      vertex 0.861014 2.72399 1.8
    endloop
  endfacet
  facet normal 0 0 1
    outer loop
      vertex 0.861014 2.72399 1.8
      vertex 0.0261919 13.4999 1.8
      vertex 0.700004 1.64099 1.8
    endloop
  endfacet
  facet normal 0 0 1
    outer loop
      vertex 0.700004 1.64099 1.8
      vertex 0.0261919 13.4999 1.8
      vertex 0.653007 1.12399 1.8
    endloop
  endfacet
  facet normal -0 0 1
    outer loop
      vertex 0.549148 15.4687 1.8
      vertex 3.004 14.649 1.8
      vertex 0.558147 15.487 1.8
    endloop
  endfacet
  facet normal 0 0 1
    outer loop
      vertex 14.662 -0.542011 1.8
      vertex 14.896 -0.0990028 1.8
      vertex 14.847 0.278987 1.8
    endloop
  endfacet
  facet normal 0 0 1
    outer loop
      vertex 14.662 -0.542011 1.8
      vertex 14.847 0.278987 1.8
      vertex 14.685 0.715999 1.8
    endloop
  endfacet
  facet normal 0 0 1
    outer loop
      vertex 14.662 -0.542011 1.8
      vertex 14.685 0.715999 1.8
      vertex 14.671 0.830989 1.8
    endloop
  endfacet
  facet normal 0 0 1
    outer loop
      vertex 14.896 -0.0990028 1.8
      vertex 14.662 -0.542011 1.8
      vertex 14.808 -0.370014 1.8
    endloop
  endfacet
  facet normal 0 0 1
    outer loop
      vertex 14.886 1.55 1.8
      vertex 12.97 0.297999 1.8
      vertex 14.671 0.830989 1.8
    endloop
  endfacet
  facet normal 0 -0 1
    outer loop
      vertex 12.97 0.297999 1.8
      vertex 14.886 1.55 1.8
      vertex 11.597 0.949992 1.8
    endloop
  endfacet
  facet normal 0 -0 1
    outer loop
      vertex 10.23 2.67099 1.8
      vertex 14.907 3.899 1.8
      vertex 10.152 3.18099 1.8
    endloop
  endfacet
  facet normal 0 0 1
    outer loop
      vertex 15.031 2.453 1.8
      vertex 11.597 0.949992 1.8
      vertex 14.886 1.55 1.8
    endloop
  endfacet
  facet normal 0 0 1
    outer loop
      vertex 15.031 3.235 1.8
      vertex 11.215 1.19099 1.8
      vertex 11.597 0.949992 1.8
    endloop
  endfacet
  facet normal 0 0 1
    outer loop
      vertex 14.907 3.899 1.8
      vertex 10.23 2.67099 1.8
      vertex 11.215 1.19099 1.8
    endloop
  endfacet
  facet normal 0 0 1
    outer loop
      vertex 10.517 1.942 1.8
      vertex 10.23 2.67099 1.8
      vertex 10.307 2.39999 1.8
    endloop
  endfacet
  facet normal 0 0 1
    outer loop
      vertex 11.215 1.19099 1.8
      vertex 10.517 1.942 1.8
      vertex 10.827 1.524 1.8
    endloop
  endfacet
  facet normal -0 -0 1
    outer loop
      vertex 10.517 1.942 1.8
      vertex 11.215 1.19099 1.8
      vertex 10.23 2.67099 1.8
    endloop
  endfacet
  facet normal 0 0 1
    outer loop
      vertex 9.436 -12.074 1.8
      vertex 9.49399 -12.662 1.8
      vertex 9.52399 -12.309 1.8
    endloop
  endfacet
  facet normal 0 0 1
    outer loop
      vertex 9.281 -12.969 1.8
      vertex 9.49399 -12.662 1.8
      vertex 9.436 -12.074 1.8
    endloop
  endfacet
  facet normal 0 0 1
    outer loop
      vertex 9.14699 -11.804 1.8
      vertex 9.436 -12.074 1.8
      vertex 9.32799 -11.932 1.8
    endloop
  endfacet
  facet normal 0 0 1
    outer loop
      vertex 9.49399 -12.662 1.8
      vertex 9.281 -12.969 1.8
      vertex 9.41799 -12.818 1.8
    endloop
  endfacet
  facet normal 0 0 1
    outer loop
      vertex 9.436 -12.074 1.8
      vertex 9.14699 -11.804 1.8
      vertex 9.281 -12.969 1.8
    endloop
  endfacet
  facet normal 0 0 1
    outer loop
      vertex 9.14699 -11.804 1.8
      vertex 8.958 -13.117 1.8
      vertex 9.281 -12.969 1.8
    endloop
  endfacet
  facet normal 0 0 1
    outer loop
      vertex 8.37099 -11.462 1.8
      vertex 8.958 -13.117 1.8
      vertex 9.14699 -11.804 1.8
    endloop
  endfacet
  facet normal 0 0 1
    outer loop
      vertex 7.46 -10.856 1.8
      vertex 8.958 -13.117 1.8
      vertex 8.37099 -11.462 1.8
    endloop
  endfacet
  facet normal 0 0 1
    outer loop
      vertex 0.0261919 -13.1298 1.8
      vertex 7.46 -10.856 1.8
      vertex 6.34699 -9.91901 1.8
    endloop
  endfacet
  facet normal 0 0 1
    outer loop
      vertex 0.0261919 -13.1298 1.8
      vertex 6.34699 -9.91901 1.8
      vertex 5.18899 -9.05201 1.8
    endloop
  endfacet
  facet normal 0 0 1
    outer loop
      vertex 0.0261919 -13.1298 1.8
      vertex 5.18899 -9.05201 1.8
      vertex 4.64899 -8.54201 1.8
    endloop
  endfacet
  facet normal 0 0 1
    outer loop
      vertex 0.940009 -0.619007 1.8
      vertex 2.213 -2.93401 1.8
      vertex 1.05601 -0.645008 1.8
    endloop
  endfacet
  facet normal 0 0 1
    outer loop
      vertex 2.213 -2.93401 1.8
      vertex 0.940009 -0.619007 1.8
      vertex 2.18 -3.20301 1.8
    endloop
  endfacet
  facet normal 0 0 1
    outer loop
      vertex 0.807014 -0.534 1.8
      vertex 2.18 -3.20301 1.8
      vertex 0.940009 -0.619007 1.8
    endloop
  endfacet
  facet normal 0 0 1
    outer loop
      vertex 2.18 -3.20301 1.8
      vertex 0.807014 -0.534 1.8
      vertex 2.18 -3.85901 1.8
    endloop
  endfacet
  facet normal 0 0 1
    outer loop
      vertex 0.734 -0.440006 1.8
      vertex 2.18 -3.85901 1.8
      vertex 0.807014 -0.534 1.8
    endloop
  endfacet
  facet normal 0 0 1
    outer loop
      vertex 2.18 -3.85901 1.8
      vertex 0.734 -0.440006 1.8
      vertex 2.288 -4.67501 1.8
    endloop
  endfacet
  facet normal 0 0 1
    outer loop
      vertex 0.0261919 -13.1298 1.8
      vertex 2.288 -4.67501 1.8
      vertex 0.734 -0.440006 1.8
    endloop
  endfacet
  facet normal -0 0 1
    outer loop
      vertex 0.328408 15.0208 1.8
      vertex 3.004 14.649 1.8
      vertex 0.549148 15.4687 1.8
    endloop
  endfacet
  facet normal 0 0 1
    outer loop
      vertex 3.02801 14.459 1.8
      vertex 0.328408 15.0208 1.8
      vertex 0.167943 14.5477 1.8
    endloop
  endfacet
  facet normal 0 0 1
    outer loop
      vertex 3.02801 14.459 1.8
      vertex 0.167943 14.5477 1.8
      vertex 0.157437 14.5085 1.8
    endloop
  endfacet
  facet normal 0 0 1
    outer loop
      vertex 0.157437 14.5085 1.8
      vertex 0.167943 14.5477 1.8
      vertex 0.161404 14.5285 1.8
    endloop
  endfacet
  facet normal 0 0 1
    outer loop
      vertex 3.02801 14.459 1.8
      vertex 0.157437 14.5085 1.8
      vertex 0.0601487 14.0188 1.8
    endloop
  endfacet
  facet normal 0 0 1
    outer loop
      vertex 3.02801 14.459 1.8
      vertex 0.0601487 14.0188 1.8
      vertex 0.0275187 13.5202 1.8
    endloop
  endfacet
  facet normal 0 0 1
    outer loop
      vertex 3.11101 14.328 1.8
      vertex 0.0275187 13.5202 1.8
      vertex 0.0261919 13.4999 1.8
    endloop
  endfacet
  facet normal 0 0 1
    outer loop
      vertex 0.653007 1.12399 1.8
      vertex 0.0261919 13.4999 1.8
      vertex 0.653007 0.055995 1.8
    endloop
  endfacet
  facet normal 0 0 1
    outer loop
      vertex 7.46 -10.856 1.8
      vertex 0.0261919 -13.1298 1.8
      vertex 8.958 -13.117 1.8
    endloop
  endfacet
  facet normal 0 0 1
    outer loop
      vertex 3.88901 -7.478 1.8
      vertex 0.0261919 -13.1298 1.8
      vertex 4.64899 -8.54201 1.8
    endloop
  endfacet
  facet normal 0 0 1
    outer loop
      vertex 2.39501 -5.05201 1.8
      vertex 0.0261919 -13.1298 1.8
      vertex 3.88901 -7.478 1.8
    endloop
  endfacet
  facet normal 0 0 1
    outer loop
      vertex 2.288 -4.67501 1.8
      vertex 0.0261919 -13.1298 1.8
      vertex 2.39501 -5.05201 1.8
    endloop
  endfacet
  facet normal 0 0 1
    outer loop
      vertex 0.687003 -0.289005 1.8
      vertex 0.0261919 -13.1298 1.8
      vertex 0.734 -0.440006 1.8
    endloop
  endfacet
  facet normal 0 0 1
    outer loop
      vertex 0.653007 0.055995 1.8
      vertex 0.0261919 -13.1298 1.8
      vertex 0.687003 -0.289005 1.8
    endloop
  endfacet
  facet normal 0 0 1
    outer loop
      vertex 0.0261919 -13.1298 1.8
      vertex 0.653007 0.055995 1.8
      vertex 0.0261919 13.4999 1.8
    endloop
  endfacet
  facet normal -0.598755 0.800932 0
    outer loop
      vertex 45.027 12.937 1.8
      vertex 44.821 12.783 2.4
      vertex 45.027 12.937 2.4
    endloop
  endfacet
  facet normal -0.598755 0.800932 0
    outer loop
      vertex 44.821 12.783 2.4
      vertex 45.027 12.937 1.8
      vertex 44.821 12.783 1.8
    endloop
  endfacet
  facet normal -0.863919 0.50363 0
    outer loop
      vertex 45.027 12.937 1.8
      vertex 45.157 13.16 2.4
      vertex 45.157 13.16 1.8
    endloop
  endfacet
  facet normal -0.863919 0.50363 0
    outer loop
      vertex 45.157 13.16 2.4
      vertex 45.027 12.937 1.8
      vertex 45.027 12.937 2.4
    endloop
  endfacet
  facet normal -0.983739 0.179604 0
    outer loop
      vertex 45.157 13.16 1.8
      vertex 45.201 13.401 2.4
      vertex 45.201 13.401 1.8
    endloop
  endfacet
  facet normal -0.983739 0.179604 0
    outer loop
      vertex 45.201 13.401 2.4
      vertex 45.157 13.16 1.8
      vertex 45.157 13.16 2.4
    endloop
  endfacet
  facet normal -0.984001 -0.178162 0
    outer loop
      vertex 45.201 13.401 1.8
      vertex 45.136 13.76 2.4
      vertex 45.136 13.76 1.8
    endloop
  endfacet
  facet normal -0.984001 -0.178162 0
    outer loop
      vertex 45.136 13.76 2.4
      vertex 45.201 13.401 1.8
      vertex 45.201 13.401 2.4
    endloop
  endfacet
  facet normal -0.879175 -0.476499 0
    outer loop
      vertex 45.136 13.76 1.8
      vertex 44.852 14.284 2.4
      vertex 44.852 14.284 1.8
    endloop
  endfacet
  facet normal -0.879175 -0.476499 0
    outer loop
      vertex 44.852 14.284 2.4
      vertex 45.136 13.76 1.8
      vertex 45.136 13.76 2.4
    endloop
  endfacet
  facet normal -0.967402 -0.253247 0
    outer loop
      vertex 44.852 14.284 1.8
      vertex 44.802 14.475 2.4
      vertex 44.802 14.475 1.8
    endloop
  endfacet
  facet normal -0.967402 -0.253247 0
    outer loop
      vertex 44.802 14.475 2.4
      vertex 44.852 14.284 1.8
      vertex 44.852 14.284 2.4
    endloop
  endfacet
  facet normal -0.995347 0.0963604 0
    outer loop
      vertex 44.802 14.475 1.8
      vertex 44.887 15.353 2.4
      vertex 44.887 15.353 1.8
    endloop
  endfacet
  facet normal -0.995347 0.0963604 0
    outer loop
      vertex 44.887 15.353 2.4
      vertex 44.802 14.475 1.8
      vertex 44.802 14.475 2.4
    endloop
  endfacet
  facet normal -0.994151 -0.108003 0
    outer loop
      vertex 44.887 15.353 1.8
      vertex 44.804 16.117 2.4
      vertex 44.804 16.117 1.8
    endloop
  endfacet
  facet normal -0.994151 -0.108003 0
    outer loop
      vertex 44.804 16.117 2.4
      vertex 44.887 15.353 1.8
      vertex 44.887 15.353 2.4
    endloop
  endfacet
  facet normal -0.957941 -0.286965 0
    outer loop
      vertex 44.6 16.797 1.8
      vertex 44.6275 16.7052 2.4
      vertex 44.6 16.797 2.38836
    endloop
  endfacet
  facet normal -0.957826 -0.287348 -6.38551e-05
    outer loop
      vertex 44.804 16.117 1.8
      vertex 44.6275 16.7052 2.4
      vertex 44.6 16.797 1.8
    endloop
  endfacet
  facet normal -0.957808 -0.287408 0
    outer loop
      vertex 44.6275 16.7052 2.4
      vertex 44.804 16.117 1.8
      vertex 44.804 16.117 2.4
    endloop
  endfacet
  facet normal -0.90937 -0.415988 0
    outer loop
      vertex 44.486 17.048 1.8
      vertex 44.4903 17.0386 2.32143
      vertex 44.486 17.048 2.31752
    endloop
  endfacet
  facet normal -0.910491 -0.41353 5.35669e-05
    outer loop
      vertex 44.6 16.797 1.8
      vertex 44.4903 17.0386 2.32143
      vertex 44.486 17.048 1.8
    endloop
  endfacet
  facet normal -0.910642 -0.413196 -0.000132603
    outer loop
      vertex 44.4903 17.0386 2.32143
      vertex 44.6 16.797 1.8
      vertex 44.5476 16.9123 2.37374
    endloop
  endfacet
  facet normal -0.910071 -0.414453 0.000172126
    outer loop
      vertex 44.5476 16.9123 2.37374
      vertex 44.6 16.797 1.8
      vertex 44.5803 16.8405 2.38285
    endloop
  endfacet
  facet normal -0.910939 -0.41254 0
    outer loop
      vertex 44.5803 16.8405 2.38285
      vertex 44.6 16.797 1.8
      vertex 44.6 16.797 2.38836
    endloop
  endfacet
  facet normal -0.958219 0.286036 0
    outer loop
      vertex 44.486 17.048 1.8
      vertex 44.566 17.316 2.10792
      vertex 44.566 17.316 1.8
    endloop
  endfacet
  facet normal -0.958117 0.286377 -0.000323278
    outer loop
      vertex 44.566 17.316 2.10792
      vertex 44.486 17.048 1.8
      vertex 44.5525 17.2709 2.16669
    endloop
  endfacet
  facet normal -0.958247 0.285942 -3.54458e-05
    outer loop
      vertex 44.5525 17.2709 2.16669
      vertex 44.486 17.048 1.8
      vertex 44.5354 17.2136 2.21069
    endloop
  endfacet
  facet normal -0.958339 0.285633 9.99689e-05
    outer loop
      vertex 44.5354 17.2136 2.21069
      vertex 44.486 17.048 1.8
      vertex 44.5031 17.1052 2.29382
    endloop
  endfacet
  facet normal -0.958102 0.286426 0
    outer loop
      vertex 44.5031 17.1052 2.29382
      vertex 44.486 17.048 1.8
      vertex 44.486 17.048 2.31752
    endloop
  endfacet
  facet normal -0.63835 0.769746 -0.000250046
    outer loop
      vertex 44.566 17.316 1.8
      vertex 44.6116 17.3539 2.05853
      vertex 44.6648 17.398 2.001
    endloop
  endfacet
  facet normal -0.638876 0.76931 0.000186999
    outer loop
      vertex 44.566 17.316 1.8
      vertex 44.6648 17.398 2.001
      vertex 44.7275 17.4501 1.87539
    endloop
  endfacet
  facet normal -0.638826 0.769351 5.164e-06
    outer loop
      vertex 44.566 17.316 1.8
      vertex 44.7275 17.4501 1.87539
      vertex 44.7611 17.478 1.80805
    endloop
  endfacet
  facet normal -0.638834 0.769344 0.000340802
    outer loop
      vertex 44.566 17.316 1.8
      vertex 44.7611 17.478 1.80805
      vertex 44.7623 17.479 1.8
    endloop
  endfacet
  facet normal -0.639189 0.76905 0
    outer loop
      vertex 44.6116 17.3539 2.05853
      vertex 44.566 17.316 1.8
      vertex 44.566 17.316 2.10792
    endloop
  endfacet
  facet normal 0.989714 -0.142877 -0.00722904
    outer loop
      vertex 39.9173 17.4558 1.8615
      vertex 39.9202 17.479 1.8
      vertex 39.9201 17.4779 1.80805
    endloop
  endfacet
  facet normal 0.992339 -0.123548 2.70606e-05
    outer loop
      vertex 39.874 17.108 1.8
      vertex 39.9173 17.4558 1.8615
      vertex 39.9101 17.398 2.001
    endloop
  endfacet
  facet normal 0.992319 -0.123705 0.000257156
    outer loop
      vertex 39.874 17.108 1.8
      vertex 39.9101 17.398 2.001
      vertex 39.9057 17.3628 2.04686
    endloop
  endfacet
  facet normal 0.992368 -0.123308 -0.000158685
    outer loop
      vertex 39.874 17.108 1.8
      vertex 39.9057 17.3628 2.04686
      vertex 39.8943 17.2709 2.16669
    endloop
  endfacet
  facet normal 0.992364 -0.123344 -0.000142529
    outer loop
      vertex 39.874 17.108 1.8
      vertex 39.8943 17.2709 2.16669
      vertex 39.8886 17.225 2.20185
    endloop
  endfacet
  facet normal 0.992304 -0.123826 0
    outer loop
      vertex 39.874 17.108 1.8
      vertex 39.8886 17.225 2.20185
      vertex 39.874 17.108 2.29165
    endloop
  endfacet
  facet normal 0.992335 -0.123574 0.000176578
    outer loop
      vertex 39.9173 17.4558 1.8615
      vertex 39.874 17.108 1.8
      vertex 39.9202 17.479 1.8
    endloop
  endfacet
  facet normal 0.999007 0.0434174 0.00998526
    outer loop
      vertex 39.8762 17.0518 2.31591
      vertex 39.874 17.108 2.29165
      vertex 39.8741 17.1052 2.29382
    endloop
  endfacet
  facet normal 0.999235 0.0391159 0
    outer loop
      vertex 39.874 17.108 2.29165
      vertex 39.8762 17.0518 2.31591
      vertex 39.874 17.108 1.8
    endloop
  endfacet
  facet normal 0.999195 0.040128 0.000110423
    outer loop
      vertex 39.8818 16.9122 2.37374
      vertex 39.874 17.108 1.8
      vertex 39.8762 17.0518 2.31591
    endloop
  endfacet
  facet normal 0.999192 0.0401942 0.000133029
    outer loop
      vertex 39.8841 16.855 2.381
      vertex 39.874 17.108 1.8
      vertex 39.8818 16.9122 2.37374
    endloop
  endfacet
  facet normal 0.999199 0.040029 6.10017e-05
    outer loop
      vertex 39.8901 16.7052 2.4
      vertex 39.874 17.108 1.8
      vertex 39.8841 16.855 2.381
    endloop
  endfacet
  facet normal 0.999206 0.0398386 -0
    outer loop
      vertex 39.911 16.181 1.8
      vertex 39.8901 16.7052 2.4
      vertex 39.911 16.181 2.4
    endloop
  endfacet
  facet normal 0.999204 0.0398819 -3.79058e-05
    outer loop
      vertex 39.8901 16.7052 2.4
      vertex 39.911 16.181 1.8
      vertex 39.874 17.108 1.8
    endloop
  endfacet
  facet normal 0.983567 0.180545 0
    outer loop
      vertex 39.978 15.816 2.4
      vertex 39.911 16.181 1.8
      vertex 39.911 16.181 2.4
    endloop
  endfacet
  facet normal 0.983567 0.180545 0
    outer loop
      vertex 39.911 16.181 1.8
      vertex 39.978 15.816 2.4
      vertex 39.978 15.816 1.8
    endloop
  endfacet
  facet normal 0.947731 0.31907 0
    outer loop
      vertex 40.079 15.516 2.4
      vertex 39.978 15.816 1.8
      vertex 39.978 15.816 2.4
    endloop
  endfacet
  facet normal 0.947731 0.31907 0
    outer loop
      vertex 39.978 15.816 1.8
      vertex 40.079 15.516 2.4
      vertex 40.079 15.516 1.8
    endloop
  endfacet
  facet normal 0.876782 0.480888 0
    outer loop
      vertex 40.294 15.124 2.4
      vertex 40.079 15.516 1.8
      vertex 40.079 15.516 2.4
    endloop
  endfacet
  facet normal 0.876782 0.480888 0
    outer loop
      vertex 40.079 15.516 1.8
      vertex 40.294 15.124 2.4
      vertex 40.294 15.124 1.8
    endloop
  endfacet
  facet normal 0.791426 0.611264 0
    outer loop
      vertex 40.484 14.878 2.4
      vertex 40.294 15.124 1.8
      vertex 40.294 15.124 2.4
    endloop
  endfacet
  facet normal 0.791426 0.611264 0
    outer loop
      vertex 40.294 15.124 1.8
      vertex 40.484 14.878 2.4
      vertex 40.484 14.878 1.8
    endloop
  endfacet
  facet normal 0.700932 0.713229 -0
    outer loop
      vertex 40.832 14.536 1.8
      vertex 40.484 14.878 2.4
      vertex 40.832 14.536 2.4
    endloop
  endfacet
  facet normal 0.700932 0.713229 0
    outer loop
      vertex 40.484 14.878 2.4
      vertex 40.832 14.536 1.8
      vertex 40.484 14.878 1.8
    endloop
  endfacet
  facet normal 0.535804 0.844343 -0
    outer loop
      vertex 41.393 14.18 1.8
      vertex 40.832 14.536 2.4
      vertex 41.393 14.18 2.4
    endloop
  endfacet
  facet normal 0.535804 0.844343 0
    outer loop
      vertex 40.832 14.536 2.4
      vertex 41.393 14.18 1.8
      vertex 40.832 14.536 1.8
    endloop
  endfacet
  facet normal 0.398343 0.917237 -0
    outer loop
      vertex 42.268 13.8 1.8
      vertex 41.393 14.18 2.4
      vertex 42.268 13.8 2.4
    endloop
  endfacet
  facet normal 0.398343 0.917237 0
    outer loop
      vertex 41.393 14.18 2.4
      vertex 42.268 13.8 1.8
      vertex 41.393 14.18 1.8
    endloop
  endfacet
  facet normal 0.297237 0.954804 -0
    outer loop
      vertex 43.63 13.376 1.8
      vertex 42.268 13.8 2.4
      vertex 43.63 13.376 2.4
    endloop
  endfacet
  facet normal 0.297237 0.954804 0
    outer loop
      vertex 42.268 13.8 2.4
      vertex 43.63 13.376 1.8
      vertex 42.268 13.8 1.8
    endloop
  endfacet
  facet normal 0.608936 0.793219 -0
    outer loop
      vertex 43.729 13.3 1.8
      vertex 43.63 13.376 2.4
      vertex 43.729 13.3 2.4
    endloop
  endfacet
  facet normal 0.608936 0.793219 0
    outer loop
      vertex 43.63 13.376 2.4
      vertex 43.729 13.3 1.8
      vertex 43.63 13.376 1.8
    endloop
  endfacet
  facet normal 0.790724 0.612173 0
    outer loop
      vertex 44.041 12.897 2.4
      vertex 43.729 13.3 1.8
      vertex 43.729 13.3 2.4
    endloop
  endfacet
  facet normal 0.790724 0.612173 0
    outer loop
      vertex 43.729 13.3 1.8
      vertex 44.041 12.897 2.4
      vertex 44.041 12.897 1.8
    endloop
  endfacet
  facet normal 0.452267 0.891883 -0
    outer loop
      vertex 44.323 12.754 1.8
      vertex 44.041 12.897 2.4
      vertex 44.323 12.754 2.4
    endloop
  endfacet
  facet normal 0.452267 0.891883 0
    outer loop
      vertex 44.041 12.897 2.4
      vertex 44.323 12.754 1.8
      vertex 44.041 12.897 1.8
    endloop
  endfacet
  facet normal 0.120092 0.992763 -0
    outer loop
      vertex 44.571 12.724 1.8
      vertex 44.323 12.754 2.4
      vertex 44.571 12.724 2.4
    endloop
  endfacet
  facet normal 0.120092 0.992763 0
    outer loop
      vertex 44.323 12.754 2.4
      vertex 44.571 12.724 1.8
      vertex 44.323 12.754 1.8
    endloop
  endfacet
  facet normal -0.22969 0.973264 0
    outer loop
      vertex 44.821 12.783 1.8
      vertex 44.571 12.724 2.4
      vertex 44.821 12.783 2.4
    endloop
  endfacet
  facet normal -0.22969 0.973264 0
    outer loop
      vertex 44.571 12.724 2.4
      vertex 44.821 12.783 1.8
      vertex 44.571 12.724 1.8
    endloop
  endfacet
  facet normal -0.416558 0.909109 0
    outer loop
      vertex 9.281 -12.969 1.8
      vertex 8.958 -13.117 2.4
      vertex 9.281 -12.969 2.4
    endloop
  endfacet
  facet normal -0.416558 0.909109 0
    outer loop
      vertex 8.958 -13.117 2.4
      vertex 9.281 -12.969 1.8
      vertex 8.958 -13.117 1.8
    endloop
  endfacet
  facet normal -0.74063 0.671913 0
    outer loop
      vertex 9.281 -12.969 1.8
      vertex 9.41799 -12.818 2.4
      vertex 9.41799 -12.818 1.8
    endloop
  endfacet
  facet normal -0.74063 0.671913 0
    outer loop
      vertex 9.41799 -12.818 2.4
      vertex 9.281 -12.969 1.8
      vertex 9.281 -12.969 2.4
    endloop
  endfacet
  facet normal -0.89899 0.437969 0
    outer loop
      vertex 9.41799 -12.818 1.8
      vertex 9.49399 -12.662 2.4
      vertex 9.49399 -12.662 1.8
    endloop
  endfacet
  facet normal -0.89899 0.437969 0
    outer loop
      vertex 9.49399 -12.662 2.4
      vertex 9.41799 -12.818 1.8
      vertex 9.41799 -12.818 2.4
    endloop
  endfacet
  facet normal -0.996408 0.0846806 0
    outer loop
      vertex 9.49399 -12.662 1.8
      vertex 9.52399 -12.309 2.4
      vertex 9.52399 -12.309 1.8
    endloop
  endfacet
  facet normal -0.996408 0.0846806 0
    outer loop
      vertex 9.52399 -12.309 2.4
      vertex 9.49399 -12.662 1.8
      vertex 9.49399 -12.662 2.4
    endloop
  endfacet
  facet normal -0.936506 -0.350652 0
    outer loop
      vertex 9.52399 -12.309 1.8
      vertex 9.436 -12.074 2.4
      vertex 9.436 -12.074 1.8
    endloop
  endfacet
  facet normal -0.936506 -0.350652 0
    outer loop
      vertex 9.436 -12.074 2.4
      vertex 9.52399 -12.309 1.8
      vertex 9.52399 -12.309 2.4
    endloop
  endfacet
  facet normal -0.795919 -0.605403 0
    outer loop
      vertex 9.436 -12.074 1.8
      vertex 9.32799 -11.932 2.4
      vertex 9.32799 -11.932 1.8
    endloop
  endfacet
  facet normal -0.795919 -0.605403 0
    outer loop
      vertex 9.32799 -11.932 2.4
      vertex 9.436 -12.074 1.8
      vertex 9.436 -12.074 2.4
    endloop
  endfacet
  facet normal -0.577391 -0.816468 0
    outer loop
      vertex 9.14699 -11.804 1.8
      vertex 9.32799 -11.932 2.4
      vertex 9.14699 -11.804 2.4
    endloop
  endfacet
  facet normal -0.577391 -0.816468 -0
    outer loop
      vertex 9.32799 -11.932 2.4
      vertex 9.14699 -11.804 1.8
      vertex 9.32799 -11.932 1.8
    endloop
  endfacet
  facet normal -0.403292 -0.915071 0
    outer loop
      vertex 8.37099 -11.462 1.8
      vertex 9.14699 -11.804 2.4
      vertex 8.37099 -11.462 2.4
    endloop
  endfacet
  facet normal -0.403292 -0.915071 -0
    outer loop
      vertex 9.14699 -11.804 2.4
      vertex 8.37099 -11.462 1.8
      vertex 9.14699 -11.804 1.8
    endloop
  endfacet
  facet normal -0.55386 -0.832609 0
    outer loop
      vertex 7.46 -10.856 1.8
      vertex 8.37099 -11.462 2.4
      vertex 7.46 -10.856 2.4
    endloop
  endfacet
  facet normal -0.55386 -0.832609 -0
    outer loop
      vertex 8.37099 -11.462 2.4
      vertex 7.46 -10.856 1.8
      vertex 8.37099 -11.462 1.8
    endloop
  endfacet
  facet normal -0.644023 -0.765007 0
    outer loop
      vertex 6.34699 -9.91901 1.8
      vertex 7.46 -10.856 2.4
      vertex 6.34699 -9.91901 2.4
    endloop
  endfacet
  facet normal -0.644023 -0.765007 -0
    outer loop
      vertex 7.46 -10.856 2.4
      vertex 6.34699 -9.91901 1.8
      vertex 7.46 -10.856 1.8
    endloop
  endfacet
  facet normal -0.599336 -0.800497 0
    outer loop
      vertex 5.18899 -9.05201 1.8
      vertex 6.34699 -9.91901 2.4
      vertex 5.18899 -9.05201 2.4
    endloop
  endfacet
  facet normal -0.599336 -0.800497 -0
    outer loop
      vertex 6.34699 -9.91901 2.4
      vertex 5.18899 -9.05201 1.8
      vertex 6.34699 -9.91901 1.8
    endloop
  endfacet
  facet normal -0.686624 -0.727013 0
    outer loop
      vertex 4.64899 -8.54201 1.8
      vertex 5.18899 -9.05201 2.4
      vertex 4.64899 -8.54201 2.4
    endloop
  endfacet
  facet normal -0.686624 -0.727013 -0
    outer loop
      vertex 5.18899 -9.05201 2.4
      vertex 4.64899 -8.54201 1.8
      vertex 5.18899 -9.05201 1.8
    endloop
  endfacet
  facet normal -0.813743 -0.581224 0
    outer loop
      vertex 4.64899 -8.54201 1.8
      vertex 3.88901 -7.478 2.4
      vertex 3.88901 -7.478 1.8
    endloop
  endfacet
  facet normal -0.813743 -0.581224 0
    outer loop
      vertex 3.88901 -7.478 2.4
      vertex 4.64899 -8.54201 1.8
      vertex 4.64899 -8.54201 2.4
    endloop
  endfacet
  facet normal -0.851489 -0.524373 0
    outer loop
      vertex 3.88901 -7.478 1.8
      vertex 2.39501 -5.05201 2.4
      vertex 2.39501 -5.05201 1.8
    endloop
  endfacet
  facet normal -0.851489 -0.524373 0
    outer loop
      vertex 2.39501 -5.05201 2.4
      vertex 3.88901 -7.478 1.8
      vertex 3.88901 -7.478 2.4
    endloop
  endfacet
  facet normal -0.961997 -0.273059 0
    outer loop
      vertex 2.39501 -5.05201 1.8
      vertex 2.288 -4.67501 2.4
      vertex 2.288 -4.67501 1.8
    endloop
  endfacet
  facet normal -0.961997 -0.273059 0
    outer loop
      vertex 2.288 -4.67501 2.4
      vertex 2.39501 -5.05201 1.8
      vertex 2.39501 -5.05201 2.4
    endloop
  endfacet
  facet normal -0.991355 -0.131209 0
    outer loop
      vertex 2.288 -4.67501 1.8
      vertex 2.18 -3.85901 2.4
      vertex 2.18 -3.85901 1.8
    endloop
  endfacet
  facet normal -0.991355 -0.131209 0
    outer loop
      vertex 2.18 -3.85901 2.4
      vertex 2.288 -4.67501 1.8
      vertex 2.288 -4.67501 2.4
    endloop
  endfacet
  facet normal -1 0 0
    outer loop
      vertex 2.18 -3.85901 1.8
      vertex 2.18 -3.20301 2.4
      vertex 2.18 -3.20301 1.8
    endloop
  endfacet
  facet normal -1 -0 0
    outer loop
      vertex 2.18 -3.20301 2.4
      vertex 2.18 -3.85901 1.8
      vertex 2.18 -3.85901 2.4
    endloop
  endfacet
  facet normal -0.992559 0.121764 0
    outer loop
      vertex 2.18 -3.20301 1.8
      vertex 2.213 -2.93401 2.4
      vertex 2.213 -2.93401 1.8
    endloop
  endfacet
  facet normal -0.992559 0.121764 0
    outer loop
      vertex 2.213 -2.93401 2.4
      vertex 2.18 -3.20301 1.8
      vertex 2.18 -3.20301 2.4
    endloop
  endfacet
  facet normal -0.97446 0.224562 0
    outer loop
      vertex 2.213 -2.93401 1.8
      vertex 2.325 -2.448 2.4
      vertex 2.325 -2.448 1.8
    endloop
  endfacet
  facet normal -0.97446 0.224562 0
    outer loop
      vertex 2.325 -2.448 2.4
      vertex 2.213 -2.93401 1.8
      vertex 2.213 -2.93401 2.4
    endloop
  endfacet
  facet normal -0.949935 0.312449 0
    outer loop
      vertex 2.325 -2.448 1.8
      vertex 2.49801 -1.922 2.4
      vertex 2.49801 -1.922 1.8
    endloop
  endfacet
  facet normal -0.949935 0.312449 0
    outer loop
      vertex 2.49801 -1.922 2.4
      vertex 2.325 -2.448 1.8
      vertex 2.325 -2.448 2.4
    endloop
  endfacet
  facet normal -0.902529 0.430629 0
    outer loop
      vertex 2.49801 -1.922 1.8
      vertex 2.95701 -0.960011 2.4
      vertex 2.95701 -0.960011 1.8
    endloop
  endfacet
  facet normal -0.902529 0.430629 0
    outer loop
      vertex 2.95701 -0.960011 2.4
      vertex 2.49801 -1.922 1.8
      vertex 2.49801 -1.922 2.4
    endloop
  endfacet
  facet normal -0.798935 0.601418 0
    outer loop
      vertex 2.95701 -0.960011 1.8
      vertex 3.36201 -0.422001 2.4
      vertex 3.36201 -0.422001 1.8
    endloop
  endfacet
  facet normal -0.798935 0.601418 0
    outer loop
      vertex 3.36201 -0.422001 2.4
      vertex 2.95701 -0.960011 1.8
      vertex 2.95701 -0.960011 2.4
    endloop
  endfacet
  facet normal -0.710448 0.70375 0
    outer loop
      vertex 3.36201 -0.422001 1.8
      vertex 3.573 -0.209003 2.4
      vertex 3.573 -0.209003 1.8
    endloop
  endfacet
  facet normal -0.710448 0.70375 0
    outer loop
      vertex 3.573 -0.209003 2.4
      vertex 3.36201 -0.422001 1.8
      vertex 3.36201 -0.422001 2.4
    endloop
  endfacet
  facet normal -0.452031 0.892002 0
    outer loop
      vertex 3.79401 -0.0970039 1.8
      vertex 3.573 -0.209003 2.4
      vertex 3.79401 -0.0970039 2.4
    endloop
  endfacet
  facet normal -0.452031 0.892002 0
    outer loop
      vertex 3.573 -0.209003 2.4
      vertex 3.79401 -0.0970039 1.8
      vertex 3.573 -0.209003 1.8
    endloop
  endfacet
  facet normal -0.143481 0.989653 0
    outer loop
      vertex 4.26299 -0.0290108 1.8
      vertex 3.79401 -0.0970039 2.4
      vertex 4.26299 -0.0290108 2.4
    endloop
  endfacet
  facet normal -0.143481 0.989653 0
    outer loop
      vertex 3.79401 -0.0970039 2.4
      vertex 4.26299 -0.0290108 1.8
      vertex 3.79401 -0.0970039 1.8
    endloop
  endfacet
  facet normal -0.00761261 0.999971 0
    outer loop
      vertex 5.18299 -0.022007 1.8
      vertex 4.26299 -0.0290108 2.4
      vertex 5.18299 -0.022007 2.4
    endloop
  endfacet
  facet normal -0.00761261 0.999971 0
    outer loop
      vertex 4.26299 -0.0290108 2.4
      vertex 5.18299 -0.022007 1.8
      vertex 4.26299 -0.0290108 1.8
    endloop
  endfacet
  facet normal -0.301227 0.953553 0
    outer loop
      vertex 5.66099 0.128993 1.8
      vertex 5.18299 -0.022007 2.4
      vertex 5.66099 0.128993 2.4
    endloop
  endfacet
  facet normal -0.301227 0.953553 0
    outer loop
      vertex 5.18299 -0.022007 2.4
      vertex 5.66099 0.128993 1.8
      vertex 5.18299 -0.022007 1.8
    endloop
  endfacet
  facet normal -0.55427 0.832337 0
    outer loop
      vertex 6.11599 0.431987 1.8
      vertex 5.66099 0.128993 2.4
      vertex 6.11599 0.431987 2.4
    endloop
  endfacet
  facet normal -0.55427 0.832337 0
    outer loop
      vertex 5.66099 0.128993 2.4
      vertex 6.11599 0.431987 1.8
      vertex 5.66099 0.128993 1.8
    endloop
  endfacet
  facet normal -0.663938 0.747788 0
    outer loop
      vertex 6.76699 1.00999 1.8
      vertex 6.11599 0.431987 2.4
      vertex 6.76699 1.00999 2.4
    endloop
  endfacet
  facet normal -0.663938 0.747788 0
    outer loop
      vertex 6.11599 0.431987 2.4
      vertex 6.76699 1.00999 1.8
      vertex 6.11599 0.431987 1.8
    endloop
  endfacet
  facet normal -0.712617 0.701553 0
    outer loop
      vertex 6.76699 1.00999 1.8
      vertex 7.02 1.26699 2.4
      vertex 7.02 1.26699 1.8
    endloop
  endfacet
  facet normal -0.712617 0.701553 0
    outer loop
      vertex 7.02 1.26699 2.4
      vertex 6.76699 1.00999 1.8
      vertex 6.76699 1.00999 2.4
    endloop
  endfacet
  facet normal -0.799578 0.600562 0
    outer loop
      vertex 7.02 1.26699 1.8
      vertex 7.35499 1.71299 2.4
      vertex 7.35499 1.71299 1.8
    endloop
  endfacet
  facet normal -0.799578 0.600562 0
    outer loop
      vertex 7.35499 1.71299 2.4
      vertex 7.02 1.26699 1.8
      vertex 7.02 1.26699 2.4
    endloop
  endfacet
  facet normal -0.91731 0.398173 0
    outer loop
      vertex 7.35499 1.71299 1.8
      vertex 7.51299 2.07699 2.4
      vertex 7.51299 2.07699 1.8
    endloop
  endfacet
  facet normal -0.91731 0.398173 0
    outer loop
      vertex 7.51299 2.07699 2.4
      vertex 7.35499 1.71299 1.8
      vertex 7.35499 1.71299 2.4
    endloop
  endfacet
  facet normal -0.978529 0.206108 0
    outer loop
      vertex 7.51299 2.07699 1.8
      vertex 7.61999 2.58499 2.4
      vertex 7.61999 2.58499 1.8
    endloop
  endfacet
  facet normal -0.978529 0.206108 0
    outer loop
      vertex 7.61999 2.58499 2.4
      vertex 7.51299 2.07699 1.8
      vertex 7.51299 2.07699 2.4
    endloop
  endfacet
  facet normal -0.995964 0.089749 0
    outer loop
      vertex 7.61999 2.58499 1.8
      vertex 7.66 3.02899 2.4
      vertex 7.66 3.02899 1.8
    endloop
  endfacet
  facet normal -0.995964 0.089749 0
    outer loop
      vertex 7.66 3.02899 2.4
      vertex 7.61999 2.58499 1.8
      vertex 7.61999 2.58499 2.4
    endloop
  endfacet
  facet normal -0.999997 0.00261151 0
    outer loop
      vertex 7.66 3.02899 1.8
      vertex 7.66199 3.791 2.4
      vertex 7.66199 3.791 1.8
    endloop
  endfacet
  facet normal -0.999997 0.00261151 0
    outer loop
      vertex 7.66199 3.791 2.4
      vertex 7.66 3.02899 1.8
      vertex 7.66 3.02899 2.4
    endloop
  endfacet
  facet normal -0.994748 0.102358 0
    outer loop
      vertex 7.66199 3.791 1.8
      vertex 7.73299 4.481 2.4
      vertex 7.73299 4.481 1.8
    endloop
  endfacet
  facet normal -0.994748 0.102358 0
    outer loop
      vertex 7.73299 4.481 2.4
      vertex 7.66199 3.791 1.8
      vertex 7.66199 3.791 2.4
    endloop
  endfacet
  facet normal -0.919727 0.392558 0
    outer loop
      vertex 7.73299 4.481 1.8
      vertex 7.835 4.72 2.4
      vertex 7.835 4.72 1.8
    endloop
  endfacet
  facet normal -0.919727 0.392558 0
    outer loop
      vertex 7.835 4.72 2.4
      vertex 7.73299 4.481 1.8
      vertex 7.73299 4.481 2.4
    endloop
  endfacet
  facet normal -0.72235 0.691527 0
    outer loop
      vertex 7.835 4.72 1.8
      vertex 8.104 5.00099 2.4
      vertex 8.104 5.00099 1.8
    endloop
  endfacet
  facet normal -0.72235 0.691527 0
    outer loop
      vertex 8.104 5.00099 2.4
      vertex 7.835 4.72 1.8
      vertex 7.835 4.72 2.4
    endloop
  endfacet
  facet normal -0.854376 0.519656 0
    outer loop
      vertex 8.104 5.00099 1.8
      vertex 8.29499 5.315 2.4
      vertex 8.29499 5.315 1.8
    endloop
  endfacet
  facet normal -0.854376 0.519656 0
    outer loop
      vertex 8.29499 5.315 2.4
      vertex 8.104 5.00099 1.8
      vertex 8.104 5.00099 2.4
    endloop
  endfacet
  facet normal -0.972172 0.234268 0
    outer loop
      vertex 8.29499 5.315 1.8
      vertex 8.35499 5.56399 2.4
      vertex 8.35499 5.56399 1.8
    endloop
  endfacet
  facet normal -0.972172 0.234268 0
    outer loop
      vertex 8.35499 5.56399 2.4
      vertex 8.29499 5.315 1.8
      vertex 8.29499 5.315 2.4
    endloop
  endfacet
  facet normal -0.99053 -0.137295 0
    outer loop
      vertex 8.35499 5.56399 1.8
      vertex 8.322 5.802 2.4
      vertex 8.322 5.802 1.8
    endloop
  endfacet
  facet normal -0.99053 -0.137295 0
    outer loop
      vertex 8.322 5.802 2.4
      vertex 8.35499 5.56399 1.8
      vertex 8.35499 5.56399 2.4
    endloop
  endfacet
  facet normal -0.859855 -0.510539 0
    outer loop
      vertex 8.322 5.802 1.8
      vertex 8.208 5.994 2.4
      vertex 8.208 5.994 1.8
    endloop
  endfacet
  facet normal -0.859855 -0.510539 0
    outer loop
      vertex 8.208 5.994 2.4
      vertex 8.322 5.802 1.8
      vertex 8.322 5.802 2.4
    endloop
  endfacet
  facet normal -0.593477 -0.804851 0
    outer loop
      vertex 8.029 6.12599 1.8
      vertex 8.208 5.994 2.4
      vertex 8.029 6.12599 2.4
    endloop
  endfacet
  facet normal -0.593477 -0.804851 -0
    outer loop
      vertex 8.208 5.994 2.4
      vertex 8.029 6.12599 1.8
      vertex 8.208 5.994 1.8
    endloop
  endfacet
  facet normal -0.245736 -0.969337 0
    outer loop
      vertex 7.81599 6.17999 1.8
      vertex 8.029 6.12599 2.4
      vertex 7.81599 6.17999 2.4
    endloop
  endfacet
  facet normal -0.245736 -0.969337 -0
    outer loop
      vertex 8.029 6.12599 2.4
      vertex 7.81599 6.17999 1.8
      vertex 8.029 6.12599 1.8
    endloop
  endfacet
  facet normal 0.104239 -0.994552 0
    outer loop
      vertex 7.60599 6.15798 1.8
      vertex 7.81599 6.17999 2.4
      vertex 7.60599 6.15798 2.4
    endloop
  endfacet
  facet normal 0.104239 -0.994552 0
    outer loop
      vertex 7.81599 6.17999 2.4
      vertex 7.60599 6.15798 1.8
      vertex 7.81599 6.17999 1.8
    endloop
  endfacet
  facet normal 0.376616 -0.926369 0
    outer loop
      vertex 7.21 5.99699 1.8
      vertex 7.60599 6.15798 2.4
      vertex 7.21 5.99699 2.4
    endloop
  endfacet
  facet normal 0.376616 -0.926369 0
    outer loop
      vertex 7.60599 6.15798 2.4
      vertex 7.21 5.99699 1.8
      vertex 7.60599 6.15798 1.8
    endloop
  endfacet
  facet normal 0.61742 -0.786634 0
    outer loop
      vertex 6.852 5.716 1.8
      vertex 7.21 5.99699 2.4
      vertex 6.852 5.716 2.4
    endloop
  endfacet
  facet normal 0.61742 -0.786634 0
    outer loop
      vertex 7.21 5.99699 2.4
      vertex 6.852 5.716 1.8
      vertex 7.21 5.99699 1.8
    endloop
  endfacet
  facet normal 0.372393 -0.928075 0
    outer loop
      vertex 6.52799 5.58599 1.8
      vertex 6.852 5.716 2.4
      vertex 6.52799 5.58599 2.4
    endloop
  endfacet
  facet normal 0.372393 -0.928075 0
    outer loop
      vertex 6.852 5.716 2.4
      vertex 6.52799 5.58599 1.8
      vertex 6.852 5.716 1.8
    endloop
  endfacet
  facet normal 0.10307 -0.994674 0
    outer loop
      vertex 5.47599 5.47698 1.8
      vertex 6.52799 5.58599 2.4
      vertex 5.47599 5.47698 2.4
    endloop
  endfacet
  facet normal 0.10307 -0.994674 0
    outer loop
      vertex 6.52799 5.58599 2.4
      vertex 5.47599 5.47698 1.8
      vertex 6.52799 5.58599 1.8
    endloop
  endfacet
  facet normal 0.241745 -0.97034 0
    outer loop
      vertex 4.878 5.328 1.8
      vertex 5.47599 5.47698 2.4
      vertex 4.878 5.328 2.4
    endloop
  endfacet
  facet normal 0.241745 -0.97034 0
    outer loop
      vertex 5.47599 5.47698 2.4
      vertex 4.878 5.328 1.8
      vertex 5.47599 5.47698 1.8
    endloop
  endfacet
  facet normal 0.422098 -0.90655 0
    outer loop
      vertex 4.36899 5.091 1.8
      vertex 4.878 5.328 2.4
      vertex 4.36899 5.091 2.4
    endloop
  endfacet
  facet normal 0.422098 -0.90655 0
    outer loop
      vertex 4.878 5.328 2.4
      vertex 4.36899 5.091 1.8
      vertex 4.878 5.328 1.8
    endloop
  endfacet
  facet normal 0.58828 -0.808657 0
    outer loop
      vertex 3.80401 4.67999 1.8
      vertex 4.36899 5.091 2.4
      vertex 3.80401 4.67999 2.4
    endloop
  endfacet
  facet normal 0.58828 -0.808657 0
    outer loop
      vertex 4.36899 5.091 2.4
      vertex 3.80401 4.67999 1.8
      vertex 4.36899 5.091 1.8
    endloop
  endfacet
  facet normal 0.707095 -0.707119 0
    outer loop
      vertex 3.217 4.093 1.8
      vertex 3.80401 4.67999 2.4
      vertex 3.217 4.093 2.4
    endloop
  endfacet
  facet normal 0.707095 -0.707119 0
    outer loop
      vertex 3.80401 4.67999 2.4
      vertex 3.217 4.093 1.8
      vertex 3.80401 4.67999 1.8
    endloop
  endfacet
  facet normal 0.765879 -0.642985 0
    outer loop
      vertex 2.83501 3.638 2.4
      vertex 3.217 4.093 1.8
      vertex 3.217 4.093 2.4
    endloop
  endfacet
  facet normal 0.765879 -0.642985 0
    outer loop
      vertex 3.217 4.093 1.8
      vertex 2.83501 3.638 2.4
      vertex 2.83501 3.638 1.8
    endloop
  endfacet
  facet normal 0.811346 -0.584566 0
    outer loop
      vertex 2.536 3.22299 2.4
      vertex 2.83501 3.638 1.8
      vertex 2.83501 3.638 2.4
    endloop
  endfacet
  facet normal 0.811346 -0.584566 0
    outer loop
      vertex 2.83501 3.638 1.8
      vertex 2.536 3.22299 2.4
      vertex 2.536 3.22299 1.8
    endloop
  endfacet
  facet normal 0.897362 -0.441295 0
    outer loop
      vertex 2.297 2.73699 2.4
      vertex 2.536 3.22299 1.8
      vertex 2.536 3.22299 2.4
    endloop
  endfacet
  facet normal 0.897362 -0.441295 0
    outer loop
      vertex 2.536 3.22299 1.8
      vertex 2.297 2.73699 2.4
      vertex 2.297 2.73699 1.8
    endloop
  endfacet
  facet normal 0.956027 -0.293279 0
    outer loop
      vertex 2.16601 2.30999 2.4
      vertex 2.297 2.73699 1.8
      vertex 2.297 2.73699 2.4
    endloop
  endfacet
  facet normal 0.956027 -0.293279 0
    outer loop
      vertex 2.297 2.73699 1.8
      vertex 2.16601 2.30999 2.4
      vertex 2.16601 2.30999 1.8
    endloop
  endfacet
  facet normal 0.990462 -0.137784 0
    outer loop
      vertex 2.11301 1.929 2.4
      vertex 2.16601 2.30999 1.8
      vertex 2.16601 2.30999 2.4
    endloop
  endfacet
  facet normal 0.990462 -0.137784 0
    outer loop
      vertex 2.16601 2.30999 1.8
      vertex 2.11301 1.929 2.4
      vertex 2.11301 1.929 1.8
    endloop
  endfacet
  facet normal 0.999755 0.0221141 0
    outer loop
      vertex 2.12 1.61299 2.4
      vertex 2.11301 1.929 1.8
      vertex 2.11301 1.929 2.4
    endloop
  endfacet
  facet normal 0.999755 0.0221141 0
    outer loop
      vertex 2.11301 1.929 1.8
      vertex 2.12 1.61299 2.4
      vertex 2.12 1.61299 1.8
    endloop
  endfacet
  facet normal 0.985535 0.169473 0
    outer loop
      vertex 2.277 0.699992 2.4
      vertex 2.12 1.61299 1.8
      vertex 2.12 1.61299 2.4
    endloop
  endfacet
  facet normal 0.985535 0.169473 0
    outer loop
      vertex 2.12 1.61299 1.8
      vertex 2.277 0.699992 2.4
      vertex 2.277 0.699992 1.8
    endloop
  endfacet
  facet normal 0.984281 -0.176609 0
    outer loop
      vertex 2.24201 0.504985 2.4
      vertex 2.277 0.699992 1.8
      vertex 2.277 0.699992 2.4
    endloop
  endfacet
  facet normal 0.984281 -0.176609 0
    outer loop
      vertex 2.277 0.699992 1.8
      vertex 2.24201 0.504985 2.4
      vertex 2.24201 0.504985 1.8
    endloop
  endfacet
  facet normal 0.762421 -0.647082 0
    outer loop
      vertex 1.35001 -0.546009 2.4
      vertex 2.24201 0.504985 1.8
      vertex 2.24201 0.504985 2.4
    endloop
  endfacet
  facet normal 0.762421 -0.647082 0
    outer loop
      vertex 2.24201 0.504985 1.8
      vertex 1.35001 -0.546009 2.4
      vertex 1.35001 -0.546009 1.8
    endloop
  endfacet
  facet normal 0.499489 -0.86632 0
    outer loop
      vertex 1.213 -0.625004 1.8
      vertex 1.35001 -0.546009 2.4
      vertex 1.213 -0.625004 2.4
    endloop
  endfacet
  facet normal 0.499489 -0.86632 0
    outer loop
      vertex 1.35001 -0.546009 2.4
      vertex 1.213 -0.625004 1.8
      vertex 1.35001 -0.546009 1.8
    endloop
  endfacet
  facet normal 0.1264 -0.991979 0
    outer loop
      vertex 1.05601 -0.645008 1.8
      vertex 1.213 -0.625004 2.4
      vertex 1.05601 -0.645008 2.4
    endloop
  endfacet
  facet normal 0.1264 -0.991979 0
    outer loop
      vertex 1.213 -0.625004 2.4
      vertex 1.05601 -0.645008 1.8
      vertex 1.213 -0.625004 1.8
    endloop
  endfacet
  facet normal -0.218718 -0.975788 0
    outer loop
      vertex 0.940009 -0.619007 1.8
      vertex 1.05601 -0.645008 2.4
      vertex 0.940009 -0.619007 2.4
    endloop
  endfacet
  facet normal -0.218718 -0.975788 -0
    outer loop
      vertex 1.05601 -0.645008 2.4
      vertex 0.940009 -0.619007 1.8
      vertex 1.05601 -0.645008 1.8
    endloop
  endfacet
  facet normal -0.53856 -0.842587 0
    outer loop
      vertex 0.807014 -0.534 1.8
      vertex 0.940009 -0.619007 2.4
      vertex 0.807014 -0.534 2.4
    endloop
  endfacet
  facet normal -0.53856 -0.842587 -0
    outer loop
      vertex 0.940009 -0.619007 2.4
      vertex 0.807014 -0.534 1.8
      vertex 0.940009 -0.619007 1.8
    endloop
  endfacet
  facet normal -0.789728 -0.613457 0
    outer loop
      vertex 0.807014 -0.534 1.8
      vertex 0.734 -0.440006 2.39163
      vertex 0.734 -0.440006 1.8
    endloop
  endfacet
  facet normal -0.78973 -0.613454 -6.27739e-07
    outer loop
      vertex 0.734 -0.440006 2.39163
      vertex 0.807014 -0.534 1.8
      vertex 0.800003 -0.524975 2.4
    endloop
  endfacet
  facet normal -0.78971 -0.61348 0
    outer loop
      vertex 0.800003 -0.524975 2.4
      vertex 0.807014 -0.534 1.8
      vertex 0.807014 -0.534 2.4
    endloop
  endfacet
  facet normal -0.954823 -0.297176 0
    outer loop
      vertex 0.734 -0.440006 1.8
      vertex 0.687003 -0.289005 2.38567
      vertex 0.687003 -0.289005 1.8
    endloop
  endfacet
  facet normal -0.954823 -0.297176 0
    outer loop
      vertex 0.687003 -0.289005 2.38567
      vertex 0.734 -0.440006 1.8
      vertex 0.734 -0.440006 2.39163
    endloop
  endfacet
  facet normal -0.99518 -0.0980642 0
    outer loop
      vertex 0.687003 -0.289005 1.8
      vertex 0.653007 0.055995 2.38136
      vertex 0.653007 0.055995 1.8
    endloop
  endfacet
  facet normal -0.99518 -0.0980642 0
    outer loop
      vertex 0.653007 0.055995 2.38136
      vertex 0.687003 -0.289005 1.8
      vertex 0.687003 -0.289005 2.38567
    endloop
  endfacet
  facet normal -1 0 0
    outer loop
      vertex 0.653007 0.055995 1.8
      vertex 0.653007 1.12399 2.38136
      vertex 0.653007 1.12399 1.8
    endloop
  endfacet
  facet normal -1 -0 0
    outer loop
      vertex 0.653007 1.12399 2.38136
      vertex 0.653007 0.055995 1.8
      vertex 0.653007 0.055995 2.38136
    endloop
  endfacet
  facet normal -0.995894 0.09053 0
    outer loop
      vertex 0.653007 1.12399 2.38136
      vertex 0.700004 1.64099 1.8
      vertex 0.653007 1.12399 1.8
    endloop
  endfacet
  facet normal -0.995894 0.09053 0
    outer loop
      vertex 0.700004 1.64099 1.8
      vertex 0.653007 1.12399 2.38136
      vertex 0.700004 1.64099 2.38732
    endloop
  endfacet
  facet normal -0.989129 0.147053 0
    outer loop
      vertex 0.861014 2.72399 1.8
      vertex 0.800003 2.31361 2.4
      vertex 0.861014 2.72399 2.4
    endloop
  endfacet
  facet normal -0.989128 0.147054 5.64433e-07
    outer loop
      vertex 0.700004 1.64099 1.8
      vertex 0.800003 2.31361 2.4
      vertex 0.861014 2.72399 1.8
    endloop
  endfacet
  facet normal -0.989128 0.147055 0
    outer loop
      vertex 0.800003 2.31361 2.4
      vertex 0.700004 1.64099 1.8
      vertex 0.700004 1.64099 2.38732
    endloop
  endfacet
  facet normal -0.965991 0.258576 0
    outer loop
      vertex 0.861014 2.72399 1.8
      vertex 1.14101 3.77 2.4
      vertex 1.14101 3.77 1.8
    endloop
  endfacet
  facet normal -0.965991 0.258576 0
    outer loop
      vertex 1.14101 3.77 2.4
      vertex 0.861014 2.72399 1.8
      vertex 0.861014 2.72399 2.4
    endloop
  endfacet
  facet normal -0.933346 0.358979 0
    outer loop
      vertex 1.14101 3.77 1.8
      vertex 1.43101 4.524 2.4
      vertex 1.43101 4.524 1.8
    endloop
  endfacet
  facet normal -0.933346 0.358979 0
    outer loop
      vertex 1.43101 4.524 2.4
      vertex 1.14101 3.77 1.8
      vertex 1.14101 3.77 2.4
    endloop
  endfacet
  facet normal -0.868137 0.496325 0
    outer loop
      vertex 1.43101 4.524 1.8
      vertex 1.71801 5.026 2.4
      vertex 1.71801 5.026 1.8
    endloop
  endfacet
  facet normal -0.868137 0.496325 0
    outer loop
      vertex 1.71801 5.026 2.4
      vertex 1.43101 4.524 1.8
      vertex 1.43101 4.524 2.4
    endloop
  endfacet
  facet normal -0.816763 0.576974 0
    outer loop
      vertex 1.71801 5.026 1.8
      vertex 1.96101 5.36999 2.4
      vertex 1.96101 5.36999 1.8
    endloop
  endfacet
  facet normal -0.816763 0.576974 0
    outer loop
      vertex 1.96101 5.36999 2.4
      vertex 1.71801 5.026 1.8
      vertex 1.71801 5.026 2.4
    endloop
  endfacet
  facet normal -0.758782 0.651344 0
    outer loop
      vertex 1.96101 5.36999 1.8
      vertex 2.34901 5.82199 2.4
      vertex 2.34901 5.82199 1.8
    endloop
  endfacet
  facet normal -0.758782 0.651344 0
    outer loop
      vertex 2.34901 5.82199 2.4
      vertex 1.96101 5.36999 1.8
      vertex 1.96101 5.36999 2.4
    endloop
  endfacet
  facet normal -0.670919 0.741531 0
    outer loop
      vertex 3.021 6.42999 1.8
      vertex 2.34901 5.82199 2.4
      vertex 3.021 6.42999 2.4
    endloop
  endfacet
  facet normal -0.670919 0.741531 0
    outer loop
      vertex 2.34901 5.82199 2.4
      vertex 3.021 6.42999 1.8
      vertex 2.34901 5.82199 1.8
    endloop
  endfacet
  facet normal -0.61114 0.791523 0
    outer loop
      vertex 3.47301 6.77899 1.8
      vertex 3.021 6.42999 2.4
      vertex 3.47301 6.77899 2.4
    endloop
  endfacet
  facet normal -0.61114 0.791523 0
    outer loop
      vertex 3.021 6.42999 2.4
      vertex 3.47301 6.77899 1.8
      vertex 3.021 6.42999 1.8
    endloop
  endfacet
  facet normal -0.556227 0.83103 0
    outer loop
      vertex 3.97501 7.11499 1.8
      vertex 3.47301 6.77899 2.4
      vertex 3.97501 7.11499 2.4
    endloop
  endfacet
  facet normal -0.556227 0.83103 0
    outer loop
      vertex 3.47301 6.77899 2.4
      vertex 3.97501 7.11499 1.8
      vertex 3.47301 6.77899 1.8
    endloop
  endfacet
  facet normal -0.494317 0.869282 0
    outer loop
      vertex 4.48499 7.40499 1.8
      vertex 3.97501 7.11499 2.4
      vertex 4.48499 7.40499 2.4
    endloop
  endfacet
  facet normal -0.494317 0.869282 0
    outer loop
      vertex 3.97501 7.11499 2.4
      vertex 4.48499 7.40499 1.8
      vertex 3.97501 7.11499 1.8
    endloop
  endfacet
  facet normal -0.42251 0.906358 0
    outer loop
      vertex 5.268 7.77 1.8
      vertex 4.48499 7.40499 2.4
      vertex 5.268 7.77 2.4
    endloop
  endfacet
  facet normal -0.42251 0.906358 0
    outer loop
      vertex 4.48499 7.40499 2.4
      vertex 5.268 7.77 1.8
      vertex 4.48499 7.40499 1.8
    endloop
  endfacet
  facet normal -0.352887 0.935666 0
    outer loop
      vertex 5.79299 7.968 1.8
      vertex 5.268 7.77 2.4
      vertex 5.79299 7.968 2.4
    endloop
  endfacet
  facet normal -0.352887 0.935666 0
    outer loop
      vertex 5.268 7.77 2.4
      vertex 5.79299 7.968 1.8
      vertex 5.268 7.77 1.8
    endloop
  endfacet
  facet normal -0.252105 0.9677 0
    outer loop
      vertex 6.576 8.17199 1.8
      vertex 5.79299 7.968 2.4
      vertex 6.576 8.17199 2.4
    endloop
  endfacet
  facet normal -0.252105 0.9677 0
    outer loop
      vertex 5.79299 7.968 2.4
      vertex 6.576 8.17199 1.8
      vertex 5.79299 7.968 1.8
    endloop
  endfacet
  facet normal -0.0736479 0.997284 0
    outer loop
      vertex 6.90099 8.19599 1.8
      vertex 6.576 8.17199 2.4
      vertex 6.90099 8.19599 2.4
    endloop
  endfacet
  facet normal -0.0736479 0.997284 0
    outer loop
      vertex 6.576 8.17199 2.4
      vertex 6.90099 8.19599 1.8
      vertex 6.576 8.17199 1.8
    endloop
  endfacet
  facet normal 0.0722407 0.997387 -0
    outer loop
      vertex 7.32899 8.16499 1.8
      vertex 6.90099 8.19599 2.4
      vertex 7.32899 8.16499 2.4
    endloop
  endfacet
  facet normal 0.0722407 0.997387 0
    outer loop
      vertex 6.90099 8.19599 2.4
      vertex 7.32899 8.16499 1.8
      vertex 6.90099 8.19599 1.8
    endloop
  endfacet
  facet normal 0.196098 0.980584 -0
    outer loop
      vertex 7.949 8.041 1.8
      vertex 7.32899 8.16499 2.4
      vertex 7.949 8.041 2.4
    endloop
  endfacet
  facet normal 0.196098 0.980584 0
    outer loop
      vertex 7.32899 8.16499 2.4
      vertex 7.949 8.041 1.8
      vertex 7.32899 8.16499 1.8
    endloop
  endfacet
  facet normal 0.272998 0.962015 -0
    outer loop
      vertex 8.46 7.89599 1.8
      vertex 7.949 8.041 2.4
      vertex 8.46 7.89599 2.4
    endloop
  endfacet
  facet normal 0.272998 0.962015 0
    outer loop
      vertex 7.949 8.041 2.4
      vertex 8.46 7.89599 1.8
      vertex 7.949 8.041 1.8
    endloop
  endfacet
  facet normal 0.336203 0.94179 -0
    outer loop
      vertex 9.84099 7.403 1.8
      vertex 8.46 7.89599 2.4
      vertex 9.84099 7.403 2.4
    endloop
  endfacet
  facet normal 0.336203 0.94179 0
    outer loop
      vertex 8.46 7.89599 2.4
      vertex 9.84099 7.403 1.8
      vertex 8.46 7.89599 1.8
    endloop
  endfacet
  facet normal 0.463985 0.885843 -0
    outer loop
      vertex 10.009 7.315 1.8
      vertex 9.84099 7.403 2.4
      vertex 10.009 7.315 2.4
    endloop
  endfacet
  facet normal 0.463985 0.885843 0
    outer loop
      vertex 9.84099 7.403 2.4
      vertex 10.009 7.315 1.8
      vertex 9.84099 7.403 1.8
    endloop
  endfacet
  facet normal 0.733761 0.679408 0
    outer loop
      vertex 10.109 7.207 2.4
      vertex 10.009 7.315 1.8
      vertex 10.009 7.315 2.4
    endloop
  endfacet
  facet normal 0.733761 0.679408 0
    outer loop
      vertex 10.009 7.315 1.8
      vertex 10.109 7.207 2.4
      vertex 10.109 7.207 1.8
    endloop
  endfacet
  facet normal 0.888957 0.45799 0
    outer loop
      vertex 10.702 6.05599 2.4
      vertex 10.109 7.207 1.8
      vertex 10.109 7.207 2.4
    endloop
  endfacet
  facet normal 0.888957 0.45799 0
    outer loop
      vertex 10.109 7.207 1.8
      vertex 10.702 6.05599 2.4
      vertex 10.702 6.05599 1.8
    endloop
  endfacet
  facet normal 0.961524 0.274721 0
    outer loop
      vertex 10.744 5.90899 2.4
      vertex 10.702 6.05599 1.8
      vertex 10.702 6.05599 2.4
    endloop
  endfacet
  facet normal 0.961524 0.274721 0
    outer loop
      vertex 10.702 6.05599 1.8
      vertex 10.744 5.90899 2.4
      vertex 10.744 5.90899 1.8
    endloop
  endfacet
  facet normal 0.994576 -0.104008 0
    outer loop
      vertex 10.728 5.75599 2.4
      vertex 10.744 5.90899 1.8
      vertex 10.744 5.90899 2.4
    endloop
  endfacet
  facet normal 0.994576 -0.104008 0
    outer loop
      vertex 10.744 5.90899 1.8
      vertex 10.728 5.75599 2.4
      vertex 10.728 5.75599 1.8
    endloop
  endfacet
  facet normal 0.924578 -0.380992 0
    outer loop
      vertex 10.564 5.358 2.4
      vertex 10.728 5.75599 1.8
      vertex 10.728 5.75599 2.4
    endloop
  endfacet
  facet normal 0.924578 -0.380992 0
    outer loop
      vertex 10.728 5.75599 1.8
      vertex 10.564 5.358 2.4
      vertex 10.564 5.358 1.8
    endloop
  endfacet
  facet normal 0.954403 -0.298522 0
    outer loop
      vertex 10.361 4.70899 2.4
      vertex 10.564 5.358 1.8
      vertex 10.564 5.358 2.4
    endloop
  endfacet
  facet normal 0.954403 -0.298522 0
    outer loop
      vertex 10.564 5.358 1.8
      vertex 10.361 4.70899 2.4
      vertex 10.361 4.70899 1.8
    endloop
  endfacet
  facet normal 0.971077 -0.238765 0
    outer loop
      vertex 10.227 4.164 2.4
      vertex 10.361 4.70899 1.8
      vertex 10.361 4.70899 2.4
    endloop
  endfacet
  facet normal 0.971077 -0.238765 0
    outer loop
      vertex 10.361 4.70899 1.8
      vertex 10.227 4.164 2.4
      vertex 10.227 4.164 1.8
    endloop
  endfacet
  facet normal 0.990347 -0.138612 0
    outer loop
      vertex 10.151 3.621 2.4
      vertex 10.227 4.164 1.8
      vertex 10.227 4.164 2.4
    endloop
  endfacet
  facet normal 0.990347 -0.138612 0
    outer loop
      vertex 10.227 4.164 1.8
      vertex 10.151 3.621 2.4
      vertex 10.151 3.621 1.8
    endloop
  endfacet
  facet normal 0.999997 0.00227267 0
    outer loop
      vertex 10.152 3.18099 2.4
      vertex 10.151 3.621 1.8
      vertex 10.151 3.621 2.4
    endloop
  endfacet
  facet normal 0.999997 0.00227267 0
    outer loop
      vertex 10.151 3.621 1.8
      vertex 10.152 3.18099 2.4
      vertex 10.152 3.18099 1.8
    endloop
  endfacet
  facet normal 0.988506 0.151183 0
    outer loop
      vertex 10.23 2.67099 2.4
      vertex 10.152 3.18099 1.8
      vertex 10.152 3.18099 2.4
    endloop
  endfacet
  facet normal 0.988506 0.151183 0
    outer loop
      vertex 10.152 3.18099 1.8
      vertex 10.23 2.67099 2.4
      vertex 10.23 2.67099 1.8
    endloop
  endfacet
  facet normal 0.961925 0.273314 0
    outer loop
      vertex 10.307 2.39999 2.4
      vertex 10.23 2.67099 1.8
      vertex 10.23 2.67099 2.4
    endloop
  endfacet
  facet normal 0.961925 0.273314 0
    outer loop
      vertex 10.23 2.67099 1.8
      vertex 10.307 2.39999 2.4
      vertex 10.307 2.39999 1.8
    endloop
  endfacet
  facet normal 0.908999 0.416799 0
    outer loop
      vertex 10.517 1.942 2.4
      vertex 10.307 2.39999 1.8
      vertex 10.307 2.39999 2.4
    endloop
  endfacet
  facet normal 0.908999 0.416799 0
    outer loop
      vertex 10.307 2.39999 1.8
      vertex 10.517 1.942 2.4
      vertex 10.517 1.942 1.8
    endloop
  endfacet
  facet normal 0.803217 0.595687 0
    outer loop
      vertex 10.827 1.524 2.4
      vertex 10.517 1.942 1.8
      vertex 10.517 1.942 2.4
    endloop
  endfacet
  facet normal 0.803217 0.595687 0
    outer loop
      vertex 10.517 1.942 1.8
      vertex 10.827 1.524 2.4
      vertex 10.827 1.524 1.8
    endloop
  endfacet
  facet normal 0.651286 0.758833 -0
    outer loop
      vertex 11.215 1.19099 1.8
      vertex 10.827 1.524 2.4
      vertex 11.215 1.19099 2.4
    endloop
  endfacet
  facet normal 0.651286 0.758833 0
    outer loop
      vertex 10.827 1.524 2.4
      vertex 11.215 1.19099 1.8
      vertex 10.827 1.524 1.8
    endloop
  endfacet
  facet normal 0.533573 0.845754 -0
    outer loop
      vertex 11.597 0.949992 1.8
      vertex 11.215 1.19099 2.4
      vertex 11.597 0.949992 2.4
    endloop
  endfacet
  facet normal 0.533573 0.845754 0
    outer loop
      vertex 11.215 1.19099 2.4
      vertex 11.597 0.949992 1.8
      vertex 11.215 1.19099 1.8
    endloop
  endfacet
  facet normal 0.428959 0.903324 -0
    outer loop
      vertex 12.97 0.297999 1.8
      vertex 11.597 0.949992 2.4
      vertex 12.97 0.297999 2.4
    endloop
  endfacet
  facet normal 0.428959 0.903324 0
    outer loop
      vertex 11.597 0.949992 2.4
      vertex 12.97 0.297999 1.8
      vertex 11.597 0.949992 1.8
    endloop
  endfacet
  facet normal 0.702808 0.711379 -0
    outer loop
      vertex 13.053 0.215999 1.8
      vertex 12.97 0.297999 2.4
      vertex 13.053 0.215999 2.4
    endloop
  endfacet
  facet normal 0.702808 0.711379 0
    outer loop
      vertex 12.97 0.297999 2.4
      vertex 13.053 0.215999 1.8
      vertex 12.97 0.297999 1.8
    endloop
  endfacet
  facet normal 0.848646 0.528962 0
    outer loop
      vertex 13.283 -0.153004 2.4
      vertex 13.053 0.215999 1.8
      vertex 13.053 0.215999 2.4
    endloop
  endfacet
  facet normal 0.848646 0.528962 0
    outer loop
      vertex 13.053 0.215999 1.8
      vertex 13.283 -0.153004 2.4
      vertex 13.283 -0.153004 1.8
    endloop
  endfacet
  facet normal 0.752943 0.658086 0
    outer loop
      vertex 13.512 -0.415012 2.4
      vertex 13.283 -0.153004 1.8
      vertex 13.283 -0.153004 2.4
    endloop
  endfacet
  facet normal 0.752943 0.658086 0
    outer loop
      vertex 13.283 -0.153004 1.8
      vertex 13.512 -0.415012 2.4
      vertex 13.512 -0.415012 1.8
    endloop
  endfacet
  facet normal 0.499901 0.866082 -0
    outer loop
      vertex 13.784 -0.57201 1.8
      vertex 13.512 -0.415012 2.4
      vertex 13.784 -0.57201 2.4
    endloop
  endfacet
  facet normal 0.499901 0.866082 0
    outer loop
      vertex 13.512 -0.415012 2.4
      vertex 13.784 -0.57201 1.8
      vertex 13.512 -0.415012 1.8
    endloop
  endfacet
  facet normal 0.221842 0.975083 -0
    outer loop
      vertex 14.14 -0.653004 1.8
      vertex 13.784 -0.57201 2.4
      vertex 14.14 -0.653004 2.4
    endloop
  endfacet
  facet normal 0.221842 0.975083 0
    outer loop
      vertex 13.784 -0.57201 2.4
      vertex 14.14 -0.653004 1.8
      vertex 13.784 -0.57201 1.8
    endloop
  endfacet
  facet normal -0.0730466 0.997329 0
    outer loop
      vertex 14.495 -0.627003 1.8
      vertex 14.14 -0.653004 2.4
      vertex 14.495 -0.627003 2.4
    endloop
  endfacet
  facet normal -0.0730466 0.997329 0
    outer loop
      vertex 14.14 -0.653004 2.4
      vertex 14.495 -0.627003 1.8
      vertex 14.14 -0.653004 1.8
    endloop
  endfacet
  facet normal -0.453572 0.89122 0
    outer loop
      vertex 14.662 -0.542011 1.8
      vertex 14.495 -0.627003 2.4
      vertex 14.662 -0.542011 2.4
    endloop
  endfacet
  facet normal -0.453572 0.89122 0
    outer loop
      vertex 14.495 -0.627003 2.4
      vertex 14.662 -0.542011 1.8
      vertex 14.495 -0.627003 1.8
    endloop
  endfacet
  facet normal -0.762371 0.64714 0
    outer loop
      vertex 14.662 -0.542011 1.8
      vertex 14.808 -0.370014 2.4
      vertex 14.808 -0.370014 1.8
    endloop
  endfacet
  facet normal -0.762371 0.64714 0
    outer loop
      vertex 14.808 -0.370014 2.4
      vertex 14.662 -0.542011 1.8
      vertex 14.662 -0.542011 2.4
    endloop
  endfacet
  facet normal -0.951115 0.308836 0
    outer loop
      vertex 14.808 -0.370014 1.8
      vertex 14.896 -0.0990028 2.4
      vertex 14.896 -0.0990028 1.8
    endloop
  endfacet
  facet normal -0.951115 0.308836 0
    outer loop
      vertex 14.896 -0.0990028 2.4
      vertex 14.808 -0.370014 1.8
      vertex 14.808 -0.370014 2.4
    endloop
  endfacet
  facet normal -0.991702 -0.128557 0
    outer loop
      vertex 14.896 -0.0990028 1.8
      vertex 14.847 0.278987 2.4
      vertex 14.847 0.278987 1.8
    endloop
  endfacet
  facet normal -0.991702 -0.128557 0
    outer loop
      vertex 14.847 0.278987 2.4
      vertex 14.896 -0.0990028 1.8
      vertex 14.896 -0.0990028 2.4
    endloop
  endfacet
  facet normal -0.937648 -0.347585 0
    outer loop
      vertex 14.847 0.278987 1.8
      vertex 14.685 0.715999 2.4
      vertex 14.685 0.715999 1.8
    endloop
  endfacet
  facet normal -0.937648 -0.347585 0
    outer loop
      vertex 14.685 0.715999 2.4
      vertex 14.847 0.278987 1.8
      vertex 14.847 0.278987 2.4
    endloop
  endfacet
  facet normal -0.99267 -0.120857 0
    outer loop
      vertex 14.685 0.715999 1.8
      vertex 14.671 0.830989 2.4
      vertex 14.671 0.830989 1.8
    endloop
  endfacet
  facet normal -0.99267 -0.120857 0
    outer loop
      vertex 14.671 0.830989 2.4
      vertex 14.685 0.715999 1.8
      vertex 14.685 0.715999 2.4
    endloop
  endfacet
  facet normal -0.958084 0.286488 0
    outer loop
      vertex 14.671 0.830989 1.8
      vertex 14.886 1.55 2.4
      vertex 14.886 1.55 1.8
    endloop
  endfacet
  facet normal -0.958084 0.286488 0
    outer loop
      vertex 14.886 1.55 2.4
      vertex 14.671 0.830989 1.8
      vertex 14.671 0.830989 2.4
    endloop
  endfacet
  facet normal -0.987352 0.158545 0
    outer loop
      vertex 14.886 1.55 1.8
      vertex 15.031 2.453 2.4
      vertex 15.031 2.453 1.8
    endloop
  endfacet
  facet normal -0.987352 0.158545 0
    outer loop
      vertex 15.031 2.453 2.4
      vertex 14.886 1.55 1.8
      vertex 14.886 1.55 2.4
    endloop
  endfacet
  facet normal -1 0 0
    outer loop
      vertex 15.031 2.453 1.8
      vertex 15.031 3.235 2.4
      vertex 15.031 3.235 1.8
    endloop
  endfacet
  facet normal -1 -0 0
    outer loop
      vertex 15.031 3.235 2.4
      vertex 15.031 2.453 1.8
      vertex 15.031 2.453 2.4
    endloop
  endfacet
  facet normal -0.983006 -0.183573 0
    outer loop
      vertex 15.031 3.235 1.8
      vertex 14.907 3.899 2.4
      vertex 14.907 3.899 1.8
    endloop
  endfacet
  facet normal -0.983006 -0.183573 0
    outer loop
      vertex 14.907 3.899 2.4
      vertex 15.031 3.235 1.8
      vertex 15.031 3.235 2.4
    endloop
  endfacet
  facet normal -0.980379 0.197124 0
    outer loop
      vertex 14.907 3.899 1.8
      vertex 14.945 4.08799 2.4
      vertex 14.945 4.08799 1.8
    endloop
  endfacet
  facet normal -0.980379 0.197124 0
    outer loop
      vertex 14.945 4.08799 2.4
      vertex 14.907 3.899 1.8
      vertex 14.907 3.899 2.4
    endloop
  endfacet
  facet normal -0.802305 0.596915 0
    outer loop
      vertex 14.945 4.08799 1.8
      vertex 15.038 4.21299 2.4
      vertex 15.038 4.21299 1.8
    endloop
  endfacet
  facet normal -0.802305 0.596915 0
    outer loop
      vertex 15.038 4.21299 2.4
      vertex 14.945 4.08799 1.8
      vertex 14.945 4.08799 2.4
    endloop
  endfacet
  facet normal -0.515443 0.856924 0
    outer loop
      vertex 15.171 4.29299 1.8
      vertex 15.038 4.21299 2.4
      vertex 15.171 4.29299 2.4
    endloop
  endfacet
  facet normal -0.515443 0.856924 0
    outer loop
      vertex 15.038 4.21299 2.4
      vertex 15.171 4.29299 1.8
      vertex 15.038 4.21299 1.8
    endloop
  endfacet
  facet normal -0.148657 0.988889 0
    outer loop
      vertex 15.324 4.31599 1.8
      vertex 15.171 4.29299 2.4
      vertex 15.324 4.31599 2.4
    endloop
  endfacet
  facet normal -0.148657 0.988889 0
    outer loop
      vertex 15.171 4.29299 2.4
      vertex 15.324 4.31599 1.8
      vertex 15.171 4.29299 1.8
    endloop
  endfacet
  facet normal 0.285334 0.958428 -0
    outer loop
      vertex 15.717 4.19899 1.8
      vertex 15.324 4.31599 2.4
      vertex 15.717 4.19899 2.4
    endloop
  endfacet
  facet normal 0.285334 0.958428 0
    outer loop
      vertex 15.324 4.31599 2.4
      vertex 15.717 4.19899 1.8
      vertex 15.324 4.31599 1.8
    endloop
  endfacet
  facet normal 0.2007 0.979653 -0
    outer loop
      vertex 16.703 3.99699 1.8
      vertex 15.717 4.19899 2.4
      vertex 16.703 3.99699 2.4
    endloop
  endfacet
  facet normal 0.2007 0.979653 0
    outer loop
      vertex 15.717 4.19899 2.4
      vertex 16.703 3.99699 1.8
      vertex 15.717 4.19899 1.8
    endloop
  endfacet
  facet normal 0.0935694 0.995613 -0
    outer loop
      vertex 17.469 3.925 1.8
      vertex 16.703 3.99699 2.4
      vertex 17.469 3.925 2.4
    endloop
  endfacet
  facet normal 0.0935694 0.995613 0
    outer loop
      vertex 16.703 3.99699 2.4
      vertex 17.469 3.925 1.8
      vertex 16.703 3.99699 1.8
    endloop
  endfacet
  facet normal -0.0895045 0.995986 0
    outer loop
      vertex 17.914 3.96499 1.8
      vertex 17.469 3.925 2.4
      vertex 17.914 3.96499 2.4
    endloop
  endfacet
  facet normal -0.0895045 0.995986 0
    outer loop
      vertex 17.469 3.925 2.4
      vertex 17.914 3.96499 1.8
      vertex 17.469 3.925 1.8
    endloop
  endfacet
  facet normal -0.206887 0.978365 0
    outer loop
      vertex 18.42 4.07199 1.8
      vertex 17.914 3.96499 2.4
      vertex 18.42 4.07199 2.4
    endloop
  endfacet
  facet normal -0.206887 0.978365 0
    outer loop
      vertex 17.914 3.96499 2.4
      vertex 18.42 4.07199 1.8
      vertex 17.914 3.96499 1.8
    endloop
  endfacet
  facet normal -0.336633 0.941636 0
    outer loop
      vertex 19.427 4.43199 1.8
      vertex 18.42 4.07199 2.4
      vertex 19.427 4.43199 2.4
    endloop
  endfacet
  facet normal -0.336633 0.941636 0
    outer loop
      vertex 18.42 4.07199 2.4
      vertex 19.427 4.43199 1.8
      vertex 18.42 4.07199 1.8
    endloop
  endfacet
  facet normal 0.00799974 0.999968 -0
    outer loop
      vertex 19.552 4.43099 1.8
      vertex 19.427 4.43199 2.4
      vertex 19.552 4.43099 2.4
    endloop
  endfacet
  facet normal 0.00799974 0.999968 0
    outer loop
      vertex 19.427 4.43199 2.4
      vertex 19.552 4.43099 1.8
      vertex 19.427 4.43199 1.8
    endloop
  endfacet
  facet normal 0.259184 0.965828 -0
    outer loop
      vertex 19.947 4.32499 1.8
      vertex 19.552 4.43099 2.4
      vertex 19.947 4.32499 2.4
    endloop
  endfacet
  facet normal 0.259184 0.965828 0
    outer loop
      vertex 19.552 4.43099 2.4
      vertex 19.947 4.32499 1.8
      vertex 19.552 4.43099 1.8
    endloop
  endfacet
  facet normal -0.0990134 0.995086 0
    outer loop
      vertex 20.369 4.36698 1.8
      vertex 19.947 4.32499 2.4
      vertex 20.369 4.36698 2.4
    endloop
  endfacet
  facet normal -0.0990134 0.995086 0
    outer loop
      vertex 19.947 4.32499 2.4
      vertex 20.369 4.36698 1.8
      vertex 19.947 4.32499 1.8
    endloop
  endfacet
  facet normal -0.455433 0.89027 0
    outer loop
      vertex 20.586 4.47799 1.8
      vertex 20.369 4.36698 2.4
      vertex 20.586 4.47799 2.4
    endloop
  endfacet
  facet normal -0.455433 0.89027 0
    outer loop
      vertex 20.369 4.36698 2.4
      vertex 20.586 4.47799 1.8
      vertex 20.369 4.36698 1.8
    endloop
  endfacet
  facet normal -0.732417 0.680856 0
    outer loop
      vertex 20.586 4.47799 1.8
      vertex 20.771 4.677 2.4
      vertex 20.771 4.677 1.8
    endloop
  endfacet
  facet normal -0.732417 0.680856 0
    outer loop
      vertex 20.771 4.677 2.4
      vertex 20.586 4.47799 1.8
      vertex 20.586 4.47799 2.4
    endloop
  endfacet
  facet normal -0.937385 0.348294 0
    outer loop
      vertex 20.771 4.677 1.8
      vertex 20.852 4.895 2.4
      vertex 20.852 4.895 1.8
    endloop
  endfacet
  facet normal -0.937385 0.348294 0
    outer loop
      vertex 20.852 4.895 2.4
      vertex 20.771 4.677 1.8
      vertex 20.771 4.677 2.4
    endloop
  endfacet
  facet normal -0.999663 -0.0259664 0
    outer loop
      vertex 20.852 4.895 1.8
      vertex 20.846 5.12599 2.4
      vertex 20.846 5.12599 1.8
    endloop
  endfacet
  facet normal -0.999663 -0.0259664 0
    outer loop
      vertex 20.846 5.12599 2.4
      vertex 20.852 4.895 1.8
      vertex 20.852 4.895 2.4
    endloop
  endfacet
  facet normal -0.904358 -0.426775 0
    outer loop
      vertex 20.846 5.12599 1.8
      vertex 20.72 5.39299 2.4
      vertex 20.72 5.39299 1.8
    endloop
  endfacet
  facet normal -0.904358 -0.426775 0
    outer loop
      vertex 20.72 5.39299 2.4
      vertex 20.846 5.12599 1.8
      vertex 20.846 5.12599 2.4
    endloop
  endfacet
  facet normal -0.659281 -0.751896 0
    outer loop
      vertex 20.509 5.578 1.8
      vertex 20.72 5.39299 2.4
      vertex 20.509 5.578 2.4
    endloop
  endfacet
  facet normal -0.659281 -0.751896 -0
    outer loop
      vertex 20.72 5.39299 2.4
      vertex 20.509 5.578 1.8
      vertex 20.72 5.39299 1.8
    endloop
  endfacet
  facet normal -0.384354 -0.923186 0
    outer loop
      vertex 20.228 5.69499 1.8
      vertex 20.509 5.578 2.4
      vertex 20.228 5.69499 2.4
    endloop
  endfacet
  facet normal -0.384354 -0.923186 -0
    outer loop
      vertex 20.509 5.578 2.4
      vertex 20.228 5.69499 1.8
      vertex 20.509 5.578 1.8
    endloop
  endfacet
  facet normal -0.16885 -0.985642 0
    outer loop
      vertex 19.831 5.763 1.8
      vertex 20.228 5.69499 2.4
      vertex 19.831 5.763 2.4
    endloop
  endfacet
  facet normal -0.16885 -0.985642 -0
    outer loop
      vertex 20.228 5.69499 2.4
      vertex 19.831 5.763 1.8
      vertex 20.228 5.69499 1.8
    endloop
  endfacet
  facet normal -0.543436 -0.83945 0
    outer loop
      vertex 19.675 5.86399 1.8
      vertex 19.831 5.763 2.4
      vertex 19.675 5.86399 2.4
    endloop
  endfacet
  facet normal -0.543436 -0.83945 -0
    outer loop
      vertex 19.831 5.763 2.4
      vertex 19.675 5.86399 1.8
      vertex 19.831 5.763 1.8
    endloop
  endfacet
  facet normal -0.8792 -0.476453 0
    outer loop
      vertex 19.675 5.86399 1.8
      vertex 19.132 6.86599 2.4
      vertex 19.132 6.86599 1.8
    endloop
  endfacet
  facet normal -0.8792 -0.476453 0
    outer loop
      vertex 19.132 6.86599 2.4
      vertex 19.675 5.86399 1.8
      vertex 19.675 5.86399 2.4
    endloop
  endfacet
  facet normal -0.837271 -0.546789 0
    outer loop
      vertex 19.132 6.86599 1.8
      vertex 18.78 7.40499 2.4
      vertex 18.78 7.40499 1.8
    endloop
  endfacet
  facet normal -0.837271 -0.546789 0
    outer loop
      vertex 18.78 7.40499 2.4
      vertex 19.132 6.86599 1.8
      vertex 19.132 6.86599 2.4
    endloop
  endfacet
  facet normal -0.705831 -0.708381 0
    outer loop
      vertex 18.505 7.679 1.8
      vertex 18.78 7.40499 2.4
      vertex 18.505 7.679 2.4
    endloop
  endfacet
  facet normal -0.705831 -0.708381 -0
    outer loop
      vertex 18.78 7.40499 2.4
      vertex 18.505 7.679 1.8
      vertex 18.78 7.40499 1.8
    endloop
  endfacet
  facet normal -0.561379 -0.827559 0
    outer loop
      vertex 17.964 8.04599 1.8
      vertex 18.505 7.679 2.4
      vertex 17.964 8.04599 2.4
    endloop
  endfacet
  facet normal -0.561379 -0.827559 -0
    outer loop
      vertex 18.505 7.679 2.4
      vertex 17.964 8.04599 1.8
      vertex 18.505 7.679 1.8
    endloop
  endfacet
  facet normal -0.370237 -0.928937 0
    outer loop
      vertex 16.436 8.65499 1.8
      vertex 17.964 8.04599 2.4
      vertex 16.436 8.65499 2.4
    endloop
  endfacet
  facet normal -0.370237 -0.928937 -0
    outer loop
      vertex 17.964 8.04599 2.4
      vertex 16.436 8.65499 1.8
      vertex 17.964 8.04599 1.8
    endloop
  endfacet
  facet normal -0.212224 -0.977221 0
    outer loop
      vertex 16.086 8.731 1.8
      vertex 16.436 8.65499 2.4
      vertex 16.086 8.731 2.4
    endloop
  endfacet
  facet normal -0.212224 -0.977221 -0
    outer loop
      vertex 16.436 8.65499 2.4
      vertex 16.086 8.731 1.8
      vertex 16.436 8.65499 1.8
    endloop
  endfacet
  facet normal -0.0980232 -0.995184 0
    outer loop
      vertex 15.68 8.77099 1.8
      vertex 16.086 8.731 2.4
      vertex 15.68 8.77099 2.4
    endloop
  endfacet
  facet normal -0.0980232 -0.995184 -0
    outer loop
      vertex 16.086 8.731 2.4
      vertex 15.68 8.77099 1.8
      vertex 16.086 8.731 1.8
    endloop
  endfacet
  facet normal 0.171929 -0.985109 0
    outer loop
      vertex 15.256 8.69699 1.8
      vertex 15.68 8.77099 2.4
      vertex 15.256 8.69699 2.4
    endloop
  endfacet
  facet normal 0.171929 -0.985109 0
    outer loop
      vertex 15.68 8.77099 2.4
      vertex 15.256 8.69699 1.8
      vertex 15.68 8.77099 1.8
    endloop
  endfacet
  facet normal 0.313045 -0.949738 0
    outer loop
      vertex 14.895 8.578 1.8
      vertex 15.256 8.69699 2.4
      vertex 14.895 8.578 2.4
    endloop
  endfacet
  facet normal 0.313045 -0.949738 0
    outer loop
      vertex 15.256 8.69699 2.4
      vertex 14.895 8.578 1.8
      vertex 15.256 8.69699 1.8
    endloop
  endfacet
  facet normal 0.445366 -0.895349 0
    outer loop
      vertex 14.511 8.38699 1.8
      vertex 14.895 8.578 2.4
      vertex 14.511 8.38699 2.4
    endloop
  endfacet
  facet normal 0.445366 -0.895349 0
    outer loop
      vertex 14.895 8.578 2.4
      vertex 14.511 8.38699 1.8
      vertex 14.895 8.578 1.8
    endloop
  endfacet
  facet normal 0.536319 -0.844015 0
    outer loop
      vertex 14.02 8.07499 1.8
      vertex 14.511 8.38699 2.4
      vertex 14.02 8.07499 2.4
    endloop
  endfacet
  facet normal 0.536319 -0.844015 0
    outer loop
      vertex 14.511 8.38699 2.4
      vertex 14.02 8.07499 1.8
      vertex 14.511 8.38699 1.8
    endloop
  endfacet
  facet normal 0.268032 -0.96341 0
    outer loop
      vertex 13.869 8.03298 1.8
      vertex 14.02 8.07499 2.4
      vertex 13.869 8.03298 2.4
    endloop
  endfacet
  facet normal 0.268032 -0.96341 0
    outer loop
      vertex 14.02 8.07499 2.4
      vertex 13.869 8.03298 1.8
      vertex 14.02 8.07499 1.8
    endloop
  endfacet
  facet normal -0.0683865 -0.997659 0
    outer loop
      vertex 13.752 8.041 1.8
      vertex 13.869 8.03298 2.4
      vertex 13.752 8.041 2.4
    endloop
  endfacet
  facet normal -0.0683865 -0.997659 -0
    outer loop
      vertex 13.869 8.03298 2.4
      vertex 13.752 8.041 1.8
      vertex 13.869 8.03298 1.8
    endloop
  endfacet
  facet normal -0.381005 -0.924573 0
    outer loop
      vertex 12.114 8.716 1.8
      vertex 13.752 8.041 2.4
      vertex 12.114 8.716 2.4
    endloop
  endfacet
  facet normal -0.381005 -0.924573 -0
    outer loop
      vertex 13.752 8.041 2.4
      vertex 12.114 8.716 1.8
      vertex 13.752 8.041 1.8
    endloop
  endfacet
  facet normal -0.781266 -0.624198 0
    outer loop
      vertex 12.114 8.716 1.8
      vertex 11.967 8.89999 2.4
      vertex 11.967 8.89999 1.8
    endloop
  endfacet
  facet normal -0.781266 -0.624198 0
    outer loop
      vertex 11.967 8.89999 2.4
      vertex 12.114 8.716 1.8
      vertex 12.114 8.716 2.4
    endloop
  endfacet
  facet normal -0.984271 -0.176664 0
    outer loop
      vertex 11.967 8.89999 1.8
      vertex 11.939 9.05599 2.4
      vertex 11.939 9.05599 1.8
    endloop
  endfacet
  facet normal -0.984271 -0.176664 0
    outer loop
      vertex 11.939 9.05599 2.4
      vertex 11.967 8.89999 1.8
      vertex 11.967 8.89999 2.4
    endloop
  endfacet
  facet normal -0.984274 0.176649 0
    outer loop
      vertex 11.939 9.05599 1.8
      vertex 11.96 9.173 2.4
      vertex 11.96 9.173 1.8
    endloop
  endfacet
  facet normal -0.984274 0.176649 0
    outer loop
      vertex 11.96 9.173 2.4
      vertex 11.939 9.05599 1.8
      vertex 11.939 9.05599 2.4
    endloop
  endfacet
  facet normal -0.891022 0.45396 0
    outer loop
      vertex 11.96 9.173 1.8
      vertex 12.014 9.27899 2.4
      vertex 12.014 9.27899 1.8
    endloop
  endfacet
  facet normal -0.891022 0.45396 0
    outer loop
      vertex 12.014 9.27899 2.4
      vertex 11.96 9.173 1.8
      vertex 11.96 9.173 2.4
    endloop
  endfacet
  facet normal -0.681419 0.731894 0
    outer loop
      vertex 12.13 9.38699 1.8
      vertex 12.014 9.27899 2.4
      vertex 12.13 9.38699 2.4
    endloop
  endfacet
  facet normal -0.681419 0.731894 0
    outer loop
      vertex 12.014 9.27899 2.4
      vertex 12.13 9.38699 1.8
      vertex 12.014 9.27899 1.8
    endloop
  endfacet
  facet normal -0.430527 0.902578 0
    outer loop
      vertex 12.956 9.78099 1.8
      vertex 12.13 9.38699 2.4
      vertex 12.956 9.78099 2.4
    endloop
  endfacet
  facet normal -0.430527 0.902578 0
    outer loop
      vertex 12.13 9.38699 2.4
      vertex 12.956 9.78099 1.8
      vertex 12.13 9.38699 1.8
    endloop
  endfacet
  facet normal -0.0536859 0.998558 0
    outer loop
      vertex 13.235 9.79599 1.8
      vertex 12.956 9.78099 2.4
      vertex 13.235 9.79599 2.4
    endloop
  endfacet
  facet normal -0.0536859 0.998558 0
    outer loop
      vertex 12.956 9.78099 2.4
      vertex 13.235 9.79599 1.8
      vertex 12.956 9.78099 1.8
    endloop
  endfacet
  facet normal 0.154222 0.988036 -0
    outer loop
      vertex 14.465 9.604 1.8
      vertex 13.235 9.79599 2.4
      vertex 14.465 9.604 2.4
    endloop
  endfacet
  facet normal 0.154222 0.988036 0
    outer loop
      vertex 13.235 9.79599 2.4
      vertex 14.465 9.604 1.8
      vertex 13.235 9.79599 1.8
    endloop
  endfacet
  facet normal -0.00344232 0.999994 0
    outer loop
      vertex 15.046 9.606 1.8
      vertex 14.465 9.604 2.4
      vertex 15.046 9.606 2.4
    endloop
  endfacet
  facet normal -0.00344232 0.999994 0
    outer loop
      vertex 14.465 9.604 2.4
      vertex 15.046 9.606 1.8
      vertex 14.465 9.604 1.8
    endloop
  endfacet
  facet normal -0.171701 0.985149 0
    outer loop
      vertex 15.482 9.68199 1.8
      vertex 15.046 9.606 2.4
      vertex 15.482 9.68199 2.4
    endloop
  endfacet
  facet normal -0.171701 0.985149 0
    outer loop
      vertex 15.046 9.606 2.4
      vertex 15.482 9.68199 1.8
      vertex 15.046 9.606 1.8
    endloop
  endfacet
  facet normal -0.309527 0.950891 0
    outer loop
      vertex 15.823 9.79299 1.8
      vertex 15.482 9.68199 2.4
      vertex 15.823 9.79299 2.4
    endloop
  endfacet
  facet normal -0.309527 0.950891 0
    outer loop
      vertex 15.482 9.68199 2.4
      vertex 15.823 9.79299 1.8
      vertex 15.482 9.68199 1.8
    endloop
  endfacet
  facet normal -0.448802 0.893631 0
    outer loop
      vertex 16.048 9.90599 1.8
      vertex 15.823 9.79299 2.4
      vertex 16.048 9.90599 2.4
    endloop
  endfacet
  facet normal -0.448802 0.893631 0
    outer loop
      vertex 15.823 9.79299 2.4
      vertex 16.048 9.90599 1.8
      vertex 15.823 9.79299 1.8
    endloop
  endfacet
  facet normal -0.57652 0.817083 0
    outer loop
      vertex 16.408 10.16 1.8
      vertex 16.048 9.90599 2.4
      vertex 16.408 10.16 2.4
    endloop
  endfacet
  facet normal -0.57652 0.817083 0
    outer loop
      vertex 16.048 9.90599 2.4
      vertex 16.408 10.16 1.8
      vertex 16.048 9.90599 1.8
    endloop
  endfacet
  facet normal -0.685162 0.72839 0
    outer loop
      vertex 17.082 10.794 1.8
      vertex 16.408 10.16 2.4
      vertex 17.082 10.794 2.4
    endloop
  endfacet
  facet normal -0.685162 0.72839 0
    outer loop
      vertex 16.408 10.16 2.4
      vertex 17.082 10.794 1.8
      vertex 16.408 10.16 1.8
    endloop
  endfacet
  facet normal -0.793112 0.609075 0
    outer loop
      vertex 17.082 10.794 1.8
      vertex 17.36 11.156 2.4
      vertex 17.36 11.156 1.8
    endloop
  endfacet
  facet normal -0.793112 0.609075 0
    outer loop
      vertex 17.36 11.156 2.4
      vertex 17.082 10.794 1.8
      vertex 17.082 10.794 2.4
    endloop
  endfacet
  facet normal -0.87381 0.486268 0
    outer loop
      vertex 17.36 11.156 1.8
      vertex 17.69 11.749 2.4
      vertex 17.69 11.749 1.8
    endloop
  endfacet
  facet normal -0.87381 0.486268 0
    outer loop
      vertex 17.69 11.749 2.4
      vertex 17.36 11.156 1.8
      vertex 17.36 11.156 2.4
    endloop
  endfacet
  facet normal -0.93752 0.347931 0
    outer loop
      vertex 17.69 11.749 1.8
      vertex 18.168 13.037 2.4
      vertex 18.168 13.037 1.8
    endloop
  endfacet
  facet normal -0.93752 0.347931 0
    outer loop
      vertex 18.168 13.037 2.4
      vertex 17.69 11.749 1.8
      vertex 17.69 11.749 2.4
    endloop
  endfacet
  facet normal -0.711113 0.703078 0
    outer loop
      vertex 18.168 13.037 1.8
      vertex 18.693 13.568 2.4
      vertex 18.693 13.568 1.8
    endloop
  endfacet
  facet normal -0.711113 0.703078 0
    outer loop
      vertex 18.693 13.568 2.4
      vertex 18.168 13.037 1.8
      vertex 18.168 13.037 2.4
    endloop
  endfacet
  facet normal -0.827595 0.561325 0
    outer loop
      vertex 18.693 13.568 1.8
      vertex 18.849 13.798 2.4
      vertex 18.849 13.798 1.8
    endloop
  endfacet
  facet normal -0.827595 0.561325 0
    outer loop
      vertex 18.849 13.798 2.4
      vertex 18.693 13.568 1.8
      vertex 18.693 13.568 2.4
    endloop
  endfacet
  facet normal -0.972059 0.234739 0
    outer loop
      vertex 18.849 13.798 1.8
      vertex 18.927 14.121 2.4
      vertex 18.927 14.121 1.8
    endloop
  endfacet
  facet normal -0.972059 0.234739 0
    outer loop
      vertex 18.927 14.121 2.4
      vertex 18.849 13.798 1.8
      vertex 18.849 13.798 2.4
    endloop
  endfacet
  facet normal -0.986093 -0.166195 0
    outer loop
      vertex 18.927 14.121 1.8
      vertex 18.882 14.388 2.4
      vertex 18.882 14.388 1.8
    endloop
  endfacet
  facet normal -0.986093 -0.166195 0
    outer loop
      vertex 18.882 14.388 2.4
      vertex 18.927 14.121 1.8
      vertex 18.927 14.121 2.4
    endloop
  endfacet
  facet normal -0.847424 -0.530916 0
    outer loop
      vertex 18.882 14.388 1.8
      vertex 18.778 14.554 2.4
      vertex 18.778 14.554 1.8
    endloop
  endfacet
  facet normal -0.847424 -0.530916 0
    outer loop
      vertex 18.778 14.554 2.4
      vertex 18.882 14.388 1.8
      vertex 18.882 14.388 2.4
    endloop
  endfacet
  facet normal -0.571064 -0.820905 0
    outer loop
      vertex 18.525 14.73 1.8
      vertex 18.778 14.554 2.4
      vertex 18.525 14.73 2.4
    endloop
  endfacet
  facet normal -0.571064 -0.820905 -0
    outer loop
      vertex 18.778 14.554 2.4
      vertex 18.525 14.73 1.8
      vertex 18.778 14.554 1.8
    endloop
  endfacet
  facet normal -0.183346 -0.983048 0
    outer loop
      vertex 18.273 14.777 1.8
      vertex 18.525 14.73 2.4
      vertex 18.273 14.777 2.4
    endloop
  endfacet
  facet normal -0.183346 -0.983048 -0
    outer loop
      vertex 18.525 14.73 2.4
      vertex 18.273 14.777 1.8
      vertex 18.525 14.73 1.8
    endloop
  endfacet
  facet normal 0.184289 -0.982872 0
    outer loop
      vertex 18.001 14.726 1.8
      vertex 18.273 14.777 2.4
      vertex 18.001 14.726 2.4
    endloop
  endfacet
  facet normal 0.184289 -0.982872 0
    outer loop
      vertex 18.273 14.777 2.4
      vertex 18.001 14.726 1.8
      vertex 18.273 14.777 1.8
    endloop
  endfacet
  facet normal 0.427798 -0.903874 0
    outer loop
      vertex 17.327 14.407 1.8
      vertex 18.001 14.726 2.4
      vertex 17.327 14.407 2.4
    endloop
  endfacet
  facet normal 0.427798 -0.903874 0
    outer loop
      vertex 18.001 14.726 2.4
      vertex 17.327 14.407 1.8
      vertex 18.001 14.726 1.8
    endloop
  endfacet
  facet normal -0.0859552 -0.996299 0
    outer loop
      vertex 16.052 14.517 1.8
      vertex 17.327 14.407 2.4
      vertex 16.052 14.517 2.4
    endloop
  endfacet
  facet normal -0.0859552 -0.996299 -0
    outer loop
      vertex 17.327 14.407 2.4
      vertex 16.052 14.517 1.8
      vertex 17.327 14.407 1.8
    endloop
  endfacet
  facet normal 0.00217391 -0.999998 0
    outer loop
      vertex 15.592 14.516 1.8
      vertex 16.052 14.517 2.4
      vertex 15.592 14.516 2.4
    endloop
  endfacet
  facet normal 0.00217391 -0.999998 0
    outer loop
      vertex 16.052 14.517 2.4
      vertex 15.592 14.516 1.8
      vertex 16.052 14.517 1.8
    endloop
  endfacet
  facet normal 0.102549 -0.994728 0
    outer loop
      vertex 15.204 14.476 1.8
      vertex 15.592 14.516 2.4
      vertex 15.204 14.476 2.4
    endloop
  endfacet
  facet normal 0.102549 -0.994728 0
    outer loop
      vertex 15.592 14.516 2.4
      vertex 15.204 14.476 1.8
      vertex 15.592 14.516 1.8
    endloop
  endfacet
  facet normal 0.214336 -0.97676 0
    outer loop
      vertex 14.566 14.336 1.8
      vertex 15.204 14.476 2.4
      vertex 14.566 14.336 2.4
    endloop
  endfacet
  facet normal 0.214336 -0.97676 0
    outer loop
      vertex 15.204 14.476 2.4
      vertex 14.566 14.336 1.8
      vertex 15.204 14.476 1.8
    endloop
  endfacet
  facet normal 0.372769 -0.927924 0
    outer loop
      vertex 13.986 14.103 1.8
      vertex 14.566 14.336 2.4
      vertex 13.986 14.103 2.4
    endloop
  endfacet
  facet normal 0.372769 -0.927924 0
    outer loop
      vertex 14.566 14.336 2.4
      vertex 13.986 14.103 1.8
      vertex 14.566 14.336 1.8
    endloop
  endfacet
  facet normal 0.514261 -0.857634 0
    outer loop
      vertex 13.449 13.781 1.8
      vertex 13.986 14.103 2.4
      vertex 13.449 13.781 2.4
    endloop
  endfacet
  facet normal 0.514261 -0.857634 0
    outer loop
      vertex 13.986 14.103 2.4
      vertex 13.449 13.781 1.8
      vertex 13.986 14.103 1.8
    endloop
  endfacet
  facet normal 0.61328 -0.789866 0
    outer loop
      vertex 13.118 13.524 1.8
      vertex 13.449 13.781 2.4
      vertex 13.118 13.524 2.4
    endloop
  endfacet
  facet normal 0.61328 -0.789866 0
    outer loop
      vertex 13.449 13.781 2.4
      vertex 13.118 13.524 1.8
      vertex 13.449 13.781 1.8
    endloop
  endfacet
  facet normal 0.789587 -0.613639 0
    outer loop
      vertex 12.696 12.981 2.4
      vertex 13.118 13.524 1.8
      vertex 13.118 13.524 2.4
    endloop
  endfacet
  facet normal 0.789587 -0.613639 0
    outer loop
      vertex 13.118 13.524 1.8
      vertex 12.696 12.981 2.4
      vertex 12.696 12.981 1.8
    endloop
  endfacet
  facet normal 0.925194 -0.379496 0
    outer loop
      vertex 12.422 12.313 2.4
      vertex 12.696 12.981 1.8
      vertex 12.696 12.981 2.4
    endloop
  endfacet
  facet normal 0.925194 -0.379496 0
    outer loop
      vertex 12.696 12.981 1.8
      vertex 12.422 12.313 2.4
      vertex 12.422 12.313 1.8
    endloop
  endfacet
  facet normal 0.984983 -0.172649 0
    outer loop
      vertex 12.344 11.868 2.4
      vertex 12.422 12.313 1.8
      vertex 12.422 12.313 2.4
    endloop
  endfacet
  facet normal 0.984983 -0.172649 0
    outer loop
      vertex 12.422 12.313 1.8
      vertex 12.344 11.868 2.4
      vertex 12.344 11.868 1.8
    endloop
  endfacet
  facet normal 0.999254 -0.0386266 0
    outer loop
      vertex 12.321 11.273 2.4
      vertex 12.344 11.868 1.8
      vertex 12.344 11.868 2.4
    endloop
  endfacet
  facet normal 0.999254 -0.0386266 0
    outer loop
      vertex 12.344 11.868 1.8
      vertex 12.321 11.273 2.4
      vertex 12.321 11.273 1.8
    endloop
  endfacet
  facet normal 0.901125 -0.43356 0
    outer loop
      vertex 12.219 11.061 2.4
      vertex 12.321 11.273 1.8
      vertex 12.321 11.273 2.4
    endloop
  endfacet
  facet normal 0.901125 -0.43356 0
    outer loop
      vertex 12.321 11.273 1.8
      vertex 12.219 11.061 2.4
      vertex 12.219 11.061 1.8
    endloop
  endfacet
  facet normal 0.626759 -0.779213 0
    outer loop
      vertex 12.127 10.987 1.8
      vertex 12.219 11.061 2.4
      vertex 12.127 10.987 2.4
    endloop
  endfacet
  facet normal 0.626759 -0.779213 0
    outer loop
      vertex 12.219 11.061 2.4
      vertex 12.127 10.987 1.8
      vertex 12.219 11.061 1.8
    endloop
  endfacet
  facet normal 0.450835 -0.892607 0
    outer loop
      vertex 11.733 10.788 1.8
      vertex 12.127 10.987 2.4
      vertex 11.733 10.788 2.4
    endloop
  endfacet
  facet normal 0.450835 -0.892607 0
    outer loop
      vertex 12.127 10.987 2.4
      vertex 11.733 10.788 1.8
      vertex 12.127 10.987 1.8
    endloop
  endfacet
  facet normal 0.344418 -0.938816 0
    outer loop
      vertex 10.888 10.478 1.8
      vertex 11.733 10.788 2.4
      vertex 10.888 10.478 2.4
    endloop
  endfacet
  facet normal 0.344418 -0.938816 0
    outer loop
      vertex 11.733 10.788 2.4
      vertex 10.888 10.478 1.8
      vertex 11.733 10.788 1.8
    endloop
  endfacet
  facet normal 0.210646 -0.977562 0
    outer loop
      vertex 10.41 10.375 1.8
      vertex 10.888 10.478 2.4
      vertex 10.41 10.375 2.4
    endloop
  endfacet
  facet normal 0.210646 -0.977562 0
    outer loop
      vertex 10.888 10.478 2.4
      vertex 10.41 10.375 1.8
      vertex 10.888 10.478 1.8
    endloop
  endfacet
  facet normal 0.107195 -0.994238 0
    outer loop
      vertex 10.039 10.335 1.8
      vertex 10.41 10.375 2.4
      vertex 10.039 10.335 2.4
    endloop
  endfacet
  facet normal 0.107195 -0.994238 0
    outer loop
      vertex 10.41 10.375 2.4
      vertex 10.039 10.335 1.8
      vertex 10.41 10.375 1.8
    endloop
  endfacet
  facet normal 0.0276767 -0.999617 0
    outer loop
      vertex 8.811 10.301 1.8
      vertex 10.039 10.335 2.4
      vertex 8.811 10.301 2.4
    endloop
  endfacet
  facet normal 0.0276767 -0.999617 0
    outer loop
      vertex 10.039 10.335 2.4
      vertex 8.811 10.301 1.8
      vertex 10.039 10.335 1.8
    endloop
  endfacet
  facet normal -0.103371 -0.994643 0
    outer loop
      vertex 6.79999 10.51 1.8
      vertex 8.811 10.301 2.4
      vertex 6.79999 10.51 2.4
    endloop
  endfacet
  facet normal -0.103371 -0.994643 -0
    outer loop
      vertex 8.811 10.301 2.4
      vertex 6.79999 10.51 1.8
      vertex 8.811 10.301 1.8
    endloop
  endfacet
  facet normal -0.37227 -0.928125 0
    outer loop
      vertex 6.61799 10.583 1.8
      vertex 6.79999 10.51 2.4
      vertex 6.61799 10.583 2.4
    endloop
  endfacet
  facet normal -0.37227 -0.928125 -0
    outer loop
      vertex 6.79999 10.51 2.4
      vertex 6.61799 10.583 1.8
      vertex 6.79999 10.51 1.8
    endloop
  endfacet
  facet normal -0.800513 -0.599315 0
    outer loop
      vertex 6.61799 10.583 1.8
      vertex 6.47799 10.77 2.4
      vertex 6.47799 10.77 1.8
    endloop
  endfacet
  facet normal -0.800513 -0.599315 0
    outer loop
      vertex 6.47799 10.77 2.4
      vertex 6.61799 10.583 1.8
      vertex 6.61799 10.583 2.4
    endloop
  endfacet
  facet normal -0.994787 -0.101978 0
    outer loop
      vertex 6.47799 10.77 1.8
      vertex 6.458 10.965 2.4
      vertex 6.458 10.965 1.8
    endloop
  endfacet
  facet normal -0.994787 -0.101978 0
    outer loop
      vertex 6.458 10.965 2.4
      vertex 6.47799 10.77 1.8
      vertex 6.47799 10.77 2.4
    endloop
  endfacet
  facet normal -0.903667 0.428235 0
    outer loop
      vertex 6.458 10.965 1.8
      vertex 6.55799 11.176 2.4
      vertex 6.55799 11.176 1.8
    endloop
  endfacet
  facet normal -0.903667 0.428235 0
    outer loop
      vertex 6.55799 11.176 2.4
      vertex 6.458 10.965 1.8
      vertex 6.458 10.965 2.4
    endloop
  endfacet
  facet normal -0.50945 0.8605 0
    outer loop
      vertex 6.75899 11.295 1.8
      vertex 6.55799 11.176 2.4
      vertex 6.75899 11.295 2.4
    endloop
  endfacet
  facet normal -0.50945 0.8605 0
    outer loop
      vertex 6.55799 11.176 2.4
      vertex 6.75899 11.295 1.8
      vertex 6.55799 11.176 1.8
    endloop
  endfacet
  facet normal -0.144838 0.989455 0
    outer loop
      vertex 7.326 11.378 1.8
      vertex 6.75899 11.295 2.4
      vertex 7.326 11.378 2.4
    endloop
  endfacet
  facet normal -0.144838 0.989455 0
    outer loop
      vertex 6.75899 11.295 2.4
      vertex 7.326 11.378 1.8
      vertex 6.75899 11.295 1.8
    endloop
  endfacet
  facet normal -0.296655 0.954985 0
    outer loop
      vertex 7.796 11.524 1.8
      vertex 7.326 11.378 2.4
      vertex 7.796 11.524 2.4
    endloop
  endfacet
  facet normal -0.296655 0.954985 0
    outer loop
      vertex 7.326 11.378 2.4
      vertex 7.796 11.524 1.8
      vertex 7.326 11.378 1.8
    endloop
  endfacet
  facet normal -0.496988 0.867757 0
    outer loop
      vertex 8.126 11.713 1.8
      vertex 7.796 11.524 2.4
      vertex 8.126 11.713 2.4
    endloop
  endfacet
  facet normal -0.496988 0.867757 0
    outer loop
      vertex 7.796 11.524 2.4
      vertex 8.126 11.713 1.8
      vertex 7.796 11.524 1.8
    endloop
  endfacet
  facet normal -0.613452 0.789732 0
    outer loop
      vertex 8.462 11.974 1.8
      vertex 8.126 11.713 2.4
      vertex 8.462 11.974 2.4
    endloop
  endfacet
  facet normal -0.613452 0.789732 0
    outer loop
      vertex 8.126 11.713 2.4
      vertex 8.462 11.974 1.8
      vertex 8.126 11.713 1.8
    endloop
  endfacet
  facet normal -0.702324 0.711858 0
    outer loop
      vertex 8.686 12.195 1.8
      vertex 8.462 11.974 2.4
      vertex 8.686 12.195 2.4
    endloop
  endfacet
  facet normal -0.702324 0.711858 0
    outer loop
      vertex 8.462 11.974 2.4
      vertex 8.686 12.195 1.8
      vertex 8.462 11.974 1.8
    endloop
  endfacet
  facet normal -0.789437 0.613831 0
    outer loop
      vertex 8.686 12.195 1.8
      vertex 9.074 12.694 2.4
      vertex 9.074 12.694 1.8
    endloop
  endfacet
  facet normal -0.789437 0.613831 0
    outer loop
      vertex 9.074 12.694 2.4
      vertex 8.686 12.195 1.8
      vertex 8.686 12.195 2.4
    endloop
  endfacet
  facet normal -0.844321 0.535837 0
    outer loop
      vertex 9.074 12.694 1.8
      vertex 9.34499 13.121 2.4
      vertex 9.34499 13.121 1.8
    endloop
  endfacet
  facet normal -0.844321 0.535837 0
    outer loop
      vertex 9.34499 13.121 2.4
      vertex 9.074 12.694 1.8
      vertex 9.074 12.694 2.4
    endloop
  endfacet
  facet normal -0.886969 0.46183 0
    outer loop
      vertex 9.34499 13.121 1.8
      vertex 9.92399 14.233 2.4
      vertex 9.92399 14.233 1.8
    endloop
  endfacet
  facet normal -0.886969 0.46183 0
    outer loop
      vertex 9.92399 14.233 2.4
      vertex 9.34499 13.121 1.8
      vertex 9.34499 13.121 2.4
    endloop
  endfacet
  facet normal -0.82879 0.55956 0
    outer loop
      vertex 9.92399 14.233 1.8
      vertex 10.19 14.627 2.4
      vertex 10.19 14.627 1.8
    endloop
  endfacet
  facet normal -0.82879 0.55956 0
    outer loop
      vertex 10.19 14.627 2.4
      vertex 9.92399 14.233 1.8
      vertex 9.92399 14.233 2.4
    endloop
  endfacet
  facet normal -0.780869 0.624695 0
    outer loop
      vertex 10.19 14.627 1.8
      vertex 10.566 15.097 2.4
      vertex 10.566 15.097 1.8
    endloop
  endfacet
  facet normal -0.780869 0.624695 0
    outer loop
      vertex 10.566 15.097 2.4
      vertex 10.19 14.627 1.8
      vertex 10.19 14.627 2.4
    endloop
  endfacet
  facet normal -0.683013 0.730406 0
    outer loop
      vertex 11.09 15.587 1.8
      vertex 10.566 15.097 2.4
      vertex 11.09 15.587 2.4
    endloop
  endfacet
  facet normal -0.683013 0.730406 0
    outer loop
      vertex 10.566 15.097 2.4
      vertex 11.09 15.587 1.8
      vertex 10.566 15.097 1.8
    endloop
  endfacet
  facet normal -0.541964 0.840402 0
    outer loop
      vertex 11.442 15.814 1.8
      vertex 11.09 15.587 2.4
      vertex 11.442 15.814 2.4
    endloop
  endfacet
  facet normal -0.541964 0.840402 0
    outer loop
      vertex 11.09 15.587 2.4
      vertex 11.442 15.814 1.8
      vertex 11.09 15.587 1.8
    endloop
  endfacet
  facet normal -0.450487 0.892783 0
    outer loop
      vertex 11.769 15.979 1.8
      vertex 11.442 15.814 2.4
      vertex 11.769 15.979 2.4
    endloop
  endfacet
  facet normal -0.450487 0.892783 0
    outer loop
      vertex 11.442 15.814 2.4
      vertex 11.769 15.979 1.8
      vertex 11.442 15.814 1.8
    endloop
  endfacet
  facet normal -0.384216 0.923243 0
    outer loop
      vertex 12.425 16.252 1.8
      vertex 11.769 15.979 2.4
      vertex 12.425 16.252 2.4
    endloop
  endfacet
  facet normal -0.384216 0.923243 0
    outer loop
      vertex 11.769 15.979 2.4
      vertex 12.425 16.252 1.8
      vertex 11.769 15.979 1.8
    endloop
  endfacet
  facet normal -0.314456 0.949272 0
    outer loop
      vertex 13.068 16.465 1.8
      vertex 12.425 16.252 2.4
      vertex 13.068 16.465 2.4
    endloop
  endfacet
  facet normal -0.314456 0.949272 0
    outer loop
      vertex 12.425 16.252 2.4
      vertex 13.068 16.465 1.8
      vertex 12.425 16.252 1.8
    endloop
  endfacet
  facet normal -0.243839 0.969816 0
    outer loop
      vertex 13.593 16.597 1.8
      vertex 13.068 16.465 2.4
      vertex 13.593 16.597 2.4
    endloop
  endfacet
  facet normal -0.243839 0.969816 0
    outer loop
      vertex 13.068 16.465 2.4
      vertex 13.593 16.597 1.8
      vertex 13.068 16.465 1.8
    endloop
  endfacet
  facet normal -0.130841 0.991403 0.000160035
    outer loop
      vertex 15.402 16.836 1.8
      vertex 14.398 16.7034 2.4
      vertex 14.9784 16.78 2.39029
    endloop
  endfacet
  facet normal -0.13106 0.991374 0
    outer loop
      vertex 15.402 16.836 1.8
      vertex 14.9784 16.78 2.39029
      vertex 15.402 16.836 2.38321
    endloop
  endfacet
  facet normal -0.130979 0.991385 -7.54454e-05
    outer loop
      vertex 14.398 16.7034 2.4
      vertex 15.402 16.836 1.8
      vertex 13.593 16.597 1.8
    endloop
  endfacet
  facet normal -0.131034 0.991378 0
    outer loop
      vertex 14.398 16.7034 2.4
      vertex 13.593 16.597 1.8
      vertex 13.593 16.597 2.4
    endloop
  endfacet
  facet normal -0.00435094 0.999991 0
    outer loop
      vertex 16.781 16.842 1.8
      vertex 15.402 16.836 2.38321
      vertex 16.781 16.842 2.38249
    endloop
  endfacet
  facet normal -0.00435094 0.999991 0
    outer loop
      vertex 15.402 16.836 2.38321
      vertex 16.781 16.842 1.8
      vertex 15.402 16.836 1.8
    endloop
  endfacet
  facet normal 0.0790785 0.996868 -0
    outer loop
      vertex 17.197 16.809 1.8
      vertex 16.781 16.842 2.38249
      vertex 17.197 16.809 2.38669
    endloop
  endfacet
  facet normal 0.0790785 0.996868 0
    outer loop
      vertex 16.781 16.842 2.38249
      vertex 17.197 16.809 1.8
      vertex 16.781 16.842 1.8
    endloop
  endfacet
  facet normal 0.143893 0.989593 -0
    outer loop
      vertex 17.718 16.733 1.8
      vertex 17.6059 16.7493 2.39426
      vertex 17.718 16.733 2.39634
    endloop
  endfacet
  facet normal 0.144346 0.989527 8.72522e-05
    outer loop
      vertex 17.197 16.809 1.8
      vertex 17.6059 16.7493 2.39426
      vertex 17.718 16.733 1.8
    endloop
  endfacet
  facet normal 0.14447 0.989509 0
    outer loop
      vertex 17.6059 16.7493 2.39426
      vertex 17.197 16.809 1.8
      vertex 17.197 16.809 2.38669
    endloop
  endfacet
  facet normal 0.256337 0.966587 -0
    outer loop
      vertex 18.544 16.514 1.8
      vertex 17.8268 16.7042 2.4
      vertex 18.544 16.514 2.4
    endloop
  endfacet
  facet normal 0.256279 0.966603 -7.48942e-05
    outer loop
      vertex 17.718 16.733 1.8
      vertex 17.8268 16.7042 2.4
      vertex 18.544 16.514 1.8
    endloop
  endfacet
  facet normal 0.255893 0.966705 0
    outer loop
      vertex 17.8268 16.7042 2.4
      vertex 17.718 16.733 1.8
      vertex 17.718 16.733 2.39634
    endloop
  endfacet
  facet normal 0.394546 0.918876 -0
    outer loop
      vertex 19.075 16.286 1.8
      vertex 18.544 16.514 2.4
      vertex 19.075 16.286 2.4
    endloop
  endfacet
  facet normal 0.394546 0.918876 0
    outer loop
      vertex 18.544 16.514 2.4
      vertex 19.075 16.286 1.8
      vertex 18.544 16.514 1.8
    endloop
  endfacet
  facet normal 0.49946 0.866337 -0
    outer loop
      vertex 19.552 16.011 1.8
      vertex 19.075 16.286 2.4
      vertex 19.552 16.011 2.4
    endloop
  endfacet
  facet normal 0.49946 0.866337 0
    outer loop
      vertex 19.075 16.286 2.4
      vertex 19.552 16.011 1.8
      vertex 19.075 16.286 1.8
    endloop
  endfacet
  facet normal 0.5943 0.804243 -0
    outer loop
      vertex 19.801 15.827 1.8
      vertex 19.552 16.011 2.4
      vertex 19.801 15.827 2.4
    endloop
  endfacet
  facet normal 0.5943 0.804243 0
    outer loop
      vertex 19.552 16.011 2.4
      vertex 19.801 15.827 1.8
      vertex 19.552 16.011 1.8
    endloop
  endfacet
  facet normal 0.692982 0.720954 -0
    outer loop
      vertex 20.6 15.059 1.8
      vertex 19.801 15.827 2.4
      vertex 20.6 15.059 2.4
    endloop
  endfacet
  facet normal 0.692982 0.720954 0
    outer loop
      vertex 19.801 15.827 2.4
      vertex 20.6 15.059 1.8
      vertex 19.801 15.827 1.8
    endloop
  endfacet
  facet normal 0.825217 0.564815 0
    outer loop
      vertex 21.062 14.384 2.4
      vertex 20.6 15.059 1.8
      vertex 20.6 15.059 2.4
    endloop
  endfacet
  facet normal 0.825217 0.564815 0
    outer loop
      vertex 20.6 15.059 1.8
      vertex 21.062 14.384 2.4
      vertex 21.062 14.384 1.8
    endloop
  endfacet
  facet normal 0.916995 0.398899 0
    outer loop
      vertex 21.651 13.03 2.4
      vertex 21.062 14.384 1.8
      vertex 21.062 14.384 2.4
    endloop
  endfacet
  facet normal 0.916995 0.398899 0
    outer loop
      vertex 21.062 14.384 1.8
      vertex 21.651 13.03 2.4
      vertex 21.651 13.03 1.8
    endloop
  endfacet
  facet normal 0.985684 0.168604 0
    outer loop
      vertex 21.69 12.802 2.4
      vertex 21.651 13.03 1.8
      vertex 21.651 13.03 2.4
    endloop
  endfacet
  facet normal 0.985684 0.168604 0
    outer loop
      vertex 21.651 13.03 1.8
      vertex 21.69 12.802 2.4
      vertex 21.69 12.802 1.8
    endloop
  endfacet
  facet normal 0.977865 -0.209237 0
    outer loop
      vertex 21.641 12.573 2.4
      vertex 21.69 12.802 1.8
      vertex 21.69 12.802 2.4
    endloop
  endfacet
  facet normal 0.977865 -0.209237 0
    outer loop
      vertex 21.69 12.802 1.8
      vertex 21.641 12.573 2.4
      vertex 21.641 12.573 1.8
    endloop
  endfacet
  facet normal 0.901511 -0.432757 0
    outer loop
      vertex 21.088 11.421 2.4
      vertex 21.641 12.573 1.8
      vertex 21.641 12.573 2.4
    endloop
  endfacet
  facet normal 0.901511 -0.432757 0
    outer loop
      vertex 21.641 12.573 1.8
      vertex 21.088 11.421 2.4
      vertex 21.088 11.421 1.8
    endloop
  endfacet
  facet normal 0.958583 -0.284812 0
    outer loop
      vertex 20.954 10.97 2.4
      vertex 21.088 11.421 1.8
      vertex 21.088 11.421 2.4
    endloop
  endfacet
  facet normal 0.958583 -0.284812 0
    outer loop
      vertex 21.088 11.421 1.8
      vertex 20.954 10.97 2.4
      vertex 20.954 10.97 1.8
    endloop
  endfacet
  facet normal 0.990731 -0.135836 0
    outer loop
      vertex 20.845 10.175 2.4
      vertex 20.954 10.97 1.8
      vertex 20.954 10.97 2.4
    endloop
  endfacet
  facet normal 0.990731 -0.135836 0
    outer loop
      vertex 20.954 10.97 1.8
      vertex 20.845 10.175 2.4
      vertex 20.845 10.175 1.8
    endloop
  endfacet
  facet normal 0.996932 0.0782699 0
    outer loop
      vertex 20.883 9.69099 2.4
      vertex 20.845 10.175 1.8
      vertex 20.845 10.175 2.4
    endloop
  endfacet
  facet normal 0.996932 0.0782699 0
    outer loop
      vertex 20.845 10.175 1.8
      vertex 20.883 9.69099 2.4
      vertex 20.883 9.69099 1.8
    endloop
  endfacet
  facet normal 0.979286 0.202481 0
    outer loop
      vertex 20.987 9.188 2.4
      vertex 20.883 9.69099 1.8
      vertex 20.883 9.69099 2.4
    endloop
  endfacet
  facet normal 0.979286 0.202481 0
    outer loop
      vertex 20.883 9.69099 1.8
      vertex 20.987 9.188 2.4
      vertex 20.987 9.188 1.8
    endloop
  endfacet
  facet normal 0.949785 0.312903 0
    outer loop
      vertex 21.1 8.845 2.4
      vertex 20.987 9.188 1.8
      vertex 20.987 9.188 2.4
    endloop
  endfacet
  facet normal 0.949785 0.312903 0
    outer loop
      vertex 20.987 9.188 1.8
      vertex 21.1 8.845 2.4
      vertex 21.1 8.845 1.8
    endloop
  endfacet
  facet normal 0.912459 0.409168 0
    outer loop
      vertex 21.4 8.17599 2.4
      vertex 21.1 8.845 1.8
      vertex 21.1 8.845 2.4
    endloop
  endfacet
  facet normal 0.912459 0.409168 0
    outer loop
      vertex 21.1 8.845 1.8
      vertex 21.4 8.17599 2.4
      vertex 21.4 8.17599 1.8
    endloop
  endfacet
  facet normal 0.841694 0.539955 0
    outer loop
      vertex 21.706 7.69899 2.4
      vertex 21.4 8.17599 1.8
      vertex 21.4 8.17599 2.4
    endloop
  endfacet
  facet normal 0.841694 0.539955 0
    outer loop
      vertex 21.4 8.17599 1.8
      vertex 21.706 7.69899 2.4
      vertex 21.706 7.69899 1.8
    endloop
  endfacet
  facet normal 0.772246 0.635323 0
    outer loop
      vertex 21.938 7.41699 2.4
      vertex 21.706 7.69899 1.8
      vertex 21.706 7.69899 2.4
    endloop
  endfacet
  facet normal 0.772246 0.635323 0
    outer loop
      vertex 21.706 7.69899 1.8
      vertex 21.938 7.41699 2.4
      vertex 21.938 7.41699 1.8
    endloop
  endfacet
  facet normal 0.678414 0.73468 -0
    outer loop
      vertex 22.395 6.99499 1.8
      vertex 21.938 7.41699 2.4
      vertex 22.395 6.99499 2.4
    endloop
  endfacet
  facet normal 0.678414 0.73468 0
    outer loop
      vertex 21.938 7.41699 2.4
      vertex 22.395 6.99499 1.8
      vertex 21.938 7.41699 1.8
    endloop
  endfacet
  facet normal 0.570469 0.821319 -0
    outer loop
      vertex 23.649 6.12399 1.8
      vertex 22.395 6.99499 2.4
      vertex 23.649 6.12399 2.4
    endloop
  endfacet
  facet normal 0.570469 0.821319 0
    outer loop
      vertex 22.395 6.99499 2.4
      vertex 23.649 6.12399 1.8
      vertex 22.395 6.99499 1.8
    endloop
  endfacet
  facet normal 0.821606 0.570055 0
    outer loop
      vertex 23.751 5.97698 2.4
      vertex 23.649 6.12399 1.8
      vertex 23.649 6.12399 2.4
    endloop
  endfacet
  facet normal 0.821606 0.570055 0
    outer loop
      vertex 23.649 6.12399 1.8
      vertex 23.751 5.97698 2.4
      vertex 23.751 5.97698 1.8
    endloop
  endfacet
  facet normal 0.941574 0.336807 0
    outer loop
      vertex 23.937 5.457 2.4
      vertex 23.751 5.97698 1.8
      vertex 23.751 5.97698 2.4
    endloop
  endfacet
  facet normal 0.941574 0.336807 0
    outer loop
      vertex 23.751 5.97698 1.8
      vertex 23.937 5.457 2.4
      vertex 23.937 5.457 1.8
    endloop
  endfacet
  facet normal 0.757516 0.652817 0
    outer loop
      vertex 24.174 5.18199 2.4
      vertex 23.937 5.457 1.8
      vertex 23.937 5.457 2.4
    endloop
  endfacet
  facet normal 0.757516 0.652817 0
    outer loop
      vertex 23.937 5.457 1.8
      vertex 24.174 5.18199 2.4
      vertex 24.174 5.18199 1.8
    endloop
  endfacet
  facet normal 0.485945 0.87399 -0
    outer loop
      vertex 24.442 5.03298 1.8
      vertex 24.174 5.18199 2.4
      vertex 24.442 5.03298 2.4
    endloop
  endfacet
  facet normal 0.485945 0.87399 0
    outer loop
      vertex 24.174 5.18199 2.4
      vertex 24.442 5.03298 1.8
      vertex 24.174 5.18199 1.8
    endloop
  endfacet
  facet normal 0.0434083 0.999057 -0
    outer loop
      vertex 24.787 5.01799 1.8
      vertex 24.442 5.03298 2.4
      vertex 24.787 5.01799 2.4
    endloop
  endfacet
  facet normal 0.0434083 0.999057 0
    outer loop
      vertex 24.442 5.03298 2.4
      vertex 24.787 5.01799 1.8
      vertex 24.442 5.03298 1.8
    endloop
  endfacet
  facet normal -0.299026 0.954245 0
    outer loop
      vertex 25.004 5.08599 1.8
      vertex 24.787 5.01799 2.4
      vertex 25.004 5.08599 2.4
    endloop
  endfacet
  facet normal -0.299026 0.954245 0
    outer loop
      vertex 24.787 5.01799 2.4
      vertex 25.004 5.08599 1.8
      vertex 24.787 5.01799 1.8
    endloop
  endfacet
  facet normal -0.558376 0.829588 0
    outer loop
      vertex 25.16 5.19099 1.8
      vertex 25.004 5.08599 2.4
      vertex 25.16 5.19099 2.4
    endloop
  endfacet
  facet normal -0.558376 0.829588 0
    outer loop
      vertex 25.004 5.08599 2.4
      vertex 25.16 5.19099 1.8
      vertex 25.004 5.08599 1.8
    endloop
  endfacet
  facet normal -0.751876 0.659304 0
    outer loop
      vertex 25.16 5.19099 1.8
      vertex 25.331 5.386 2.4
      vertex 25.331 5.386 1.8
    endloop
  endfacet
  facet normal -0.751876 0.659304 0
    outer loop
      vertex 25.331 5.386 2.4
      vertex 25.16 5.19099 1.8
      vertex 25.16 5.19099 2.4
    endloop
  endfacet
  facet normal -0.933789 0.357824 0
    outer loop
      vertex 25.331 5.386 1.8
      vertex 25.413 5.59999 2.4
      vertex 25.413 5.59999 1.8
    endloop
  endfacet
  facet normal -0.933789 0.357824 0
    outer loop
      vertex 25.413 5.59999 2.4
      vertex 25.331 5.386 1.8
      vertex 25.331 5.386 2.4
    endloop
  endfacet
  facet normal -0.98944 0.144945 0
    outer loop
      vertex 25.413 5.59999 1.8
      vertex 25.459 5.914 2.4
      vertex 25.459 5.914 1.8
    endloop
  endfacet
  facet normal -0.98944 0.144945 0
    outer loop
      vertex 25.459 5.914 2.4
      vertex 25.413 5.59999 1.8
      vertex 25.413 5.59999 2.4
    endloop
  endfacet
  facet normal -0.997423 -0.0717457 0
    outer loop
      vertex 25.459 5.914 1.8
      vertex 25.418 6.48399 2.4
      vertex 25.418 6.48399 1.8
    endloop
  endfacet
  facet normal -0.997423 -0.0717457 0
    outer loop
      vertex 25.418 6.48399 2.4
      vertex 25.459 5.914 1.8
      vertex 25.459 5.914 2.4
    endloop
  endfacet
  facet normal -0.93775 0.347311 0
    outer loop
      vertex 25.418 6.48399 1.8
      vertex 25.808 7.537 2.4
      vertex 25.808 7.537 1.8
    endloop
  endfacet
  facet normal -0.93775 0.347311 0
    outer loop
      vertex 25.808 7.537 2.4
      vertex 25.418 6.48399 1.8
      vertex 25.418 6.48399 2.4
    endloop
  endfacet
  facet normal -0.965191 0.261546 0
    outer loop
      vertex 25.808 7.537 1.8
      vertex 26.047 8.41899 2.4
      vertex 26.047 8.41899 1.8
    endloop
  endfacet
  facet normal -0.965191 0.261546 0
    outer loop
      vertex 26.047 8.41899 2.4
      vertex 25.808 7.537 1.8
      vertex 25.808 7.537 2.4
    endloop
  endfacet
  facet normal -0.981877 0.189517 0
    outer loop
      vertex 26.047 8.41899 1.8
      vertex 26.152 8.96299 2.4
      vertex 26.152 8.96299 1.8
    endloop
  endfacet
  facet normal -0.981877 0.189517 0
    outer loop
      vertex 26.152 8.96299 2.4
      vertex 26.047 8.41899 1.8
      vertex 26.047 8.41899 2.4
    endloop
  endfacet
  facet normal -0.996921 0.0784073 0
    outer loop
      vertex 26.152 8.96299 1.8
      vertex 26.18 9.319 2.4
      vertex 26.18 9.319 1.8
    endloop
  endfacet
  facet normal -0.996921 0.0784073 0
    outer loop
      vertex 26.18 9.319 2.4
      vertex 26.152 8.96299 1.8
      vertex 26.152 8.96299 2.4
    endloop
  endfacet
  facet normal -0.99834 -0.0575965 0
    outer loop
      vertex 26.18 9.319 1.8
      vertex 26.156 9.735 2.4
      vertex 26.156 9.735 1.8
    endloop
  endfacet
  facet normal -0.99834 -0.0575965 0
    outer loop
      vertex 26.156 9.735 2.4
      vertex 26.18 9.319 1.8
      vertex 26.18 9.319 2.4
    endloop
  endfacet
  facet normal -0.981217 -0.192905 0
    outer loop
      vertex 26.156 9.735 1.8
      vertex 26.052 10.264 2.4
      vertex 26.052 10.264 1.8
    endloop
  endfacet
  facet normal -0.981217 -0.192905 0
    outer loop
      vertex 26.052 10.264 2.4
      vertex 26.156 9.735 1.8
      vertex 26.156 9.735 2.4
    endloop
  endfacet
  facet normal -0.940951 -0.338543 0
    outer loop
      vertex 26.052 10.264 1.8
      vertex 25.712 11.209 2.4
      vertex 25.712 11.209 1.8
    endloop
  endfacet
  facet normal -0.940951 -0.338543 0
    outer loop
      vertex 25.712 11.209 2.4
      vertex 26.052 10.264 1.8
      vertex 26.052 10.264 2.4
    endloop
  endfacet
  facet normal -0.878806 -0.47718 0
    outer loop
      vertex 25.712 11.209 1.8
      vertex 25.472 11.651 2.4
      vertex 25.472 11.651 1.8
    endloop
  endfacet
  facet normal -0.878806 -0.47718 0
    outer loop
      vertex 25.472 11.651 2.4
      vertex 25.712 11.209 1.8
      vertex 25.712 11.209 2.4
    endloop
  endfacet
  facet normal -0.811906 -0.583788 0
    outer loop
      vertex 25.472 11.651 1.8
      vertex 25.234 11.982 2.4
      vertex 25.234 11.982 1.8
    endloop
  endfacet
  facet normal -0.811906 -0.583788 0
    outer loop
      vertex 25.234 11.982 2.4
      vertex 25.472 11.651 1.8
      vertex 25.472 11.651 2.4
    endloop
  endfacet
  facet normal -0.705876 -0.708335 0
    outer loop
      vertex 24.946 12.269 1.8
      vertex 25.234 11.982 2.4
      vertex 24.946 12.269 2.4
    endloop
  endfacet
  facet normal -0.705876 -0.708335 -0
    outer loop
      vertex 25.234 11.982 2.4
      vertex 24.946 12.269 1.8
      vertex 25.234 11.982 1.8
    endloop
  endfacet
  facet normal -0.606189 -0.79532 0
    outer loop
      vertex 24.618 12.519 1.8
      vertex 24.946 12.269 2.4
      vertex 24.618 12.519 2.4
    endloop
  endfacet
  facet normal -0.606189 -0.79532 -0
    outer loop
      vertex 24.946 12.269 2.4
      vertex 24.618 12.519 1.8
      vertex 24.946 12.269 1.8
    endloop
  endfacet
  facet normal -0.545456 -0.83814 0
    outer loop
      vertex 24.366 12.683 1.8
      vertex 24.618 12.519 2.4
      vertex 24.366 12.683 2.4
    endloop
  endfacet
  facet normal -0.545456 -0.83814 -0
    outer loop
      vertex 24.618 12.519 2.4
      vertex 24.366 12.683 1.8
      vertex 24.618 12.519 1.8
    endloop
  endfacet
  facet normal -0.452206 -0.891914 0
    outer loop
      vertex 23.581 13.081 1.8
      vertex 24.366 12.683 2.4
      vertex 23.581 13.081 2.4
    endloop
  endfacet
  facet normal -0.452206 -0.891914 -0
    outer loop
      vertex 24.366 12.683 2.4
      vertex 23.581 13.081 1.8
      vertex 24.366 12.683 1.8
    endloop
  endfacet
  facet normal -0.640779 -0.767726 0
    outer loop
      vertex 23.073 13.505 1.8
      vertex 23.581 13.081 2.4
      vertex 23.073 13.505 2.4
    endloop
  endfacet
  facet normal -0.640779 -0.767726 -0
    outer loop
      vertex 23.581 13.081 2.4
      vertex 23.073 13.505 1.8
      vertex 23.581 13.081 1.8
    endloop
  endfacet
  facet normal -0.86529 -0.501271 0
    outer loop
      vertex 23.073 13.505 1.8
      vertex 22.905 13.795 2.4
      vertex 22.905 13.795 1.8
    endloop
  endfacet
  facet normal -0.86529 -0.501271 0
    outer loop
      vertex 22.905 13.795 2.4
      vertex 23.073 13.505 1.8
      vertex 23.073 13.505 2.4
    endloop
  endfacet
  facet normal -0.915975 -0.401234 0
    outer loop
      vertex 22.905 13.795 1.8
      vertex 22.449 14.836 2.4
      vertex 22.449 14.836 1.8
    endloop
  endfacet
  facet normal -0.915975 -0.401234 0
    outer loop
      vertex 22.449 14.836 2.4
      vertex 22.905 13.795 1.8
      vertex 22.905 13.795 2.4
    endloop
  endfacet
  facet normal -0.981549 -0.191211 0
    outer loop
      vertex 22.449 14.836 1.8
      vertex 22.419 14.99 2.4
      vertex 22.419 14.99 1.8
    endloop
  endfacet
  facet normal -0.981549 -0.191211 0
    outer loop
      vertex 22.419 14.99 2.4
      vertex 22.449 14.836 1.8
      vertex 22.449 14.836 2.4
    endloop
  endfacet
  facet normal -0.979086 0.203446 0
    outer loop
      vertex 22.419 14.99 1.8
      vertex 22.451 15.144 2.4
      vertex 22.451 15.144 1.8
    endloop
  endfacet
  facet normal -0.979086 0.203446 0
    outer loop
      vertex 22.451 15.144 2.4
      vertex 22.419 14.99 1.8
      vertex 22.419 14.99 2.4
    endloop
  endfacet
  facet normal -0.826092 0.563536 0
    outer loop
      vertex 22.451 15.144 1.8
      vertex 22.539 15.273 2.4
      vertex 22.539 15.273 1.8
    endloop
  endfacet
  facet normal -0.826092 0.563536 0
    outer loop
      vertex 22.539 15.273 2.4
      vertex 22.451 15.144 1.8
      vertex 22.451 15.144 2.4
    endloop
  endfacet
  facet normal -0.54588 0.837863 0
    outer loop
      vertex 22.671 15.359 1.8
      vertex 22.539 15.273 2.4
      vertex 22.671 15.359 2.4
    endloop
  endfacet
  facet normal -0.54588 0.837863 0
    outer loop
      vertex 22.539 15.273 2.4
      vertex 22.671 15.359 1.8
      vertex 22.539 15.273 1.8
    endloop
  endfacet
  facet normal -0.178885 0.98387 0
    outer loop
      vertex 22.825 15.387 1.8
      vertex 22.671 15.359 2.4
      vertex 22.825 15.387 2.4
    endloop
  endfacet
  facet normal -0.178885 0.98387 0
    outer loop
      vertex 22.671 15.359 2.4
      vertex 22.825 15.387 1.8
      vertex 22.671 15.359 1.8
    endloop
  endfacet
  facet normal 0.190213 0.981743 -0
    outer loop
      vertex 22.985 15.356 1.8
      vertex 22.825 15.387 2.4
      vertex 22.985 15.356 2.4
    endloop
  endfacet
  facet normal 0.190213 0.981743 0
    outer loop
      vertex 22.825 15.387 2.4
      vertex 22.985 15.356 1.8
      vertex 22.825 15.387 1.8
    endloop
  endfacet
  facet normal 0.641878 0.766807 -0
    outer loop
      vertex 23.519 14.909 1.8
      vertex 22.985 15.356 2.4
      vertex 23.519 14.909 2.4
    endloop
  endfacet
  facet normal 0.641878 0.766807 0
    outer loop
      vertex 22.985 15.356 2.4
      vertex 23.519 14.909 1.8
      vertex 22.985 15.356 1.8
    endloop
  endfacet
  facet normal 0.569122 0.822253 -0
    outer loop
      vertex 24.003 14.574 1.8
      vertex 23.519 14.909 2.4
      vertex 24.003 14.574 2.4
    endloop
  endfacet
  facet normal 0.569122 0.822253 0
    outer loop
      vertex 23.519 14.909 2.4
      vertex 24.003 14.574 1.8
      vertex 23.519 14.909 1.8
    endloop
  endfacet
  facet normal 0.437021 0.899451 -0
    outer loop
      vertex 24.357 14.402 1.8
      vertex 24.003 14.574 2.4
      vertex 24.357 14.402 2.4
    endloop
  endfacet
  facet normal 0.437021 0.899451 0
    outer loop
      vertex 24.003 14.574 2.4
      vertex 24.357 14.402 1.8
      vertex 24.003 14.574 1.8
    endloop
  endfacet
  facet normal 0.269002 0.96314 -0
    outer loop
      vertex 24.869 14.259 1.8
      vertex 24.357 14.402 2.4
      vertex 24.869 14.259 2.4
    endloop
  endfacet
  facet normal 0.269002 0.96314 0
    outer loop
      vertex 24.357 14.402 2.4
      vertex 24.869 14.259 1.8
      vertex 24.357 14.402 1.8
    endloop
  endfacet
  facet normal 0.156163 0.987731 -0
    outer loop
      vertex 25.122 14.219 1.8
      vertex 24.869 14.259 2.4
      vertex 25.122 14.219 2.4
    endloop
  endfacet
  facet normal 0.156163 0.987731 0
    outer loop
      vertex 24.869 14.259 2.4
      vertex 25.122 14.219 1.8
      vertex 24.869 14.259 1.8
    endloop
  endfacet
  facet normal -0.00131233 0.999999 0
    outer loop
      vertex 25.884 14.22 1.8
      vertex 25.122 14.219 2.4
      vertex 25.884 14.22 2.4
    endloop
  endfacet
  facet normal -0.00131233 0.999999 0
    outer loop
      vertex 25.122 14.219 2.4
      vertex 25.884 14.22 1.8
      vertex 25.122 14.219 1.8
    endloop
  endfacet
  facet normal -0.167661 0.985845 0
    outer loop
      vertex 26.766 14.37 1.8
      vertex 25.884 14.22 2.4
      vertex 26.766 14.37 2.4
    endloop
  endfacet
  facet normal -0.167661 0.985845 0
    outer loop
      vertex 25.884 14.22 2.4
      vertex 26.766 14.37 1.8
      vertex 25.884 14.22 1.8
    endloop
  endfacet
  facet normal -0.317608 0.948222 0
    outer loop
      vertex 27.178 14.508 1.8
      vertex 26.766 14.37 2.4
      vertex 27.178 14.508 2.4
    endloop
  endfacet
  facet normal -0.317608 0.948222 0
    outer loop
      vertex 26.766 14.37 2.4
      vertex 27.178 14.508 1.8
      vertex 26.766 14.37 1.8
    endloop
  endfacet
  facet normal -0.444615 0.895722 0
    outer loop
      vertex 27.454 14.645 1.8
      vertex 27.178 14.508 2.4
      vertex 27.454 14.645 2.4
    endloop
  endfacet
  facet normal -0.444615 0.895722 0
    outer loop
      vertex 27.178 14.508 2.4
      vertex 27.454 14.645 1.8
      vertex 27.178 14.508 1.8
    endloop
  endfacet
  facet normal -0.569656 0.821883 0
    outer loop
      vertex 27.933 14.977 1.8
      vertex 27.454 14.645 2.4
      vertex 27.933 14.977 2.4
    endloop
  endfacet
  facet normal -0.569656 0.821883 0
    outer loop
      vertex 27.454 14.645 2.4
      vertex 27.933 14.977 1.8
      vertex 27.454 14.645 1.8
    endloop
  endfacet
  facet normal -0.69623 0.717819 0
    outer loop
      vertex 28.199 15.235 1.8
      vertex 27.933 14.977 2.4
      vertex 28.199 15.235 2.4
    endloop
  endfacet
  facet normal -0.69623 0.717819 0
    outer loop
      vertex 27.933 14.977 2.4
      vertex 28.199 15.235 1.8
      vertex 27.933 14.977 1.8
    endloop
  endfacet
  facet normal -0.8 0.6 0
    outer loop
      vertex 28.199 15.235 1.8
      vertex 28.541 15.691 2.4
      vertex 28.541 15.691 1.8
    endloop
  endfacet
  facet normal -0.8 0.6 0
    outer loop
      vertex 28.541 15.691 2.4
      vertex 28.199 15.235 1.8
      vertex 28.199 15.235 2.4
    endloop
  endfacet
  facet normal -0.866136 0.499808 0
    outer loop
      vertex 28.541 15.691 1.8
      vertex 28.878 16.275 2.4
      vertex 28.878 16.275 1.8
    endloop
  endfacet
  facet normal -0.866136 0.499808 0
    outer loop
      vertex 28.878 16.275 2.4
      vertex 28.541 15.691 1.8
      vertex 28.541 15.691 2.4
    endloop
  endfacet
  facet normal -0.694369 0.719619 0
    outer loop
      vertex 28.992 16.385 1.8
      vertex 28.878 16.275 2.4
      vertex 28.992 16.385 2.4
    endloop
  endfacet
  facet normal -0.694369 0.719619 0
    outer loop
      vertex 28.878 16.275 2.4
      vertex 28.992 16.385 1.8
      vertex 28.878 16.275 1.8
    endloop
  endfacet
  facet normal -0.548909 0.835882 0
    outer loop
      vertex 29.426 16.67 1.8
      vertex 28.992 16.385 2.4
      vertex 29.426 16.67 2.4
    endloop
  endfacet
  facet normal -0.548909 0.835882 0
    outer loop
      vertex 28.992 16.385 2.4
      vertex 29.426 16.67 1.8
      vertex 28.992 16.385 1.8
    endloop
  endfacet
  facet normal -0.726079 0.687611 0
    outer loop
      vertex 29.426 16.67 1.8
      vertex 29.569 16.821 2.3853
      vertex 29.569 16.821 1.8
    endloop
  endfacet
  facet normal -0.725957 0.68774 -6.32114e-05
    outer loop
      vertex 29.569 16.821 2.3853
      vertex 29.426 16.67 1.8
      vertex 29.4592 16.7051 2.4
    endloop
  endfacet
  facet normal -0.726496 0.68717 0
    outer loop
      vertex 29.4592 16.7051 2.4
      vertex 29.426 16.67 1.8
      vertex 29.426 16.67 2.4
    endloop
  endfacet
  facet normal -0.923077 0.384615 0
    outer loop
      vertex 29.569 16.821 1.8
      vertex 29.734 17.217 2.20794
      vertex 29.734 17.217 1.8
    endloop
  endfacet
  facet normal -0.923119 0.384515 0.000114728
    outer loop
      vertex 29.734 17.217 2.20794
      vertex 29.569 16.821 1.8
      vertex 29.6874 17.1051 2.29382
    endloop
  endfacet
  facet normal -0.922609 0.385735 -0.000709697
    outer loop
      vertex 29.6874 17.1051 2.29382
      vertex 29.569 16.821 1.8
      vertex 29.6774 17.0812 2.30371
    endloop
  endfacet
  facet normal -0.923174 0.384383 0.000110353
    outer loop
      vertex 29.6774 17.0812 2.30371
      vertex 29.569 16.821 1.8
      vertex 29.607 16.9121 2.37374
    endloop
  endfacet
  facet normal -0.922863 0.385128 -2.85556e-05
    outer loop
      vertex 29.607 16.9121 2.37374
      vertex 29.569 16.821 1.8
      vertex 29.5964 16.8867 2.37696
    endloop
  endfacet
  facet normal -0.922952 0.384915 0
    outer loop
      vertex 29.5964 16.8867 2.37696
      vertex 29.569 16.821 1.8
      vertex 29.569 16.821 2.3853
    endloop
  endfacet
  facet normal -0.99987 -0.0161269 0
    outer loop
      vertex 29.734 17.217 1.8
      vertex 29.73 17.465 1.83902
      vertex 29.73 17.465 1.8
    endloop
  endfacet
  facet normal -0.99987 -0.0161431 0.000102816
    outer loop
      vertex 29.73 17.465 1.83902
      vertex 29.734 17.217 1.8
      vertex 29.7311 17.3979 2.001
    endloop
  endfacet
  facet normal -0.999894 -0.0144792 -0.00139502
    outer loop
      vertex 29.7311 17.3979 2.001
      vertex 29.734 17.217 1.8
      vertex 29.7313 17.3821 2.02164
    endloop
  endfacet
  facet normal -0.999868 -0.0162596 -6.84865e-05
    outer loop
      vertex 29.7313 17.3821 2.02164
      vertex 29.734 17.217 1.8
      vertex 29.7331 17.2708 2.16669
    endloop
  endfacet
  facet normal -0.999818 -0.0190583 0.000342246
    outer loop
      vertex 29.7331 17.2708 2.16669
      vertex 29.734 17.217 1.8
      vertex 29.7335 17.2501 2.18253
    endloop
  endfacet
  facet normal -0.999886 -0.015104 0
    outer loop
      vertex 29.7335 17.2501 2.18253
      vertex 29.734 17.217 1.8
      vertex 29.734 17.217 2.20794
    endloop
  endfacet
  facet normal -0.95336 -0.301783 -0.00570848
    outer loop
      vertex 29.73 17.465 1.8
      vertex 29.7259 17.4778 1.80805
      vertex 29.7256 17.4789 1.8
    endloop
  endfacet
  facet normal -0.952171 -0.305564 0.000909388
    outer loop
      vertex 29.7259 17.4778 1.80805
      vertex 29.73 17.465 1.8
      vertex 29.7291 17.4679 1.83209
    endloop
  endfacet
  facet normal -0.955064 -0.296399 0
    outer loop
      vertex 29.7291 17.4679 1.83209
      vertex 29.73 17.465 1.8
      vertex 29.73 17.465 1.83902
    endloop
  endfacet
  facet normal 0.578215 0.815884 -0
    outer loop
      vertex 6.58399 17.379 1.8
      vertex 6.56226 17.3944 2.001
      vertex 6.58399 17.379 2.02102
    endloop
  endfacet
  facet normal 0.576861 0.816842 -0.000219835
    outer loop
      vertex 6.56226 17.3944 2.001
      vertex 6.58399 17.379 1.8
      vertex 6.4652 17.4629 1.83538
    endloop
  endfacet
  facet normal 0.577008 0.816739 0.000519581
    outer loop
      vertex 6.44768 17.4753 1.8
      vertex 6.4652 17.4629 1.83538
      vertex 6.58399 17.379 1.8
    endloop
  endfacet
  facet normal 0.569214 0.822165 0.00628078
    outer loop
      vertex 6.4652 17.4629 1.83538
      vertex 6.44768 17.4753 1.8
      vertex 6.44918 17.4742 1.80805
    endloop
  endfacet
  facet normal 0.836201 0.548423 -0.00082549
    outer loop
      vertex 6.671 17.246 1.8
      vertex 6.58399 17.379 2.02102
      vertex 6.58629 17.3755 2.0256
    endloop
  endfacet
  facet normal 0.836926 0.547316 8.22744e-05
    outer loop
      vertex 6.671 17.246 1.8
      vertex 6.58629 17.3755 2.0256
      vertex 6.6571 17.2672 2.16669
    endloop
  endfacet
  facet normal 0.836274 0.548312 -0
    outer loop
      vertex 6.671 17.246 1.8
      vertex 6.6571 17.2672 2.16669
      vertex 6.671 17.246 2.18298
    endloop
  endfacet
  facet normal 0.83683 0.547463 0
    outer loop
      vertex 6.58399 17.379 2.02102
      vertex 6.671 17.246 1.8
      vertex 6.58399 17.379 1.8
    endloop
  endfacet
  facet normal 0.992629 0.121193 0.000181013
    outer loop
      vertex 6.695 17.05 1.8
      vertex 6.671 17.246 2.18298
      vertex 6.6715 17.2419 2.18616
    endloop
  endfacet
  facet normal 0.992586 0.121546 2.75872e-06
    outer loop
      vertex 6.695 17.05 1.8
      vertex 6.6715 17.2419 2.18616
      vertex 6.68868 17.1016 2.29382
    endloop
  endfacet
  facet normal 0.992582 0.121575 -2.58636e-07
    outer loop
      vertex 6.695 17.05 1.8
      vertex 6.68868 17.1016 2.29382
      vertex 6.69233 17.0718 2.30613
    endloop
  endfacet
  facet normal 0.992583 0.121569 -0
    outer loop
      vertex 6.695 17.05 1.8
      vertex 6.69233 17.0718 2.30613
      vertex 6.695 17.05 2.31518
    endloop
  endfacet
  facet normal 0.992586 0.121541 0
    outer loop
      vertex 6.671 17.246 2.18298
      vertex 6.695 17.05 1.8
      vertex 6.671 17.246 1.8
    endloop
  endfacet
  facet normal 0.961703 -0.274095 -5.87432e-06
    outer loop
      vertex 6.63999 16.857 1.8
      vertex 6.695 17.05 2.31518
      vertex 6.6547 16.9086 2.37374
    endloop
  endfacet
  facet normal 0.961709 -0.274073 -7.99531e-06
    outer loop
      vertex 6.63999 16.857 1.8
      vertex 6.6547 16.9086 2.37374
      vertex 6.64578 16.8773 2.37771
    endloop
  endfacet
  facet normal 0.961649 -0.274283 0
    outer loop
      vertex 6.63999 16.857 1.8
      vertex 6.64578 16.8773 2.37771
      vertex 6.63999 16.857 2.38029
    endloop
  endfacet
  facet normal 0.961699 -0.274109 0
    outer loop
      vertex 6.695 17.05 2.31518
      vertex 6.63999 16.857 1.8
      vertex 6.695 17.05 1.8
    endloop
  endfacet
  facet normal 0.603369 -0.797462 0
    outer loop
      vertex 5.88399 16.285 1.8
      vertex 6.43447 16.7015 2.4
      vertex 5.88399 16.285 2.4
    endloop
  endfacet
  facet normal 0.60337 -0.797461 -9.8452e-07
    outer loop
      vertex 6.63999 16.857 1.8
      vertex 6.43447 16.7015 2.4
      vertex 5.88399 16.285 1.8
    endloop
  endfacet
  facet normal 0.603372 -0.79746 0
    outer loop
      vertex 6.43447 16.7015 2.4
      vertex 6.63999 16.857 1.8
      vertex 6.63999 16.857 2.38029
    endloop
  endfacet
  facet normal 0.640191 -0.768216 0
    outer loop
      vertex 5.266 15.77 1.8
      vertex 5.88399 16.285 2.4
      vertex 5.266 15.77 2.4
    endloop
  endfacet
  facet normal 0.640191 -0.768216 0
    outer loop
      vertex 5.88399 16.285 2.4
      vertex 5.266 15.77 1.8
      vertex 5.88399 16.285 1.8
    endloop
  endfacet
  facet normal 0.674842 -0.737962 0
    outer loop
      vertex 3.64101 14.284 1.8
      vertex 5.266 15.77 2.4
      vertex 3.64101 14.284 2.4
    endloop
  endfacet
  facet normal 0.674842 -0.737962 0
    outer loop
      vertex 5.266 15.77 2.4
      vertex 3.64101 14.284 1.8
      vertex 5.266 15.77 1.8
    endloop
  endfacet
  facet normal 0.348719 -0.937227 0
    outer loop
      vertex 3.426 14.204 1.8
      vertex 3.64101 14.284 2.4
      vertex 3.426 14.204 2.4
    endloop
  endfacet
  facet normal 0.348719 -0.937227 0
    outer loop
      vertex 3.64101 14.284 2.4
      vertex 3.426 14.204 1.8
      vertex 3.64101 14.284 1.8
    endloop
  endfacet
  facet normal -0.13598 -0.990712 0
    outer loop
      vertex 3.273 14.225 1.8
      vertex 3.426 14.204 2.4
      vertex 3.273 14.225 2.4
    endloop
  endfacet
  facet normal -0.13598 -0.990712 -0
    outer loop
      vertex 3.426 14.204 2.4
      vertex 3.273 14.225 1.8
      vertex 3.426 14.204 1.8
    endloop
  endfacet
  facet normal -0.536562 -0.843861 0
    outer loop
      vertex 3.11101 14.328 1.8
      vertex 3.273 14.225 2.4
      vertex 3.11101 14.328 2.4
    endloop
  endfacet
  facet normal -0.536562 -0.843861 -0
    outer loop
      vertex 3.273 14.225 2.4
      vertex 3.11101 14.328 1.8
      vertex 3.273 14.225 1.8
    endloop
  endfacet
  facet normal -0.844722 -0.535205 0
    outer loop
      vertex 3.11101 14.328 1.8
      vertex 3.02801 14.459 2.4
      vertex 3.02801 14.459 1.8
    endloop
  endfacet
  facet normal -0.844722 -0.535205 0
    outer loop
      vertex 3.02801 14.459 2.4
      vertex 3.11101 14.328 1.8
      vertex 3.11101 14.328 2.4
    endloop
  endfacet
  facet normal -0.99211 -0.125371 0
    outer loop
      vertex 3.02801 14.459 1.8
      vertex 3.004 14.649 2.4
      vertex 3.004 14.649 1.8
    endloop
  endfacet
  facet normal -0.99211 -0.125371 0
    outer loop
      vertex 3.004 14.649 2.4
      vertex 3.02801 14.459 1.8
      vertex 3.02801 14.459 2.4
    endloop
  endfacet
  facet normal -0.977936 0.208904 0
    outer loop
      vertex 3.004 14.649 1.8
      vertex 3.25201 15.81 2.4
      vertex 3.25201 15.81 1.8
    endloop
  endfacet
  facet normal -0.977936 0.208904 0
    outer loop
      vertex 3.25201 15.81 2.4
      vertex 3.004 14.649 1.8
      vertex 3.004 14.649 2.4
    endloop
  endfacet
  facet normal -0.95512 0.296219 0
    outer loop
      vertex 3.57001 16.834 1.8
      vertex 3.56328 16.8123 2.38206
      vertex 3.57001 16.834 2.37937
    endloop
  endfacet
  facet normal -0.95498 0.296669 1.83649e-05
    outer loop
      vertex 3.57001 16.834 1.8
      vertex 3.5242 16.6865 2.39674
      vertex 3.56328 16.8123 2.38206
    endloop
  endfacet
  facet normal -0.954952 0.296759 4.28802e-05
    outer loop
      vertex 3.57001 16.834 1.8
      vertex 3.51553 16.6586 2.4
      vertex 3.5242 16.6865 2.39674
    endloop
  endfacet
  facet normal -0.955009 0.296575 -1.60412e-05
    outer loop
      vertex 3.25201 15.81 1.8
      vertex 3.51553 16.6586 2.4
      vertex 3.57001 16.834 1.8
    endloop
  endfacet
  facet normal -0.955013 0.296565 0
    outer loop
      vertex 3.51553 16.6586 2.4
      vertex 3.25201 15.81 1.8
      vertex 3.25201 15.81 2.4
    endloop
  endfacet
  facet normal -0.929353 0.369192 0.000806124
    outer loop
      vertex 3.81874 17.4628 1.8
      vertex 3.8059 17.4303 1.88168
      vertex 3.81831 17.4617 1.80805
    endloop
  endfacet
  facet normal -0.929893 0.367831 0.000179839
    outer loop
      vertex 3.57001 16.834 1.8
      vertex 3.8059 17.4303 1.88168
      vertex 3.81874 17.4628 1.8
    endloop
  endfacet
  facet normal -0.929879 0.367865 -0.000103497
    outer loop
      vertex 3.8059 17.4303 1.88168
      vertex 3.57001 16.834 1.8
      vertex 3.78579 17.3795 2.001
    endloop
  endfacet
  facet normal -0.929888 0.367843 -3.48613e-05
    outer loop
      vertex 3.78579 17.3795 2.001
      vertex 3.57001 16.834 1.8
      vertex 3.76047 17.3155 2.08206
    endloop
  endfacet
  facet normal -0.929885 0.367851 -5.176e-05
    outer loop
      vertex 3.76047 17.3155 2.08206
      vertex 3.57001 16.834 1.8
      vertex 3.73404 17.2487 2.16669
    endloop
  endfacet
  facet normal -0.929936 0.367721 0.000119014
    outer loop
      vertex 3.73404 17.2487 2.16669
      vertex 3.57001 16.834 1.8
      vertex 3.68917 17.1352 2.25128
    endloop
  endfacet
  facet normal -0.929875 0.367876 -6.76133e-07
    outer loop
      vertex 3.64763 17.0302 2.31313
      vertex 3.68917 17.1352 2.25128
      vertex 3.57001 16.834 1.8
    endloop
  endfacet
  facet normal -0.930077 0.367363 -0.00100789
    outer loop
      vertex 3.68917 17.1352 2.25128
      vertex 3.64763 17.0302 2.31313
      vertex 3.66661 17.0782 2.29382
    endloop
  endfacet
  facet normal -0.929858 0.367919 -1.98247e-05
    outer loop
      vertex 3.64763 17.0302 2.31313
      vertex 3.57001 16.834 1.8
      vertex 3.58808 16.8797 2.37374
    endloop
  endfacet
  facet normal -0.929943 0.367704 0
    outer loop
      vertex 3.58808 16.8797 2.37374
      vertex 3.57001 16.834 1.8
      vertex 3.57001 16.834 2.37937
    endloop
  endfacet
  facet normal -0.00143417 0.999999 0
    outer loop
      vertex 8.958 -13.117 1.8
      vertex 0.800003 -13.1287 2.4
      vertex 8.958 -13.117 2.4
    endloop
  endfacet
  facet normal -0.00143308 0.999999 1.48893e-05
    outer loop
      vertex 0.0261919 -13.1298 1.8
      vertex 0.800003 -13.1287 2.4
      vertex 8.958 -13.117 1.8
    endloop
  endfacet
  facet normal -0.000876796 0.999999 -0.000702541
    outer loop
      vertex 0.800003 -13.1287 2.4
      vertex 0.0261919 -13.1298 1.8
      vertex 0.592941 -13.1289 2.37374
    endloop
  endfacet
  facet normal -0.00153186 0.999999 -5.54616e-05
    outer loop
      vertex 0.592941 -13.1289 2.37374
      vertex 0.0261919 -13.1298 1.8
      vertex 0.399994 -13.1292 2.29382
    endloop
  endfacet
  facet normal -0.0020956 0.999998 0.000371271
    outer loop
      vertex 0.399994 -13.1292 2.29382
      vertex 0.0261919 -13.1298 1.8
      vertex 0.234314 -13.1295 2.16669
    endloop
  endfacet
  facet normal 0.00107434 0.999998 -0.00142789
    outer loop
      vertex 0.234314 -13.1295 2.16669
      vertex 0.0261919 -13.1298 1.8
      vertex 0.107178 -13.1296 2.001
    endloop
  endfacet
  facet normal -0.00366892 0.999993 0.00048325
    outer loop
      vertex 0.107178 -13.1296 2.001
      vertex 0.0261919 -13.1298 1.8
      vertex 0.0272522 -13.1298 1.80805
    endloop
  endfacet
  facet normal -0.751361 0.659891 0
    outer loop
      vertex 38.249 13.393 1.8
      vertex 38.451 13.623 2.4
      vertex 38.451 13.623 1.8
    endloop
  endfacet
  facet normal -0.751361 0.659891 0
    outer loop
      vertex 38.451 13.623 2.4
      vertex 38.249 13.393 1.8
      vertex 38.249 13.393 2.4
    endloop
  endfacet
  facet normal -0.952296 0.305176 0
    outer loop
      vertex 38.451 13.623 1.8
      vertex 38.534 13.882 2.4
      vertex 38.534 13.882 1.8
    endloop
  endfacet
  facet normal -0.952296 0.305176 0
    outer loop
      vertex 38.534 13.882 2.4
      vertex 38.451 13.623 1.8
      vertex 38.451 13.623 2.4
    endloop
  endfacet
  facet normal -0.998282 -0.0585948 0
    outer loop
      vertex 38.534 13.882 1.8
      vertex 38.507 14.342 2.4
      vertex 38.507 14.342 1.8
    endloop
  endfacet
  facet normal -0.998282 -0.0585948 0
    outer loop
      vertex 38.507 14.342 2.4
      vertex 38.534 13.882 1.8
      vertex 38.534 13.882 2.4
    endloop
  endfacet
  facet normal -0.891082 -0.453843 0
    outer loop
      vertex 38.507 14.342 1.8
      vertex 38.343 14.664 2.4
      vertex 38.343 14.664 1.8
    endloop
  endfacet
  facet normal -0.891082 -0.453843 0
    outer loop
      vertex 38.343 14.664 2.4
      vertex 38.507 14.342 1.8
      vertex 38.507 14.342 2.4
    endloop
  endfacet
  facet normal -0.75373 -0.657185 0
    outer loop
      vertex 38.343 14.664 1.8
      vertex 37.955 15.109 2.4
      vertex 37.955 15.109 1.8
    endloop
  endfacet
  facet normal -0.75373 -0.657185 0
    outer loop
      vertex 37.955 15.109 2.4
      vertex 38.343 14.664 1.8
      vertex 38.343 14.664 2.4
    endloop
  endfacet
  facet normal -0.878268 -0.478168 0
    outer loop
      vertex 37.955 15.109 1.8
      vertex 37.857 15.289 2.4
      vertex 37.857 15.289 1.8
    endloop
  endfacet
  facet normal -0.878268 -0.478168 0
    outer loop
      vertex 37.857 15.289 2.4
      vertex 37.955 15.109 1.8
      vertex 37.955 15.109 2.4
    endloop
  endfacet
  facet normal -0.953143 -0.302519 0
    outer loop
      vertex 37.857 15.289 1.8
      vertex 37.784 15.519 2.4
      vertex 37.784 15.519 1.8
    endloop
  endfacet
  facet normal -0.953143 -0.302519 0
    outer loop
      vertex 37.784 15.519 2.4
      vertex 37.857 15.289 1.8
      vertex 37.857 15.289 2.4
    endloop
  endfacet
  facet normal -0.988372 -0.152057 0
    outer loop
      vertex 37.605 16.709 1.8
      vertex 37.6056 16.7051 2.4
      vertex 37.605 16.709 2.39951
    endloop
  endfacet
  facet normal -0.988875 -0.148747 2.20212e-05
    outer loop
      vertex 37.784 15.519 1.8
      vertex 37.6056 16.7051 2.4
      vertex 37.605 16.709 1.8
    endloop
  endfacet
  facet normal -0.988877 -0.148736 0
    outer loop
      vertex 37.6056 16.7051 2.4
      vertex 37.784 15.519 1.8
      vertex 37.784 15.519 2.4
    endloop
  endfacet
  facet normal -0.953304 -0.302011 0
    outer loop
      vertex 37.483 17.095 1.8
      vertex 37.4945 17.0587 2.31306
      vertex 37.483 17.095 2.29803
    endloop
  endfacet
  facet normal -0.953508 -0.301368 5.00728e-05
    outer loop
      vertex 37.605 16.709 1.8
      vertex 37.4945 17.0587 2.31306
      vertex 37.483 17.095 1.8
    endloop
  endfacet
  facet normal -0.953517 -0.301339 2.8294e-05
    outer loop
      vertex 37.4945 17.0587 2.31306
      vertex 37.605 16.709 1.8
      vertex 37.5408 16.9122 2.37374
    endloop
  endfacet
  facet normal -0.953526 -0.301312 1.78126e-05
    outer loop
      vertex 37.5408 16.9122 2.37374
      vertex 37.605 16.709 1.8
      vertex 37.5566 16.8622 2.38009
    endloop
  endfacet
  facet normal -0.953545 -0.301251 0
    outer loop
      vertex 37.5566 16.8622 2.38009
      vertex 37.605 16.709 1.8
      vertex 37.605 16.709 2.39951
    endloop
  endfacet
  facet normal -0.922111 0.386925 0
    outer loop
      vertex 37.483 17.095 1.8
      vertex 37.59 17.35 2.06353
      vertex 37.59 17.35 1.8
    endloop
  endfacet
  facet normal -0.922172 0.386781 0.000164194
    outer loop
      vertex 37.59 17.35 2.06353
      vertex 37.483 17.095 1.8
      vertex 37.5568 17.2708 2.16669
    endloop
  endfacet
  facet normal -0.922 0.387189 -6.61759e-05
    outer loop
      vertex 37.5568 17.2708 2.16669
      vertex 37.483 17.095 1.8
      vertex 37.54 17.2308 2.19738
    endloop
  endfacet
  facet normal -0.922108 0.386932 3.71726e-05
    outer loop
      vertex 37.54 17.2308 2.19738
      vertex 37.483 17.095 1.8
      vertex 37.4873 17.1052 2.29382
    endloop
  endfacet
  facet normal -0.921465 0.388461 0
    outer loop
      vertex 37.4873 17.1052 2.29382
      vertex 37.483 17.095 1.8
      vertex 37.483 17.095 2.29803
    endloop
  endfacet
  facet normal -0.605967 0.79549 -3.79931e-05
    outer loop
      vertex 37.59 17.35 1.8
      vertex 37.653 17.398 2.001
      vertex 37.7323 17.4584 1.85519
    endloop
  endfacet
  facet normal -0.606449 0.795122 0.000201168
    outer loop
      vertex 37.653 17.398 2.001
      vertex 37.59 17.35 1.8
      vertex 37.6125 17.3671 2.04118
    endloop
  endfacet
  facet normal -0.605971 0.795487 -1.86116e-05
    outer loop
      vertex 37.59 17.35 1.8
      vertex 37.7323 17.4584 1.85519
      vertex 37.7579 17.4779 1.80805
    endloop
  endfacet
  facet normal -0.606068 0.795406 0.00328582
    outer loop
      vertex 37.59 17.35 1.8
      vertex 37.7579 17.4779 1.80805
      vertex 37.7593 17.479 1.8
    endloop
  endfacet
  facet normal -0.605083 0.796162 0
    outer loop
      vertex 37.6125 17.3671 2.04118
      vertex 37.59 17.35 1.8
      vertex 37.59 17.35 2.06353
    endloop
  endfacet
  facet normal 0.999918 0.0126679 0.00173102
    outer loop
      vertex 31.3058 17.466 1.83664
      vertex 31.3057 17.4789 1.8
      vertex 31.3057 17.4778 1.80805
    endloop
  endfacet
  facet normal 0.99999 0.0045541 6.16766e-05
    outer loop
      vertex 31.307 17.203 1.8
      vertex 31.3058 17.466 1.83664
      vertex 31.3061 17.3979 2.001
    endloop
  endfacet
  facet normal 0.999988 0.00492719 -0.000300104
    outer loop
      vertex 31.307 17.203 1.8
      vertex 31.3061 17.3979 2.001
      vertex 31.3062 17.3791 2.02555
    endloop
  endfacet
  facet normal 0.99999 0.00457947 -2.86107e-05
    outer loop
      vertex 31.307 17.203 1.8
      vertex 31.3062 17.3791 2.02555
      vertex 31.3067 17.2708 2.16669
    endloop
  endfacet
  facet normal 0.999992 0.00410961 5.82675e-05
    outer loop
      vertex 31.307 17.203 1.8
      vertex 31.3067 17.2708 2.16669
      vertex 31.3068 17.2462 2.18552
    endloop
  endfacet
  facet normal 0.999989 0.00462958 -0
    outer loop
      vertex 31.307 17.203 1.8
      vertex 31.3068 17.2462 2.18552
      vertex 31.307 17.203 2.21869
    endloop
  endfacet
  facet normal 0.999988 0.0047118 -0.00107032
    outer loop
      vertex 31.3058 17.466 1.83664
      vertex 31.307 17.203 1.8
      vertex 31.3057 17.4789 1.8
    endloop
  endfacet
  facet normal 0.988189 0.153178 -0.00426998
    outer loop
      vertex 31.327 17.0764 2.30568
      vertex 31.307 17.203 2.21869
      vertex 31.3225 17.1051 2.29382
    endloop
  endfacet
  facet normal 0.98775 0.156043 0
    outer loop
      vertex 31.307 17.203 2.21869
      vertex 31.327 17.0764 2.30568
      vertex 31.307 17.203 1.8
    endloop
  endfacet
  facet normal 0.987702 0.156348 0.000114318
    outer loop
      vertex 31.383 16.723 1.8
      vertex 31.327 17.0764 2.30568
      vertex 31.353 16.9121 2.37374
    endloop
  endfacet
  facet normal 0.987583 0.157098 -0.000138933
    outer loop
      vertex 31.383 16.723 1.8
      vertex 31.353 16.9121 2.37374
      vertex 31.3579 16.8813 2.37765
    endloop
  endfacet
  facet normal 0.987662 0.156603 -0
    outer loop
      vertex 31.383 16.723 1.8
      vertex 31.3579 16.8813 2.37765
      vertex 31.383 16.723 2.39773
    endloop
  endfacet
  facet normal 0.987696 0.156385 8.78942e-05
    outer loop
      vertex 31.327 17.0764 2.30568
      vertex 31.383 16.723 1.8
      vertex 31.307 17.203 1.8
    endloop
  endfacet
  facet normal 0.955894 0.293711 0
    outer loop
      vertex 31.3885 16.7051 2.4
      vertex 31.383 16.723 1.8
      vertex 31.383 16.723 2.39773
    endloop
  endfacet
  facet normal 0.95632 0.29232 -0
    outer loop
      vertex 31.527 16.252 1.8
      vertex 31.3885 16.7051 2.4
      vertex 31.527 16.252 2.4
    endloop
  endfacet
  facet normal 0.956304 0.292373 -4.3653e-05
    outer loop
      vertex 31.3885 16.7051 2.4
      vertex 31.527 16.252 1.8
      vertex 31.383 16.723 1.8
    endloop
  endfacet
  facet normal 0.896075 0.443902 0
    outer loop
      vertex 31.688 15.927 2.4
      vertex 31.527 16.252 1.8
      vertex 31.527 16.252 2.4
    endloop
  endfacet
  facet normal 0.896075 0.443902 0
    outer loop
      vertex 31.527 16.252 1.8
      vertex 31.688 15.927 2.4
      vertex 31.688 15.927 1.8
    endloop
  endfacet
  facet normal 0.82495 0.565205 0
    outer loop
      vertex 31.96 15.53 2.4
      vertex 31.688 15.927 1.8
      vertex 31.688 15.927 2.4
    endloop
  endfacet
  facet normal 0.82495 0.565205 0
    outer loop
      vertex 31.688 15.927 1.8
      vertex 31.96 15.53 2.4
      vertex 31.96 15.53 1.8
    endloop
  endfacet
  facet normal 0.709348 0.704858 0
    outer loop
      vertex 32.431 15.056 2.4
      vertex 31.96 15.53 1.8
      vertex 31.96 15.53 2.4
    endloop
  endfacet
  facet normal 0.709348 0.704858 0
    outer loop
      vertex 31.96 15.53 1.8
      vertex 32.431 15.056 2.4
      vertex 32.431 15.056 1.8
    endloop
  endfacet
  facet normal 0.628697 0.77765 -0
    outer loop
      vertex 32.833 14.731 1.8
      vertex 32.431 15.056 2.4
      vertex 32.833 14.731 2.4
    endloop
  endfacet
  facet normal 0.628697 0.77765 0
    outer loop
      vertex 32.431 15.056 2.4
      vertex 32.833 14.731 1.8
      vertex 32.431 15.056 1.8
    endloop
  endfacet
  facet normal 0.525279 0.85093 -0
    outer loop
      vertex 33.596 14.26 1.8
      vertex 32.833 14.731 2.4
      vertex 33.596 14.26 2.4
    endloop
  endfacet
  facet normal 0.525279 0.85093 0
    outer loop
      vertex 32.833 14.731 2.4
      vertex 33.596 14.26 1.8
      vertex 32.833 14.731 1.8
    endloop
  endfacet
  facet normal 0.356463 0.934309 -0
    outer loop
      vertex 34.094 14.07 1.8
      vertex 33.596 14.26 2.4
      vertex 34.094 14.07 2.4
    endloop
  endfacet
  facet normal 0.356463 0.934309 0
    outer loop
      vertex 33.596 14.26 2.4
      vertex 34.094 14.07 1.8
      vertex 33.596 14.26 1.8
    endloop
  endfacet
  facet normal 0.241483 0.970405 -0
    outer loop
      vertex 34.528 13.962 1.8
      vertex 34.094 14.07 2.4
      vertex 34.528 13.962 2.4
    endloop
  endfacet
  facet normal 0.241483 0.970405 0
    outer loop
      vertex 34.094 14.07 2.4
      vertex 34.528 13.962 1.8
      vertex 34.094 14.07 1.8
    endloop
  endfacet
  facet normal 0.0549627 0.998488 -0
    outer loop
      vertex 35.291 13.92 1.8
      vertex 34.528 13.962 2.4
      vertex 35.291 13.92 2.4
    endloop
  endfacet
  facet normal 0.0549627 0.998488 0
    outer loop
      vertex 34.528 13.962 2.4
      vertex 35.291 13.92 1.8
      vertex 34.528 13.962 1.8
    endloop
  endfacet
  facet normal -0.0886427 0.996063 0
    outer loop
      vertex 36.572 14.034 1.8
      vertex 35.291 13.92 2.4
      vertex 36.572 14.034 2.4
    endloop
  endfacet
  facet normal -0.0886427 0.996063 0
    outer loop
      vertex 35.291 13.92 2.4
      vertex 36.572 14.034 1.8
      vertex 35.291 13.92 1.8
    endloop
  endfacet
  facet normal 0.241538 0.970391 -0
    outer loop
      vertex 36.801 13.977 1.8
      vertex 36.572 14.034 2.4
      vertex 36.801 13.977 2.4
    endloop
  endfacet
  facet normal 0.241538 0.970391 0
    outer loop
      vertex 36.572 14.034 2.4
      vertex 36.801 13.977 1.8
      vertex 36.572 14.034 1.8
    endloop
  endfacet
  facet normal 0.743819 0.668381 0
    outer loop
      vertex 37.244 13.484 2.4
      vertex 36.801 13.977 1.8
      vertex 36.801 13.977 2.4
    endloop
  endfacet
  facet normal 0.743819 0.668381 0
    outer loop
      vertex 36.801 13.977 1.8
      vertex 37.244 13.484 2.4
      vertex 37.244 13.484 1.8
    endloop
  endfacet
  facet normal 0.465962 0.884805 -0
    outer loop
      vertex 37.582 13.306 1.8
      vertex 37.244 13.484 2.4
      vertex 37.582 13.306 2.4
    endloop
  endfacet
  facet normal 0.465962 0.884805 0
    outer loop
      vertex 37.244 13.484 2.4
      vertex 37.582 13.306 1.8
      vertex 37.244 13.484 1.8
    endloop
  endfacet
  facet normal 0.133475 0.991052 -0
    outer loop
      vertex 37.879 13.266 1.8
      vertex 37.582 13.306 2.4
      vertex 37.879 13.266 2.4
    endloop
  endfacet
  facet normal 0.133475 0.991052 0
    outer loop
      vertex 37.582 13.306 2.4
      vertex 37.879 13.266 1.8
      vertex 37.582 13.306 1.8
    endloop
  endfacet
  facet normal -0.324651 0.945834 0
    outer loop
      vertex 38.249 13.393 1.8
      vertex 37.879 13.266 2.4
      vertex 38.249 13.393 2.4
    endloop
  endfacet
  facet normal -0.324651 0.945834 0
    outer loop
      vertex 37.879 13.266 2.4
      vertex 38.249 13.393 1.8
      vertex 37.879 13.266 1.8
    endloop
  endfacet
  facet normal 1 0 0
    outer loop
      vertex 42.9 -8.5 0.4
      vertex 42.9 -17.1052 0
      vertex 42.9 -8.5 0
    endloop
  endfacet
  facet normal 1 0 0
    outer loop
      vertex 42.9 -8.5 0.4
      vertex 42.9 -17.1366 0.0313797
      vertex 42.9 -17.1052 0
    endloop
  endfacet
  facet normal 1 0 -0
    outer loop
      vertex 42.9 -17.1366 0.0313797
      vertex 42.9 -8.5 0.4
      vertex 42.9 -17.5052 0.4
    endloop
  endfacet
  facet normal 0 0 -1
    outer loop
      vertex 42.9 -17.5052 0.4
      vertex 43.9 -8.5 0.4
      vertex 43.9 -17.5052 0.4
    endloop
  endfacet
  facet normal -0 0 -1
    outer loop
      vertex 43.9 -8.5 0.4
      vertex 42.9 -17.5052 0.4
      vertex 42.9 -8.5 0.4
    endloop
  endfacet
  facet normal 0 -1 0
    outer loop
      vertex 42.9 -8.5 0
      vertex 43.9 -8.5 0.4
      vertex 42.9 -8.5 0.4
    endloop
  endfacet
  facet normal 0 -1 -0
    outer loop
      vertex 43.9 -8.5 0.4
      vertex 42.9 -8.5 0
      vertex 43.9 -8.5 0
    endloop
  endfacet
  facet normal -1 0 0
    outer loop
      vertex 43.9 -17.1052 0
      vertex 43.9 -8.5 0.4
      vertex 43.9 -8.5 0
    endloop
  endfacet
  facet normal -1 0 0
    outer loop
      vertex 43.9 -17.1414 0.0361379
      vertex 43.9 -8.5 0.4
      vertex 43.9 -17.1052 0
    endloop
  endfacet
  facet normal -1 -0 0
    outer loop
      vertex 43.9 -8.5 0.4
      vertex 43.9 -17.1414 0.0361379
      vertex 43.9 -17.5052 0.4
    endloop
  endfacet
endsolid OpenSCAD_Model
