solid OpenSCAD_Model
  facet normal 0.576468 0.1957 0.793339
    outer loop
      vertex 83.5702 14.944 2.16669
      vertex 83.4168 14.8805 2.29382
      vertex 83.7285 14.4777 2.16669
    endloop
  endfacet
  facet normal 0.137871 0.693545 -0.707098
    outer loop
      vertex 81.1269 17.3669 0.4
      vertex 80.5614 17.0715 0
      vertex 80.6138 17.4689 0.4
    endloop
  endfacet
  facet normal 0.392974 -0.587884 -0.707082
    outer loop
      vertex 82.5272 -16.6784 0.4
      vertex 81.8917 -16.6221 0
      vertex 82.2832 -16.3604 0
    endloop
  endfacet
  facet normal 0.597082 0.118774 0.793338
    outer loop
      vertex 83.7285 14.4777 2.16669
      vertex 83.66 13.9729 2.29382
      vertex 83.8246 13.9946 2.16669
    endloop
  endfacet
  facet normal 0.693429 0.137995 -0.707187
    outer loop
      vertex 83.66 13.9729 0
      vertex 83.5681 14.4347 0
      vertex 83.9554 14.5384 0.4
    endloop
  endfacet
  facet normal 0.824402 -0.550683 0.130803
    outer loop
      vertex 83.5324 -15.4911 1.80805
      vertex 83.2437 -15.9233 1.80805
      vertex 83.5561 -15.5048 1.601
    endloop
  endfacet
  facet normal -0.362354 -0.123008 0.923888
    outer loop
      vertex 0.853485 -14.8047 2.37374
      vertex 0.523499 -14.4329 2.29382
      vertex 0.674835 -14.8787 2.29382
    endloop
  endfacet
  facet normal 0.980808 0.194976 0
    outer loop
      vertex 84.0574 14.0253 1.601
      vertex 83.9554 14.5384 0.4
      vertex 83.9554 14.5384 1.601
    endloop
  endfacet
  facet normal 0.980808 0.194976 0
    outer loop
      vertex 83.9554 14.5384 0.4
      vertex 84.0574 14.0253 1.601
      vertex 84.0574 14.0253 0.4
    endloop
  endfacet
  facet normal 0.0519968 -0.791714 0.608675
    outer loop
      vertex 80.5838 -17.2383 2.16669
      vertex 80.0887 -17.3982 2.001
      vertex 80.6003 -17.3646 2.001
    endloop
  endfacet
  facet normal 0.778156 -0.154603 0.608745
    outer loop
      vertex 83.951 -14.0129 2.001
      vertex 83.8247 -13.9962 2.16669
      vertex 83.8518 -14.5122 2.001
    endloop
  endfacet
  facet normal 0.972405 0.193306 0.130616
    outer loop
      vertex 83.9554 14.5384 1.601
      vertex 83.929 14.5313 1.80805
      vertex 84.0574 14.0253 1.601
    endloop
  endfacet
  facet normal 0.705627 -0.0462322 -0.707074
    outer loop
      vertex 84.0575 -14.0268 0.4
      vertex 83.6601 -13.9746 0
      vertex 83.6917 -13.4923 0
    endloop
  endfacet
  facet normal 0.0463081 -0.705578 -0.707118
    outer loop
      vertex 80.0923 -17.5054 0.4
      vertex 80.079 -17.1054 0
      vertex 80.562 -17.0737 0
    endloop
  endfacet
  facet normal 0.312702 -0.634114 -0.707189
    outer loop
      vertex 81.623 -17.2007 0.4
      vertex 81.4695 -16.8303 0
      vertex 81.8917 -16.6221 0
    endloop
  endfacet
  facet normal -0.123015 -0.362443 0.923852
    outer loop
      vertex 2.69666 -16.6479 2.37374
      vertex 2.62267 -16.8265 2.29382
      vertex 3.06845 -16.9778 2.29382
    endloop
  endfacet
  facet normal -0.0250827 -0.381925 0.923853
    outer loop
      vertex 4.01837 -16.9084 2.37374
      vertex 3.55548 -16.878 2.37374
      vertex 4.01195 -17.1013 2.29382
    endloop
  endfacet
  facet normal 0.938851 -0.318545 0.130721
    outer loop
      vertex 83.9291 -14.5329 1.80805
      vertex 83.7621 -15.0251 1.80805
      vertex 83.7874 -15.0355 1.601
    endloop
  endfacet
  facet normal -0.693517 -0.137955 -0.707108
    outer loop
      vertex 0.136292 -14.5366 0.4
      vertex 0.0342255 -14.0235 0.4
      vertex 0.431641 -13.9711 0
    endloop
  endfacet
  facet normal -0.000156917 -0.707107 -0.707107
    outer loop
      vertex 31.0381 -17.1086 0
      vertex 15.2661 -17.5051 0.4
      vertex 15.2662 -17.1051 0
    endloop
  endfacet
  facet normal -0.8245 0.550575 0.130638
    outer loop
      vertex 0.835416 15.9024 1.8
      vertex 0.535309 15.5002 1.601
      vertex 0.558025 15.487 1.8
    endloop
  endfacet
  facet normal 0.38177 0.0250613 0.923918
    outer loop
      vertex 83.66 13.9729 2.29382
      vertex 83.4987 13.4837 2.37374
      vertex 83.6917 13.49 2.29382
    endloop
  endfacet
  facet normal 0.693545 0.137871 -0.707098
    outer loop
      vertex 84.0574 14.0253 0.4
      vertex 83.66 13.9729 0
      vertex 83.9554 14.5384 0.4
    endloop
  endfacet
  facet normal 0.609031 0.694513 0.383057
    outer loop
      vertex 82.9008 16.3123 1.80805
      vertex 82.51 16.655 1.80805
      vertex 82.8441 16.2556 2.001
    endloop
  endfacet
  facet normal -1.80642e-05 0.707107 -0.707107
    outer loop
      vertex 17.7826 17.1052 0
      vertex 17.7825 17.5052 0.4
      vertex 41.2691 17.1058 0
    endloop
  endfacet
  facet normal 0.669607 -0.227156 -0.707126
    outer loop
      vertex 83.9555 -14.54 0.4
      vertex 83.417 -14.8822 0
      vertex 83.5683 -14.4362 0
    endloop
  endfacet
  facet normal 0.382589 0 0.923919
    outer loop
      vertex 83.4987 13.4837 2.37374
      vertex 83.6917 -13.4923 2.29382
      vertex 83.6917 13.49 2.29382
    endloop
  endfacet
  facet normal 0.382589 0 0.923919
    outer loop
      vertex 83.6917 -13.4923 2.29382
      vertex 83.4987 13.4837 2.37374
      vertex 83.4987 -13.486 2.37374
    endloop
  endfacet
  facet normal -0.000156917 -0.707107 -0.707107
    outer loop
      vertex 31.038 -17.5086 0.4
      vertex 15.2661 -17.5051 0.4
      vertex 31.0381 -17.1086 0
    endloop
  endfacet
  facet normal 0.596511 -0.522914 0.60888
    outer loop
      vertex 83.0792 -15.7969 2.16669
      vertex 82.7545 -16.1673 2.16669
      vertex 83.1803 -15.8745 2.001
    endloop
  endfacet
  facet normal 0 -0.923918 0.382591
    outer loop
      vertex 31.038 -17.4814 1.80805
      vertex 59.5102 -17.4015 2.001
      vertex 31.038 -17.4015 2.001
    endloop
  endfacet
  facet normal 0 -0.923918 0.382591
    outer loop
      vertex 59.5102 -17.4015 2.001
      vertex 31.038 -17.4814 1.80805
      vertex 59.5103 -17.4814 1.80805
    endloop
  endfacet
  facet normal 0.923918 -0 0.382591
    outer loop
      vertex 83.9845 -13.5019 2.001
      vertex 84.0644 13.5021 1.80805
      vertex 83.9845 13.4996 2.001
    endloop
  endfacet
  facet normal 0.923918 0 0.382591
    outer loop
      vertex 84.0644 13.5021 1.80805
      vertex 83.9845 -13.5019 2.001
      vertex 84.0644 -13.5043 1.80805
    endloop
  endfacet
  facet normal 0.587985 -0.392791 -0.707099
    outer loop
      vertex 83.2654 -15.9399 0.4
      vertex 82.9473 -15.696 0
      vertex 83.2089 -15.3044 0
    endloop
  endfacet
  facet normal -0.82858 -0.408631 0.382722
    outer loop
      vertex 0.628967 -15.4477 2.001
      vertex 0.403687 -14.9909 2.001
      vertex 0.55957 -15.4877 1.80805
    endloop
  endfacet
  facet normal 0.0747573 -0.375168 0.923937
    outer loop
      vertex 81.0237 -16.9817 2.29382
      vertex 80.5368 -16.8819 2.37374
      vertex 80.562 -17.0737 2.29382
    endloop
  endfacet
  facet normal 0.119146 0.0404403 0.992053
    outer loop
      vertex 83.2382 14.8065 2.37374
      vertex 83.0465 14.7271 2.4
      vertex 83.3814 14.3846 2.37374
    endloop
  endfacet
  facet normal 0.751937 -0.659235 0
    outer loop
      vertex 82.9205 -16.3333 1.601
      vertex 83.2654 -15.9399 0.4
      vertex 83.2654 -15.9399 1.601
    endloop
  endfacet
  facet normal 0.751937 -0.659235 0
    outer loop
      vertex 83.2654 -15.9399 0.4
      vertex 82.9205 -16.3333 1.601
      vertex 82.9205 -16.3333 0.4
    endloop
  endfacet
  facet normal 0.705685 -0.0461524 -0.707021
    outer loop
      vertex 84.0575 -14.0268 0.4
      vertex 83.6917 -13.4923 0
      vertex 84.0916 -13.5054 0.4
    endloop
  endfacet
  facet normal 0.874872 0.296948 0.38265
    outer loop
      vertex 83.929 14.5313 1.80805
      vertex 83.688 14.9927 2.001
      vertex 83.8516 14.5107 2.001
    endloop
  endfacet
  facet normal -0.555459 -0.831544 0
    outer loop
      vertex 1.56496 -16.6748 0.4
      vertex 2 -16.9654 1.601
      vertex 1.56496 -16.6748 1.601
    endloop
  endfacet
  facet normal -0.555459 -0.831544 -0
    outer loop
      vertex 2 -16.9654 1.601
      vertex 1.56496 -16.6748 0.4
      vertex 2 -16.9654 0.4
    endloop
  endfacet
  facet normal 0.442314 0.89686 -0
    outer loop
      vertex 82.0916 16.9673 0.4
      vertex 81.6224 17.1987 1.601
      vertex 82.0916 16.9673 1.601
    endloop
  endfacet
  facet normal 0.442314 0.89686 0
    outer loop
      vertex 81.6224 17.1987 1.601
      vertex 82.0916 16.9673 0.4
      vertex 81.6224 17.1987 0.4
    endloop
  endfacet
  facet normal -0.550901 -0.824348 0.130226
    outer loop
      vertex 2.01363 -16.9418 1.80805
      vertex 1.58163 -16.6531 1.80805
      vertex 2 -16.9654 1.601
    endloop
  endfacet
  facet normal 0.0463555 -0.705603 -0.707089
    outer loop
      vertex 80.6144 -17.4711 0.4
      vertex 80.0923 -17.5054 0.4
      vertex 80.562 -17.0737 0
    endloop
  endfacet
  facet normal 0.0556706 -0.112846 0.992052
    outer loop
      vertex 81.6911 -16.275 2.4
      vertex 81.3161 -16.46 2.4
      vertex 81.795 -16.4546 2.37374
    endloop
  endfacet
  facet normal 0.408629 0.828638 0.382597
    outer loop
      vertex 81.612 17.1734 1.80805
      vertex 81.5812 17.0995 2.001
      vertex 82.078 16.9436 1.80805
    endloop
  endfacet
  facet normal -0.312841 -0.634155 -0.707091
    outer loop
      vertex 2.46927 -17.1969 0.4
      vertex 2 -16.9654 0.4
      vertex 2.20049 -16.6183 0
    endloop
  endfacet
  facet normal 0.000296095 0.608713 0.793391
    outer loop
      vertex 74.9463 17.2713 2.16669
      vertex 74.9462 17.1056 2.29382
      vertex 80.0858 17.2688 2.16669
    endloop
  endfacet
  facet normal 0.000462301 0.991481 0.13025
    outer loop
      vertex 74.9464 17.5056 1.601
      vertex 74.9464 17.4784 1.80805
      vertex 80.0936 17.5032 1.601
    endloop
  endfacet
  facet normal 0.457655 0.401402 0.793365
    outer loop
      vertex 83.0788 15.7952 2.16669
      vertex 82.6366 16.0481 2.29382
      vertex 82.947 15.6942 2.29382
    endloop
  endfacet
  facet normal -0 0 -1
    outer loop
      vertex 40.3553 17.4796 1.8
      vertex 37.76 17.4795 1.8
      vertex 39.9203 17.4796 1.8
    endloop
  endfacet
  facet normal 0 0 1
    outer loop
      vertex 40.3553 17.4796 1.8
      vertex 31.3057 17.4793 1.8
      vertex 37.76 17.4795 1.8
    endloop
  endfacet
  facet normal 0 0 1
    outer loop
      vertex 40.3553 17.4796 1.8
      vertex 29.7254 17.4793 1.8
      vertex 31.3057 17.4793 1.8
    endloop
  endfacet
  facet normal -2.79801e-05 0.99142 0.130713
    outer loop
      vertex 17.7825 17.5052 1.601
      vertex 29.7254 17.4793 1.8
      vertex 40.3553 17.4796 1.8
    endloop
  endfacet
  facet normal -2.49046e-05 0.991444 0.130532
    outer loop
      vertex 29.7254 17.4793 1.8
      vertex 17.7825 17.5052 1.601
      vertex 17.7825 17.479 1.8
    endloop
  endfacet
  facet normal -4.58637e-05 0.990793 0.135387
    outer loop
      vertex 37.76 17.4795 1.8
      vertex 39.9201 17.4785 1.80805
      vertex 39.9203 17.4796 1.8
    endloop
  endfacet
  facet normal -4.58382e-05 0.990794 0.13538
    outer loop
      vertex 39.9201 17.4785 1.80805
      vertex 37.76 17.4795 1.8
      vertex 37.7586 17.4784 1.80805
    endloop
  endfacet
  facet normal -6.28124e-05 0.992372 0.123276
    outer loop
      vertex 31.3057 17.4793 1.8
      vertex 29.7258 17.4782 1.80805
      vertex 31.3057 17.4783 1.80805
    endloop
  endfacet
  facet normal 0 0.990793 0.135388
    outer loop
      vertex 29.7258 17.4782 1.80805
      vertex 31.3057 17.4793 1.8
      vertex 29.7254 17.4793 1.8
    endloop
  endfacet
  facet normal 0.607632 -0.0397448 0.793223
    outer loop
      vertex 83.8573 -13.4978 2.16669
      vertex 83.6917 -13.4923 2.29382
      vertex 83.8247 -13.9962 2.16669
    endloop
  endfacet
  facet normal 0.125522 -0.00820918 0.992057
    outer loop
      vertex 83.4987 -13.486 2.37374
      vertex 83.2916 -13.4792 2.4
      vertex 83.4684 -13.9493 2.37374
    endloop
  endfacet
  facet normal 0.125791 0 0.992057
    outer loop
      vertex 83.2916 13.4769 2.4
      vertex 83.4987 -13.486 2.37374
      vertex 83.4987 13.4837 2.37374
    endloop
  endfacet
  facet normal 0.125791 0 0.992057
    outer loop
      vertex 83.4987 -13.486 2.37374
      vertex 83.2916 13.4769 2.4
      vertex 83.2916 -13.4792 2.4
    endloop
  endfacet
  facet normal -0.000210267 0.707103 -0.70711
    outer loop
      vertex 4.01216 17.1012 0
      vertex 3.99881 17.5012 0.4
      vertex 17.1274 17.1051 0
    endloop
  endfacet
  facet normal 0.906181 -0.180134 0.382608
    outer loop
      vertex 83.951 -14.0129 2.001
      vertex 83.9291 -14.5329 1.80805
      vertex 84.0304 -14.0233 1.80805
    endloop
  endfacet
  facet normal 0.659647 -0.440624 0.608865
    outer loop
      vertex 83.3526 -15.3876 2.16669
      vertex 83.0792 -15.7969 2.16669
      vertex 83.1803 -15.8745 2.001
    endloop
  endfacet
  facet normal 0.297148 -0.874754 0.382764
    outer loop
      vertex 81.5819 -17.1014 2.001
      vertex 81.0997 -17.2652 2.001
      vertex 81.6126 -17.1754 1.80805
    endloop
  endfacet
  facet normal 0.980815 -0.19494 0
    outer loop
      vertex 83.9555 -14.54 1.601
      vertex 84.0575 -14.0268 0.4
      vertex 84.0575 -14.0268 1.601
    endloop
  endfacet
  facet normal 0.980815 -0.19494 0
    outer loop
      vertex 84.0575 -14.0268 0.4
      vertex 83.9555 -14.54 1.601
      vertex 83.9555 -14.54 0.4
    endloop
  endfacet
  facet normal 0.318216 -0.212578 0.923877
    outer loop
      vertex 83.0414 -15.2078 2.37374
      vertex 82.9473 -15.696 2.29382
      vertex 83.2089 -15.3044 2.29382
    endloop
  endfacet
  facet normal 0.555758 -0.831344 0
    outer loop
      vertex 82.0922 -16.9692 0.4
      vertex 82.5272 -16.6784 1.601
      vertex 82.0922 -16.9692 1.601
    endloop
  endfacet
  facet normal 0.555758 -0.831344 0
    outer loop
      vertex 82.5272 -16.6784 1.601
      vertex 82.0922 -16.9692 0.4
      vertex 82.5272 -16.6784 0.4
    endloop
  endfacet
  facet normal -0.0464487 0.705568 -0.707118
    outer loop
      vertex 4.01216 17.1012 0
      vertex 3.52911 17.0694 0
      vertex 3.99881 17.5012 0.4
    endloop
  endfacet
  facet normal 0.669609 -0.227167 -0.70712
    outer loop
      vertex 83.7874 -15.0355 0.4
      vertex 83.417 -14.8822 0
      vertex 83.9555 -14.54 0.4
    endloop
  endfacet
  facet normal -0.392772 -0.587996 -0.7071
    outer loop
      vertex 2 -16.9654 0.4
      vertex 1.56496 -16.6748 0.4
      vertex 2.20049 -16.6183 0
    endloop
  endfacet
  facet normal -0.693577 0.137745 -0.70709
    outer loop
      vertex 0.431519 13.97 0
      vertex 0.0340729 14.0221 0.4
      vertex 0.523193 14.4316 0
    endloop
  endfacet
  facet normal 0.555538 0.831491 -0
    outer loop
      vertex 82.5267 16.6766 0.4
      vertex 82.0916 16.9673 1.601
      vertex 82.5267 16.6766 1.601
    endloop
  endfacet
  facet normal 0.555538 0.831491 0
    outer loop
      vertex 82.0916 16.9673 1.601
      vertex 82.5267 16.6766 0.4
      vertex 82.0916 16.9673 0.4
    endloop
  endfacet
  facet normal -0.227288 -0.6695 -0.707185
    outer loop
      vertex 2.96472 -17.3651 0.4
      vertex 2.46927 -17.1969 0.4
      vertex 3.06845 -16.9778 0
    endloop
  endfacet
  facet normal -0.0519902 -0.791507 0.608944
    outer loop
      vertex 4.00639 -17.267 2.16669
      vertex 3.50856 -17.2343 2.16669
      vertex 4.00223 -17.3942 2.001
    endloop
  endfacet
  facet normal 0.138133 -0.693502 -0.707089
    outer loop
      vertex 80.6144 -17.4711 0.4
      vertex 80.562 -17.0737 0
      vertex 81.1275 -17.3689 0.4
    endloop
  endfacet
  facet normal 0.0655549 -0.997849 0
    outer loop
      vertex 80.0923 -17.5054 0.4
      vertex 80.6144 -17.4711 1.601
      vertex 80.0923 -17.5054 1.601
    endloop
  endfacet
  facet normal 0.0655549 -0.997849 0
    outer loop
      vertex 80.6144 -17.4711 1.601
      vertex 80.0923 -17.5054 0.4
      vertex 80.6144 -17.4711 0.4
    endloop
  endfacet
  facet normal 0.195748 -0.57637 0.793398
    outer loop
      vertex 81.4695 -16.8303 2.29382
      vertex 81.0667 -17.1421 2.16669
      vertex 81.5331 -16.9837 2.16669
    endloop
  endfacet
  facet normal 0.711662 -0.350843 0.608643
    outer loop
      vertex 83.6881 -14.9945 2.001
      vertex 83.3526 -15.3876 2.16669
      vertex 83.463 -15.4511 2.001
    endloop
  endfacet
  facet normal 0.707195 0 -0.707018
    outer loop
      vertex 84.0916 13.5032 0.4
      vertex 83.6917 -13.4923 0
      vertex 83.6917 13.49 0
    endloop
  endfacet
  facet normal 0.707195 0 -0.707018
    outer loop
      vertex 83.6917 -13.4923 0
      vertex 84.0916 13.5032 0.4
      vertex 84.0916 -13.5054 0.4
    endloop
  endfacet
  facet normal -0.194951 -0.980813 0
    outer loop
      vertex 2.96472 -17.3651 0.4
      vertex 3.47789 -17.4671 1.601
      vertex 2.96472 -17.3651 1.601
    endloop
  endfacet
  facet normal -0.194951 -0.980813 -0
    outer loop
      vertex 3.47789 -17.4671 1.601
      vertex 2.96472 -17.3651 0.4
      vertex 3.47789 -17.4671 0.4
    endloop
  endfacet
  facet normal 0.705671 0.0463238 -0.707023
    outer loop
      vertex 83.6917 13.49 0
      vertex 83.66 13.9729 0
      vertex 84.0916 13.5032 0.4
    endloop
  endfacet
  facet normal -0.824397 -0.55076 0.130513
    outer loop
      vertex 0.848206 -15.9197 1.80805
      vertex 0.535904 -15.5013 1.601
      vertex 0.826584 -15.9364 1.601
    endloop
  endfacet
  facet normal -0.607445 -0.0398091 0.793364
    outer loop
      vertex 0.399994 -13.4882 2.29382
      vertex 0.234314 -13.4937 2.16669
      vertex 0.431641 -13.9711 2.29382
    endloop
  endfacet
  facet normal -0.125542 -0.00822887 0.992054
    outer loop
      vertex 0.800003 -13.4751 2.4
      vertex 0.623352 -13.9459 2.37374
      vertex 0.829086 -13.9188 2.4
    endloop
  endfacet
  facet normal -0.997868 0.0652721 0
    outer loop
      vertex 0 13.5012 0.4
      vertex 0.0340729 14.0221 1.601
      vertex 0.0340729 14.0221 0.4
    endloop
  endfacet
  facet normal -0.997868 0.0652721 0
    outer loop
      vertex 0.0340729 14.0221 1.601
      vertex 0 13.5012 0.4
      vertex 0 13.5012 1.601
    endloop
  endfacet
  facet normal 0.63416 0.312823 -0.707095
    outer loop
      vertex 83.7872 15.0339 0.4
      vertex 83.2086 15.3027 0
      vertex 83.5557 15.5032 0.4
    endloop
  endfacet
  facet normal -0.669645 0.227105 -0.707106
    outer loop
      vertex 0.523193 14.4316 0
      vertex 0.135986 14.5353 0.4
      vertex 0.304031 15.0308 0.4
    endloop
  endfacet
  facet normal -0.000288831 0.923991 0.382413
    outer loop
      vertex 6.46986 17.4596 1.84436
      vertex 4.0024 17.394 2.001
      vertex 6.56166 17.3948 2.001
    endloop
  endfacet
  facet normal -0.00027531 0.923916 0.382594
    outer loop
      vertex 4.0024 17.394 2.001
      vertex 6.46986 17.4596 1.84436
      vertex 3.99991 17.4739 1.80805
    endloop
  endfacet
  facet normal 0.653705 0.745414 0.130489
    outer loop
      vertex 82.5267 16.6766 1.601
      vertex 82.51 16.655 1.80805
      vertex 82.9201 16.3316 1.601
    endloop
  endfacet
  facet normal -0.0245346 -0.123365 0.992058
    outer loop
      vertex 3.1722 -16.5906 2.4
      vertex 3.11853 -16.7911 2.37374
      vertex 3.55548 -16.878 2.37374
    endloop
  endfacet
  facet normal -0.0247241 0.123415 0.992047
    outer loop
      vertex 3.56312 16.8118 2.38215
      vertex 3.51562 16.6588 2.4
      vertex 3.58151 16.672 2.4
    endloop
  endfacet
  facet normal -0.312944 0.634009 -0.707177
    outer loop
      vertex 2.62166 16.8259 0
      vertex 1.99896 16.9647 0.4
      vertex 2.46817 17.1963 0.4
    endloop
  endfacet
  facet normal -0.000239525 0.793496 0.608575
    outer loop
      vertex 6.59006 17.3697 2.03367
      vertex 4.00659 17.2669 2.16669
      vertex 6.65682 17.2677 2.16669
    endloop
  endfacet
  facet normal -0.000233415 0.793439 0.608649
    outer loop
      vertex 4.00659 17.2669 2.16669
      vertex 6.59006 17.3697 2.03367
      vertex 4.0024 17.394 2.001
    endloop
  endfacet
  facet normal 0 -0.991481 0.13025
    outer loop
      vertex 31.038 -17.5086 1.601
      vertex 59.5103 -17.4814 1.80805
      vertex 31.038 -17.4814 1.80805
    endloop
  endfacet
  facet normal 0 -0.991481 0.13025
    outer loop
      vertex 59.5103 -17.4814 1.80805
      vertex 31.038 -17.5086 1.601
      vertex 59.5102 -17.5086 1.601
    endloop
  endfacet
  facet normal 0.312876 -0.634132 -0.707097
    outer loop
      vertex 82.0922 -16.9692 0.4
      vertex 81.623 -17.2007 0.4
      vertex 81.8917 -16.6221 0
    endloop
  endfacet
  facet normal -0.000301641 0.923277 0.384134
    outer loop
      vertex 6.44859 17.4747 1.80805
      vertex 3.99991 17.4739 1.80805
      vertex 6.46986 17.4596 1.84436
    endloop
  endfacet
  facet normal 0.343257 0.169309 0.923856
    outer loop
      vertex 83.4168 14.8805 2.29382
      vertex 83.0411 15.2061 2.37374
      vertex 83.2382 14.8065 2.37374
    endloop
  endfacet
  facet normal 1.51801e-05 0.608713 0.793391
    outer loop
      vertex 74.9463 17.2713 2.16669
      vertex 66.9263 17.1058 2.29382
      vertex 74.9462 17.1056 2.29382
    endloop
  endfacet
  facet normal 0.921946 0.0605381 0.382559
    outer loop
      vertex 84.0644 13.5021 1.80805
      vertex 83.9509 14.0113 2.001
      vertex 83.9845 13.4996 2.001
    endloop
  endfacet
  facet normal 0.531743 -0.466187 -0.70705
    outer loop
      vertex 82.9205 -16.3333 0.4
      vertex 82.637 -16.05 0
      vertex 83.2654 -15.9399 0.4
    endloop
  endfacet
  facet normal 0.65369 0.74544 0.130419
    outer loop
      vertex 82.9201 16.3316 1.601
      vertex 82.51 16.655 1.80805
      vertex 82.9008 16.3123 1.80805
    endloop
  endfacet
  facet normal 0.793211 -0 0.608947
    outer loop
      vertex 83.8573 -13.4978 2.16669
      vertex 83.9845 13.4996 2.001
      vertex 83.8573 13.4955 2.16669
    endloop
  endfacet
  facet normal 0.793211 0 0.608947
    outer loop
      vertex 83.9845 13.4996 2.001
      vertex 83.8573 -13.4978 2.16669
      vertex 83.9845 -13.5019 2.001
    endloop
  endfacet
  facet normal 0.77803 0.154768 0.608865
    outer loop
      vertex 83.8516 14.5107 2.001
      vertex 83.7285 14.4777 2.16669
      vertex 83.8246 13.9946 2.16669
    endloop
  endfacet
  facet normal 0.381876 0.0250195 0.923875
    outer loop
      vertex 83.66 13.9729 2.29382
      vertex 83.4683 13.9477 2.37374
      vertex 83.4987 13.4837 2.37374
    endloop
  endfacet
  facet normal 0.381773 -0.0249681 0.923919
    outer loop
      vertex 83.4987 -13.486 2.37374
      vertex 83.4684 -13.9493 2.37374
      vertex 83.6917 -13.4923 2.29382
    endloop
  endfacet
  facet normal 0.000112855 -0.707446 -0.706767
    outer loop
      vertex 80.079 -17.1054 0
      vertex 61.9 -17.1547 0.0464446
      vertex 61.9 -17.1083 0
    endloop
  endfacet
  facet normal 0.000111056 -0.707105 -0.707109
    outer loop
      vertex 61.9 -17.1547 0.0464446
      vertex 80.079 -17.1054 0
      vertex 80.0923 -17.5054 0.4
    endloop
  endfacet
  facet normal 0.000101776 -0.707242 -0.706972
    outer loop
      vertex 60.9 -17.1354 0.0270103
      vertex 59.5102 -17.1086 0
      vertex 60.9 -17.1084 0
    endloop
  endfacet
  facet normal -0.312897 0.634085 -0.707129
    outer loop
      vertex 2.19954 16.6176 0
      vertex 1.99896 16.9647 0.4
      vertex 2.62166 16.8259 0
    endloop
  endfacet
  facet normal 0.607488 0.0398013 0.793331
    outer loop
      vertex 83.8246 13.9946 2.16669
      vertex 83.66 13.9729 2.29382
      vertex 83.8573 13.4955 2.16669
    endloop
  endfacet
  facet normal 0.597131 -0.118754 0.793305
    outer loop
      vertex 83.6601 -13.9746 2.29382
      vertex 83.5683 -14.4362 2.29382
      vertex 83.8247 -13.9962 2.16669
    endloop
  endfacet
  facet normal 0.889269 -0.438286 0.130791
    outer loop
      vertex 83.7874 -15.0355 1.601
      vertex 83.5324 -15.4911 1.80805
      vertex 83.5561 -15.5048 1.601
    endloop
  endfacet
  facet normal 0.972416 -0.1933 0.130544
    outer loop
      vertex 84.0304 -14.0233 1.80805
      vertex 83.9291 -14.5329 1.80805
      vertex 84.0575 -14.0268 1.601
    endloop
  endfacet
  facet normal 0.906285 -0.180059 0.382395
    outer loop
      vertex 83.951 -14.0129 2.001
      vertex 83.8518 -14.5122 2.001
      vertex 83.9291 -14.5329 1.80805
    endloop
  endfacet
  facet normal 1.76336e-05 0.707107 -0.707107
    outer loop
      vertex 74.9464 17.5056 0.4
      vertex 66.9263 17.1058 0
      vertex 66.9264 17.5058 0.4
    endloop
  endfacet
  facet normal 0.00015415 -0.991481 0.13025
    outer loop
      vertex 59.5103 -17.4814 1.80805
      vertex 59.5102 -17.5086 1.601
      vertex 80.0923 -17.5054 1.601
    endloop
  endfacet
  facet normal -0.745608 0.653443 0.130691
    outer loop
      vertex 1.17073 16.3288 1.601
      vertex 0.860138 15.9346 1.8
      vertex 1.18931 16.3102 1.8
    endloop
  endfacet
  facet normal 0.889262 -0.438334 0.130679
    outer loop
      vertex 83.7621 -15.0251 1.80805
      vertex 83.5324 -15.4911 1.80805
      vertex 83.7874 -15.0355 1.601
    endloop
  endfacet
  facet normal -0.392791 -0.587955 -0.707124
    outer loop
      vertex 2.20049 -16.6183 0
      vertex 1.56496 -16.6748 0.4
      vertex 1.80891 -16.3567 0
    endloop
  endfacet
  facet normal -0.693573 0.137732 -0.707097
    outer loop
      vertex 0.523193 14.4316 0
      vertex 0.0340729 14.0221 0.4
      vertex 0.135986 14.5353 0.4
    endloop
  endfacet
  facet normal -0.653692 -0.74538 0.13075
    outer loop
      vertex 1.58163 -16.6531 1.80805
      vertex 1.17157 -16.3298 1.601
      vertex 1.56496 -16.6748 1.601
    endloop
  endfacet
  facet normal -0.550691 -0.824407 0.13074
    outer loop
      vertex 1.58163 -16.6531 1.80805
      vertex 1.56496 -16.6748 1.601
      vertex 2 -16.9654 1.601
    endloop
  endfacet
  facet normal 0.531577 0.466237 -0.707141
    outer loop
      vertex 82.947 15.6942 0
      vertex 82.6366 16.0481 0
      vertex 83.2651 15.9382 0.4
    endloop
  endfacet
  facet normal 0 -1 0
    outer loop
      vertex 31.038 -17.5086 0.4
      vertex 59.5102 -17.5086 1.601
      vertex 31.038 -17.5086 1.601
    endloop
  endfacet
  facet normal 0 -1 -0
    outer loop
      vertex 59.5102 -17.5086 1.601
      vertex 31.038 -17.5086 0.4
      vertex 59.5102 -17.5086 0.4
    endloop
  endfacet
  facet normal -0.000267697 -0.793208 0.608951
    outer loop
      vertex 4.00639 -17.267 2.16669
      vertex 4.00223 -17.3942 2.001
      vertex 15.2661 -17.2708 2.16669
    endloop
  endfacet
  facet normal -0.0521239 -0.791678 0.608711
    outer loop
      vertex 3.50856 -17.2343 2.16669
      vertex 3.4919 -17.3606 2.001
      vertex 4.00223 -17.3942 2.001
    endloop
  endfacet
  facet normal 0 -0.707107 -0.707107
    outer loop
      vertex 31.0381 -17.1086 0
      vertex 59.5102 -17.5086 0.4
      vertex 31.038 -17.5086 0.4
    endloop
  endfacet
  facet normal 0 -0.707107 -0.707107
    outer loop
      vertex 59.5102 -17.5086 0.4
      vertex 31.0381 -17.1086 0
      vertex 59.5102 -17.1086 0
    endloop
  endfacet
  facet normal 0.154984 -0.777981 0.608872
    outer loop
      vertex 81.0667 -17.1421 2.16669
      vertex 80.5838 -17.2383 2.16669
      vertex 81.0997 -17.2652 2.001
    endloop
  endfacet
  facet normal 0.227372 0.669502 -0.707156
    outer loop
      vertex 81.469 16.8283 0
      vertex 81.0232 16.9797 0
      vertex 81.6224 17.1987 0.4
    endloop
  endfacet
  facet normal 0.531586 0.466185 -0.70717
    outer loop
      vertex 83.2651 15.9382 0.4
      vertex 82.6366 16.0481 0
      vertex 82.9201 16.3316 0.4
    endloop
  endfacet
  facet normal 0.457739 -0.401263 0.793387
    outer loop
      vertex 82.9473 -15.696 2.29382
      vertex 82.7545 -16.1673 2.16669
      vertex 83.0792 -15.7969 2.16669
    endloop
  endfacet
  facet normal 0.252322 -0.28762 0.923909
    outer loop
      vertex 82.5003 -15.9132 2.37374
      vertex 82.1654 -16.207 2.37374
      vertex 82.637 -16.05 2.29382
    endloop
  endfacet
  facet normal 0.0649133 -0.98931 0.130584
    outer loop
      vertex 80.6109 -17.444 1.80805
      vertex 80.0912 -17.4781 1.80805
      vertex 80.6144 -17.4711 1.601
    endloop
  endfacet
  facet normal 0.000148144 -0.923918 0.382592
    outer loop
      vertex 80.0912 -17.4781 1.80805
      vertex 59.5102 -17.4015 2.001
      vertex 59.5103 -17.4814 1.80805
    endloop
  endfacet
  facet normal 0.318682 -0.938804 0.130722
    outer loop
      vertex 81.6126 -17.1754 1.80805
      vertex 81.1275 -17.3689 1.601
      vertex 81.623 -17.2007 1.601
    endloop
  endfacet
  facet normal 0.392986 -0.587857 -0.707097
    outer loop
      vertex 82.0922 -16.9692 0.4
      vertex 81.8917 -16.6221 0
      vertex 82.5272 -16.6784 0.4
    endloop
  endfacet
  facet normal -0.392992 0.587807 -0.707135
    outer loop
      vertex 2.19954 16.6176 0
      vertex 1.80811 16.3559 0
      vertex 1.99896 16.9647 0.4
    endloop
  endfacet
  facet normal 0.392831 0.587895 -0.707151
    outer loop
      vertex 82.2827 16.3585 0
      vertex 81.8912 16.6201 0
      vertex 82.5267 16.6766 0.4
    endloop
  endfacet
  facet normal 0.711599 0.35097 0.608644
    outer loop
      vertex 83.4627 15.4495 2.001
      vertex 83.3524 15.3858 2.16669
      vertex 83.688 14.9927 2.001
    endloop
  endfacet
  facet normal 0.705616 0.0462212 -0.707085
    outer loop
      vertex 84.0916 13.5032 0.4
      vertex 83.66 13.9729 0
      vertex 84.0574 14.0253 0.4
    endloop
  endfacet
  facet normal 1.76338e-05 0.707107 -0.707107
    outer loop
      vertex 74.9462 17.1056 0
      vertex 66.9263 17.1058 0
      vertex 74.9464 17.5056 0.4
    endloop
  endfacet
  facet normal 0.607626 0.0398876 0.793221
    outer loop
      vertex 83.8573 13.4955 2.16669
      vertex 83.66 13.9729 2.29382
      vertex 83.6917 13.49 2.29382
    endloop
  endfacet
  facet normal 0.0250832 -0.381758 0.923922
    outer loop
      vertex 80.5368 -16.8819 2.37374
      vertex 80.0726 -16.9124 2.37374
      vertex 80.079 -17.1054 2.29382
    endloop
  endfacet
  facet normal 0.000458458 0.608467 0.793579
    outer loop
      vertex 6.65682 17.2677 2.16669
      vertex 6.67246 17.234 2.19252
      vertex 6.671 17.246 2.18332
    endloop
  endfacet
  facet normal -0.000183615 0.608279 0.793723
    outer loop
      vertex 6.67246 17.234 2.19252
      vertex 6.65682 17.2677 2.16669
      vertex 4.00659 17.2669 2.16669
    endloop
  endfacet
  facet normal -0.0556602 -0.112845 0.992052
    outer loop
      vertex 2.77605 -16.4562 2.4
      vertex 2.29706 -16.4508 2.37374
      vertex 2.69666 -16.6479 2.37374
    endloop
  endfacet
  facet normal -0.0463385 -0.705606 -0.707088
    outer loop
      vertex 3.99866 -17.5013 0.4
      vertex 3.47789 -17.4671 0.4
      vertex 3.53027 -17.0697 0
    endloop
  endfacet
  facet normal -0.0462886 -0.705579 -0.707117
    outer loop
      vertex 3.99866 -17.5013 0.4
      vertex 3.53027 -17.0697 0
      vertex 4.01195 -17.1013 0
    endloop
  endfacet
  facet normal -0.707112 0 -0.707101
    outer loop
      vertex 0.399994 -13.4882 0
      vertex 0 13.5012 0.4
      vertex 0.399994 13.4879 0
    endloop
  endfacet
  facet normal -0.707112 -0 -0.707101
    outer loop
      vertex 0 13.5012 0.4
      vertex 0.399994 -13.4882 0
      vertex 0 -13.5013 0.4
    endloop
  endfacet
  facet normal -0.831617 0.55535 0
    outer loop
      vertex 0.535309 15.5002 0.4
      vertex 0.825867 15.9353 1.601
      vertex 0.825867 15.9353 0.4
    endloop
  endfacet
  facet normal -0.831617 0.55535 0
    outer loop
      vertex 0.825867 15.9353 1.601
      vertex 0.535309 15.5002 0.4
      vertex 0.535309 15.5002 1.601
    endloop
  endfacet
  facet normal -0.00012931 -0.382754 0.92385
    outer loop
      vertex 4.01837 -16.9084 2.37374
      vertex 4.01195 -17.1013 2.29382
      vertex 15.2663 -16.9122 2.37374
    endloop
  endfacet
  facet normal 0.112843 0.055659 0.992053
    outer loop
      vertex 83.2382 14.8065 2.37374
      vertex 83.0411 15.2061 2.37374
      vertex 83.0465 14.7271 2.4
    endloop
  endfacet
  facet normal 2.30364e-05 0.923748 0.383
    outer loop
      vertex 74.9464 17.4784 1.80805
      vertex 66.9264 17.3986 2.001
      vertex 74.9463 17.3984 2.001
    endloop
  endfacet
  facet normal 0.506121 0.338189 0.793391
    outer loop
      vertex 83.0788 15.7952 2.16669
      vertex 82.947 15.6942 2.29382
      vertex 83.2086 15.3027 2.29382
    endloop
  endfacet
  facet normal 0.51321 0.768215 0.382703
    outer loop
      vertex 82.078 16.9436 1.80805
      vertex 82.038 16.8742 2.001
      vertex 82.51 16.655 1.80805
    endloop
  endfacet
  facet normal 0.12308 0.362411 0.923856
    outer loop
      vertex 81.469 16.8283 2.29382
      vertex 81.0232 16.9797 2.29382
      vertex 81.395 16.6497 2.37374
    endloop
  endfacet
  facet normal -0.659565 0.751648 0
    outer loop
      vertex 1.56401 16.6739 0.4
      vertex 1.17073 16.3288 1.601
      vertex 1.56401 16.6739 1.601
    endloop
  endfacet
  facet normal -0.659565 0.751648 0
    outer loop
      vertex 1.17073 16.3288 1.601
      vertex 1.56401 16.6739 0.4
      vertex 1.17073 16.3288 0.4
    endloop
  endfacet
  facet normal -0.000152126 0.125956 0.992036
    outer loop
      vertex 6.65482 16.909 2.37374
      vertex 6.48646 16.7408 2.39507
      vertex 6.63999 16.857 2.38034
    endloop
  endfacet
  facet normal -3.8186e-05 0.125843 0.99205
    outer loop
      vertex 4.01839 16.9082 2.37374
      vertex 6.48646 16.7408 2.39507
      vertex 6.65482 16.909 2.37374
    endloop
  endfacet
  facet normal -3.77294e-05 0.12585 0.992049
    outer loop
      vertex 6.48646 16.7408 2.39507
      vertex 4.01839 16.9082 2.37374
      vertex 4.02531 16.7012 2.4
    endloop
  endfacet
  facet normal -0.00442876 0.383622 0.92348
    outer loop
      vertex 6.69346 17.0625 2.31016
      vertex 6.65482 16.909 2.37374
      vertex 6.695 17.05 2.31536
    endloop
  endfacet
  facet normal -0.000106559 0.382697 0.923874
    outer loop
      vertex 4.01216 17.1012 2.29382
      vertex 6.65482 16.909 2.37374
      vertex 6.69346 17.0625 2.31016
    endloop
  endfacet
  facet normal -0.000116092 0.382585 0.92392
    outer loop
      vertex 6.65482 16.909 2.37374
      vertex 4.01216 17.1012 2.29382
      vertex 4.01839 16.9082 2.37374
    endloop
  endfacet
  facet normal 0.466185 0.531586 -0.70717
    outer loop
      vertex 82.6366 16.0481 0
      vertex 82.5267 16.6766 0.4
      vertex 82.9201 16.3316 0.4
    endloop
  endfacet
  facet normal 0.000448761 0.923748 0.383
    outer loop
      vertex 74.9464 17.4784 1.80805
      vertex 74.9463 17.3984 2.001
      vertex 80.0925 17.4759 1.80805
    endloop
  endfacet
  facet normal 0 0.990793 0.135388
    outer loop
      vertex 66.9263 17.4785 1.80805
      vertex 44.763 17.4796 1.8
      vertex 44.7618 17.4785 1.80805
    endloop
  endfacet
  facet normal 1.72621e-06 0.991419 0.130721
    outer loop
      vertex 66.9264 17.5058 1.601
      vertex 44.763 17.4796 1.8
      vertex 66.9263 17.4785 1.80805
    endloop
  endfacet
  facet normal -0 0.991444 0.130532
    outer loop
      vertex 41.2691 17.5058 1.601
      vertex 44.763 17.4796 1.8
      vertex 66.9264 17.5058 1.601
    endloop
  endfacet
  facet normal 0 0.991444 0.130532
    outer loop
      vertex 44.763 17.4796 1.8
      vertex 41.2691 17.5058 1.601
      vertex 41.269 17.4796 1.8
    endloop
  endfacet
  facet normal 0.791684 0.0519848 0.608714
    outer loop
      vertex 83.9509 14.0113 2.001
      vertex 83.8246 13.9946 2.16669
      vertex 83.9845 13.4996 2.001
    endloop
  endfacet
  facet normal 0.828638 0.408629 0.382597
    outer loop
      vertex 83.7619 15.0235 1.80805
      vertex 83.5321 15.4895 1.80805
      vertex 83.688 14.9927 2.001
    endloop
  endfacet
  facet normal 0.906126 0.180173 0.382719
    outer loop
      vertex 83.929 14.5313 1.80805
      vertex 83.8516 14.5107 2.001
      vertex 83.9509 14.0113 2.001
    endloop
  endfacet
  facet normal 0.778135 0.154723 0.608741
    outer loop
      vertex 83.8516 14.5107 2.001
      vertex 83.8246 13.9946 2.16669
      vertex 83.9509 14.0113 2.001
    endloop
  endfacet
  facet normal -0.705592 0.0461393 -0.707115
    outer loop
      vertex 0.399994 13.4879 0
      vertex 0 13.5012 0.4
      vertex 0.431519 13.97 0
    endloop
  endfacet
  facet normal 0.921962 -0.0604418 0.382534
    outer loop
      vertex 83.9845 -13.5019 2.001
      vertex 83.951 -14.0129 2.001
      vertex 84.0644 -13.5043 1.80805
    endloop
  endfacet
  facet normal 0.791523 0.051859 0.608935
    outer loop
      vertex 83.9845 13.4996 2.001
      vertex 83.8246 13.9946 2.16669
      vertex 83.8573 13.4955 2.16669
    endloop
  endfacet
  facet normal 0.000186606 0.382758 0.923849
    outer loop
      vertex 74.9462 17.1056 2.29382
      vertex 74.9461 16.9127 2.37374
      vertex 80.074 16.9102 2.37374
    endloop
  endfacet
  facet normal -0.466382 0.531435 -0.707152
    outer loop
      vertex 1.4543 16.0454 0
      vertex 1.17073 16.3288 0.4
      vertex 1.80811 16.3559 0
    endloop
  endfacet
  facet normal 0.768242 -0.513169 0.382704
    outer loop
      vertex 83.463 -15.4511 2.001
      vertex 83.2437 -15.9233 1.80805
      vertex 83.5324 -15.4911 1.80805
    endloop
  endfacet
  facet normal 0.000329705 0.707107 -0.707107
    outer loop
      vertex 80.0936 17.5032 0.4
      vertex 74.9462 17.1056 0
      vertex 74.9464 17.5056 0.4
    endloop
  endfacet
  facet normal -0.438466 -0.8892 0.130656
    outer loop
      vertex 2.47966 -17.1716 1.80805
      vertex 2.01363 -16.9418 1.80805
      vertex 2.46927 -17.1969 1.601
    endloop
  endfacet
  facet normal -0.705598 -0.0462416 -0.707102
    outer loop
      vertex 0.431641 -13.9711 0
      vertex 0 -13.5013 0.4
      vertex 0.399994 -13.4882 0
    endloop
  endfacet
  facet normal -0.587872 -0.392882 -0.707142
    outer loop
      vertex 1.14467 -15.6924 0
      vertex 0.826584 -15.9364 0.4
      vertex 0.883026 -15.3009 0
    endloop
  endfacet
  facet normal 0.094628 -0.0829537 0.992051
    outer loop
      vertex 82.6293 -15.452 2.4
      vertex 82.3536 -15.7665 2.4
      vertex 82.5003 -15.9132 2.37374
    endloop
  endfacet
  facet normal 0.381865 -0.0250195 0.92388
    outer loop
      vertex 83.6917 -13.4923 2.29382
      vertex 83.4684 -13.9493 2.37374
      vertex 83.6601 -13.9746 2.29382
    endloop
  endfacet
  facet normal 0.874973 -0.296979 0.382394
    outer loop
      vertex 83.8518 -14.5122 2.001
      vertex 83.6881 -14.9945 2.001
      vertex 83.9291 -14.5329 1.80805
    endloop
  endfacet
  facet normal 0.607503 -0.0398032 0.79332
    outer loop
      vertex 83.6917 -13.4923 2.29382
      vertex 83.6601 -13.9746 2.29382
      vertex 83.8247 -13.9962 2.16669
    endloop
  endfacet
  facet normal 0.0946072 0.0829685 0.992051
    outer loop
      vertex 82.7936 15.5765 2.37374
      vertex 82.4999 15.9114 2.37374
      vertex 82.629 15.4502 2.4
    endloop
  endfacet
  facet normal 0.362457 -0.122967 0.923853
    outer loop
      vertex 83.3815 -14.3864 2.37374
      vertex 83.2384 -14.8082 2.37374
      vertex 83.417 -14.8822 2.29382
    endloop
  endfacet
  facet normal 0.745546 -0.653569 0.130417
    outer loop
      vertex 83.2437 -15.9233 1.80805
      vertex 82.9012 -16.314 1.80805
      vertex 82.9205 -16.3333 1.601
    endloop
  endfacet
  facet normal 0.768488 -0.513112 0.382286
    outer loop
      vertex 83.463 -15.4511 2.001
      vertex 83.1803 -15.8745 2.001
      vertex 83.2437 -15.9233 1.80805
    endloop
  endfacet
  facet normal 0.989317 -0.0648107 0.130584
    outer loop
      vertex 84.0644 -13.5043 1.80805
      vertex 84.0304 -14.0233 1.80805
      vertex 84.0575 -14.0268 1.601
    endloop
  endfacet
  facet normal 0.997868 -0.0652614 0
    outer loop
      vertex 84.0575 -14.0268 1.601
      vertex 84.0916 -13.5054 0.4
      vertex 84.0916 -13.5054 1.601
    endloop
  endfacet
  facet normal 0.997868 -0.0652614 0
    outer loop
      vertex 84.0916 -13.5054 0.4
      vertex 84.0575 -14.0268 1.601
      vertex 84.0575 -14.0268 0.4
    endloop
  endfacet
  facet normal 0.138181 -0.693457 -0.707124
    outer loop
      vertex 81.1275 -17.3689 0.4
      vertex 80.562 -17.0737 0
      vertex 81.0237 -16.9817 0
    endloop
  endfacet
  facet normal 0.227384 -0.669537 -0.707118
    outer loop
      vertex 81.1275 -17.3689 0.4
      vertex 81.0237 -16.9817 0
      vertex 81.4695 -16.8303 0
    endloop
  endfacet
  facet normal 0.466237 0.531577 -0.707141
    outer loop
      vertex 82.6366 16.0481 0
      vertex 82.2827 16.3585 0
      vertex 82.5267 16.6766 0.4
    endloop
  endfacet
  facet normal -0.889186 -0.438557 0.130441
    outer loop
      vertex 0.55957 -15.4877 1.80805
      vertex 0.304489 -15.0321 1.601
      vertex 0.535904 -15.5013 1.601
    endloop
  endfacet
  facet normal -0.513315 -0.768248 0.382496
    outer loop
      vertex 1.63037 -16.5896 2.001
      vertex 1.58163 -16.6531 1.80805
      vertex 2.05362 -16.8724 2.001
    endloop
  endfacet
  facet normal -0.46621 -0.531601 -0.707141
    outer loop
      vertex 1.56496 -16.6748 0.4
      vertex 1.17157 -16.3298 0.4
      vertex 1.45502 -16.0463 0
    endloop
  endfacet
  facet normal -0.938836 -0.318687 0.130485
    outer loop
      vertex 0.162659 -14.5295 1.80805
      vertex 0.136292 -14.5366 1.601
      vertex 0.304489 -15.0321 1.601
    endloop
  endfacet
  facet normal -0.000238753 -0.707103 -0.707111
    outer loop
      vertex 15.2662 -17.1051 0
      vertex 3.99866 -17.5013 0.4
      vertex 4.01195 -17.1013 0
    endloop
  endfacet
  facet normal -0.000238475 -0.707107 -0.707107
    outer loop
      vertex 15.2661 -17.5051 0.4
      vertex 3.99866 -17.5013 0.4
      vertex 15.2662 -17.1051 0
    endloop
  endfacet
  facet normal -0.137988 -0.693425 -0.707192
    outer loop
      vertex 3.53027 -17.0697 0
      vertex 2.96472 -17.3651 0.4
      vertex 3.06845 -16.9778 0
    endloop
  endfacet
  facet normal -0.0399021 -0.607476 0.793336
    outer loop
      vertex 3.53027 -17.0697 2.29382
      vertex 3.50856 -17.2343 2.16669
      vertex 4.00639 -17.267 2.16669
    endloop
  endfacet
  facet normal -0.7056 -0.0462457 -0.707099
    outer loop
      vertex 0.0342255 -14.0235 0.4
      vertex 0 -13.5013 0.4
      vertex 0.431641 -13.9711 0
    endloop
  endfacet
  facet normal -0.00826056 0.125575 0.99205
    outer loop
      vertex 3.58818 16.8799 2.37374
      vertex 4.02531 16.7012 2.4
      vertex 4.01839 16.9082 2.37374
    endloop
  endfacet
  facet normal -0.00799671 0.126209 0.991971
    outer loop
      vertex 4.02531 16.7012 2.4
      vertex 3.58818 16.8799 2.37374
      vertex 3.58306 16.867 2.37534
    endloop
  endfacet
  facet normal -0.000114253 0.382243 0.924062
    outer loop
      vertex 6.68863 17.102 2.29382
      vertex 4.01216 17.1012 2.29382
      vertex 6.69346 17.0625 2.31016
    endloop
  endfacet
  facet normal 0.362455 0.123023 0.923846
    outer loop
      vertex 83.5681 14.4347 2.29382
      vertex 83.2382 14.8065 2.37374
      vertex 83.3814 14.3846 2.37374
    endloop
  endfacet
  facet normal -0.0607002 -0.921939 0.382549
    outer loop
      vertex 4.00223 -17.3942 2.001
      vertex 3.4919 -17.3606 2.001
      vertex 3.99976 -17.4741 1.80805
    endloop
  endfacet
  facet normal -0.000129238 -0.382758 0.923849
    outer loop
      vertex 15.2663 -16.9122 2.37374
      vertex 4.01195 -17.1013 2.29382
      vertex 15.2662 -17.1051 2.29382
    endloop
  endfacet
  facet normal 0.440887 -0.659462 0.608875
    outer loop
      vertex 82.3842 -16.4921 2.16669
      vertex 82.0385 -16.8762 2.001
      vertex 82.4618 -16.5932 2.001
    endloop
  endfacet
  facet normal 0.33837 -0.506072 0.793345
    outer loop
      vertex 82.3842 -16.4921 2.16669
      vertex 81.8917 -16.6221 2.29382
      vertex 81.9747 -16.7659 2.16669
    endloop
  endfacet
  facet normal -0.824384 -0.550803 0.130407
    outer loop
      vertex 0.55957 -15.4877 1.80805
      vertex 0.535904 -15.5013 1.601
      vertex 0.848206 -15.9197 1.80805
    endloop
  endfacet
  facet normal 3.13706e-06 0.125791 0.992057
    outer loop
      vertex 74.9461 16.9127 2.37374
      vertex 66.9263 16.7058 2.4
      vertex 74.946 16.7056 2.4
    endloop
  endfacet
  facet normal 0.000112711 -0.707062 -0.707151
    outer loop
      vertex 80.0923 -17.5054 0.4
      vertex 61.9 -17.5083 0.4
      vertex 61.9 -17.1547 0.0464446
    endloop
  endfacet
  facet normal 0.000101755 -0.707097 -0.707117
    outer loop
      vertex 59.5102 -17.5086 0.4
      vertex 60.9 -17.1354 0.0270103
      vertex 60.9 -17.5084 0.4
    endloop
  endfacet
  facet normal 0.000106997 -0.707107 -0.707107
    outer loop
      vertex 60.9 -17.1354 0.0270103
      vertex 59.5102 -17.5086 0.4
      vertex 59.5102 -17.1086 0
    endloop
  endfacet
  facet normal -0.000334414 -0.991481 0.130252
    outer loop
      vertex 3.99976 -17.4741 1.80805
      vertex 3.99866 -17.5013 1.601
      vertex 15.2661 -17.4779 1.80805
    endloop
  endfacet
  facet normal -0.000176075 -0.793442 0.608646
    outer loop
      vertex 15.2661 -17.2708 2.16669
      vertex 15.2661 -17.3979 2.001
      vertex 31.0381 -17.2743 2.16669
    endloop
  endfacet
  facet normal 0.40881 -0.828466 0.382778
    outer loop
      vertex 82.0785 -16.9455 1.80805
      vertex 81.5819 -17.1014 2.001
      vertex 81.6126 -17.1754 1.80805
    endloop
  endfacet
  facet normal 0.169244 -0.343203 0.923887
    outer loop
      vertex 81.8917 -16.6221 2.29382
      vertex 81.3954 -16.6517 2.37374
      vertex 81.4695 -16.8303 2.29382
    endloop
  endfacet
  facet normal 0.375322 -0.0746178 0.923886
    outer loop
      vertex 83.4684 -13.9493 2.37374
      vertex 83.3815 -14.3864 2.37374
      vertex 83.6601 -13.9746 2.29382
    endloop
  endfacet
  facet normal 0.596539 -0.523023 0.608759
    outer loop
      vertex 83.1803 -15.8745 2.001
      vertex 82.7545 -16.1673 2.16669
      vertex 82.8445 -16.2575 2.001
    endloop
  endfacet
  facet normal 0.0605499 -0.921945 0.382559
    outer loop
      vertex 80.6003 -17.3646 2.001
      vertex 80.0887 -17.3982 2.001
      vertex 80.0912 -17.4781 1.80805
    endloop
  endfacet
  facet normal 0.312719 0.634149 -0.70715
    outer loop
      vertex 81.8912 16.6201 0
      vertex 81.469 16.8283 0
      vertex 81.6224 17.1987 0.4
    endloop
  endfacet
  facet normal 0.312751 0.634153 -0.707133
    outer loop
      vertex 81.8912 16.6201 0
      vertex 81.6224 17.1987 0.4
      vertex 82.0916 16.9673 0.4
    endloop
  endfacet
  facet normal 0.392813 0.587936 -0.707128
    outer loop
      vertex 82.5267 16.6766 0.4
      vertex 81.8912 16.6201 0
      vertex 82.0916 16.9673 0.4
    endloop
  endfacet
  facet normal 0.946988 -0.321269 0
    outer loop
      vertex 83.7874 -15.0355 1.601
      vertex 83.9555 -14.54 0.4
      vertex 83.9555 -14.54 1.601
    endloop
  endfacet
  facet normal 0.946988 -0.321269 0
    outer loop
      vertex 83.9555 -14.54 0.4
      vertex 83.7874 -15.0355 1.601
      vertex 83.7874 -15.0355 0.4
    endloop
  endfacet
  facet normal 0.938793 0.318716 0.130723
    outer loop
      vertex 83.7872 15.0339 1.601
      vertex 83.7619 15.0235 1.80805
      vertex 83.929 14.5313 1.80805
    endloop
  endfacet
  facet normal 0.587895 0.392831 -0.707151
    outer loop
      vertex 83.2086 15.3027 0
      vertex 82.947 15.6942 0
      vertex 83.2651 15.9382 0.4
    endloop
  endfacet
  facet normal -0.53162 -0.4662 -0.707134
    outer loop
      vertex 1.45502 -16.0463 0
      vertex 0.826584 -15.9364 0.4
      vertex 1.14467 -15.6924 0
    endloop
  endfacet
  facet normal -0.997859 -0.0654007 0
    outer loop
      vertex 0.0342255 -14.0235 0.4
      vertex 0 -13.5013 1.601
      vertex 0 -13.5013 0.4
    endloop
  endfacet
  facet normal -0.997859 -0.0654007 0
    outer loop
      vertex 0 -13.5013 1.601
      vertex 0.0342255 -14.0235 0.4
      vertex 0.0342255 -14.0235 1.601
    endloop
  endfacet
  facet normal -0.381856 -0.0250272 0.923883
    outer loop
      vertex 0.592941 -13.4819 2.37374
      vertex 0.431641 -13.9711 2.29382
      vertex 0.623352 -13.9459 2.37374
    endloop
  endfacet
  facet normal 0.104608 0.0698787 0.992056
    outer loop
      vertex 83.0411 15.2061 2.37374
      vertex 82.629 15.4502 2.4
      vertex 82.8614 15.1023 2.4
    endloop
  endfacet
  facet normal -0.125544 -0.00822827 0.992054
    outer loop
      vertex 0.800003 -13.4751 2.4
      vertex 0.592941 -13.4819 2.37374
      vertex 0.623352 -13.9459 2.37374
    endloop
  endfacet
  facet normal -0.79168 -0.0519002 0.608728
    outer loop
      vertex 0.267029 -13.9928 2.16669
      vertex 0.107178 -13.4978 2.001
      vertex 0.140717 -14.0094 2.001
    endloop
  endfacet
  facet normal -0.831509 -0.555511 0
    outer loop
      vertex 0.826584 -15.9364 0.4
      vertex 0.535904 -15.5013 1.601
      vertex 0.535904 -15.5013 0.4
    endloop
  endfacet
  facet normal -0.831509 -0.555511 0
    outer loop
      vertex 0.535904 -15.5013 1.601
      vertex 0.826584 -15.9364 0.4
      vertex 0.826584 -15.9364 1.601
    endloop
  endfacet
  facet normal 0.137868 0.693547 -0.707096
    outer loop
      vertex 81.0232 16.9797 0
      vertex 80.5614 17.0715 0
      vertex 81.1269 17.3669 0.4
    endloop
  endfacet
  facet normal -0.588023 0.392688 -0.707125
    outer loop
      vertex 0.882492 15.2998 0
      vertex 0.825867 15.9353 0.4
      vertex 1.14394 15.6913 0
    endloop
  endfacet
  facet normal 1.56926e-06 0.125851 0.992049
    outer loop
      vertex 66.9263 16.9128 2.37374
      vertex 66.9263 16.7058 2.4
      vertex 74.9461 16.9127 2.37374
    endloop
  endfacet
  facet normal 6.1327e-05 0.125791 0.992057
    outer loop
      vertex 74.9461 16.9127 2.37374
      vertex 74.946 16.7056 2.4
      vertex 80.074 16.9102 2.37374
    endloop
  endfacet
  facet normal -0.711519 -0.350877 0.608791
    outer loop
      vertex 0.521439 -14.9422 2.16669
      vertex 0.403687 -14.9909 2.001
      vertex 0.739258 -15.3839 2.16669
    endloop
  endfacet
  facet normal 0 0.126338 0.991987
    outer loop
      vertex 17.8228 16.7052 2.4
      vertex 17.7827 16.7158 2.39865
      vertex 17.7827 16.7052 2.4
    endloop
  endfacet
  facet normal -9.56934e-07 0.125924 0.99204
    outer loop
      vertex 29.5574 16.8087 2.38691
      vertex 31.383 16.723 2.39779
      vertex 31.3719 16.7928 2.38893
    endloop
  endfacet
  facet normal -3.15966e-05 0.125281 0.992121
    outer loop
      vertex 29.5574 16.8087 2.38691
      vertex 31.3883 16.7055 2.4
      vertex 31.383 16.723 2.39779
    endloop
  endfacet
  facet normal 0 0.125833 0.992051
    outer loop
      vertex 31.3883 16.7055 2.4
      vertex 29.5574 16.8087 2.38691
      vertex 29.4596 16.7055 2.4
    endloop
  endfacet
  facet normal 0 0.125236 0.992127
    outer loop
      vertex 39.8896 16.7179 2.39846
      vertex 37.6055 16.7057 2.4
      vertex 39.89 16.7057 2.4
    endloop
  endfacet
  facet normal -5.52306e-06 0.126253 0.991998
    outer loop
      vertex 39.8896 16.7179 2.39846
      vertex 37.605 16.709 2.39958
      vertex 37.6055 16.7057 2.4
    endloop
  endfacet
  facet normal -3.71106e-06 0.125796 0.992056
    outer loop
      vertex 37.605 16.709 2.39958
      vertex 39.8896 16.7179 2.39846
      vertex 37.5958 16.7381 2.39589
    endloop
  endfacet
  facet normal 0.212616 0.318194 0.923876
    outer loop
      vertex 81.8912 16.6201 2.29382
      vertex 81.7946 16.4526 2.37374
      vertex 82.165 16.2051 2.37374
    endloop
  endfacet
  facet normal 1.95916e-05 -0.125851 0.992049
    outer loop
      vertex 80.066 -16.7054 2.4
      vertex 59.5101 -16.7086 2.4
      vertex 80.0726 -16.9124 2.37374
    endloop
  endfacet
  facet normal 0.154777 0.778074 0.608806
    outer loop
      vertex 81.0991 17.2631 2.001
      vertex 80.5831 17.2361 2.16669
      vertex 81.0662 17.14 2.16669
    endloop
  endfacet
  facet normal 0.0521885 0.791681 0.608701
    outer loop
      vertex 80.5997 17.3624 2.001
      vertex 80.09 17.396 2.001
      vertex 80.5831 17.2361 2.16669
    endloop
  endfacet
  facet normal 9.54098e-06 0.382589 0.923919
    outer loop
      vertex 66.9263 17.1058 2.29382
      vertex 66.9263 16.9128 2.37374
      vertex 74.9462 17.1056 2.29382
    endloop
  endfacet
  facet normal 0.000385838 0.793206 0.608953
    outer loop
      vertex 80.09 17.396 2.001
      vertex 74.9463 17.2713 2.16669
      vertex 80.0858 17.2688 2.16669
    endloop
  endfacet
  facet normal 1.152e-05 0.923918 0.382591
    outer loop
      vertex 74.9464 17.4784 1.80805
      vertex 66.9263 17.4785 1.80805
      vertex 66.9264 17.3986 2.001
    endloop
  endfacet
  facet normal -0.19533 0.980738 0
    outer loop
      vertex 3.47672 17.4668 0.4
      vertex 2.96358 17.3646 1.601
      vertex 3.47672 17.4668 1.601
    endloop
  endfacet
  facet normal -0.19533 0.980738 0
    outer loop
      vertex 2.96358 17.3646 1.601
      vertex 3.47672 17.4668 0.4
      vertex 2.96358 17.3646 0.4
    endloop
  endfacet
  facet normal -0.0519183 0.791608 0.60882
    outer loop
      vertex 3.78589 17.3798 2.001
      vertex 3.76062 17.3159 2.08193
      vertex 4.0024 17.394 2.001
    endloop
  endfacet
  facet normal 0.212617 0.318195 0.923876
    outer loop
      vertex 82.2827 16.3585 2.29382
      vertex 81.8912 16.6201 2.29382
      vertex 82.165 16.2051 2.37374
    endloop
  endfacet
  facet normal -0.000302219 0.991414 0.130759
    outer loop
      vertex 16.6165 17.4788 1.8
      vertex 3.99881 17.5012 1.601
      vertex 6.44709 17.4757 1.8
    endloop
  endfacet
  facet normal -0.000324212 0.992365 0.123336
    outer loop
      vertex 6.44709 17.4757 1.8
      vertex 3.99991 17.4739 1.80805
      vertex 6.44859 17.4747 1.80805
    endloop
  endfacet
  facet normal -0.000299217 0.991419 0.130722
    outer loop
      vertex 3.99991 17.4739 1.80805
      vertex 6.44709 17.4757 1.8
      vertex 3.99881 17.5012 1.601
    endloop
  endfacet
  facet normal -0.321664 0.946854 0
    outer loop
      vertex 2.96358 17.3646 0.4
      vertex 2.46817 17.1963 1.601
      vertex 2.96358 17.3646 1.601
    endloop
  endfacet
  facet normal -0.321664 0.946854 0
    outer loop
      vertex 2.46817 17.1963 1.601
      vertex 2.96358 17.3646 0.4
      vertex 2.46817 17.1963 0.4
    endloop
  endfacet
  facet normal -0.0946145 -0.0829546 0.992052
    outer loop
      vertex 1.73846 -15.7629 2.4
      vertex 1.46263 -15.4483 2.4
      vertex 1.59174 -15.9096 2.37374
    endloop
  endfacet
  facet normal -0.000194134 0.991444 0.130532
    outer loop
      vertex 17.1272 17.5051 1.601
      vertex 16.6165 17.4788 1.8
      vertex 17.1272 17.4789 1.8
    endloop
  endfacet
  facet normal -0.000294534 0.991477 0.130279
    outer loop
      vertex 16.6165 17.4788 1.8
      vertex 17.1272 17.5051 1.601
      vertex 3.99881 17.5012 1.601
    endloop
  endfacet
  facet normal -0.000152602 1 0
    outer loop
      vertex 17.7825 17.5052 0.4
      vertex 17.1272 17.5051 1.601
      vertex 17.7825 17.5052 1.601
    endloop
  endfacet
  facet normal -0.000152602 1 0
    outer loop
      vertex 17.1272 17.5051 1.601
      vertex 17.7825 17.5052 0.4
      vertex 17.1272 17.5051 0.4
    endloop
  endfacet
  facet normal 0 1 -0
    outer loop
      vertex 66.9264 17.5058 0.4
      vertex 41.2691 17.5058 1.601
      vertex 66.9264 17.5058 1.601
    endloop
  endfacet
  facet normal 0 1 0
    outer loop
      vertex 41.2691 17.5058 1.601
      vertex 66.9264 17.5058 0.4
      vertex 41.2691 17.5058 0.4
    endloop
  endfacet
  facet normal -0.466264 -0.531592 -0.707112
    outer loop
      vertex 1.56496 -16.6748 0.4
      vertex 1.45502 -16.0463 0
      vertex 1.80891 -16.3567 0
    endloop
  endfacet
  facet normal -0.000107922 0.707107 -0.707107
    outer loop
      vertex 17.1274 17.1051 0
      vertex 17.1272 17.5051 0.4
      vertex 17.7826 17.1052 0
    endloop
  endfacet
  facet normal 1.23625e-05 0.991481 0.13025
    outer loop
      vertex 74.9464 17.5056 1.601
      vertex 66.9263 17.4785 1.80805
      vertex 74.9464 17.4784 1.80805
    endloop
  endfacet
  facet normal 2.47237e-05 0.991419 0.130721
    outer loop
      vertex 66.9263 17.4785 1.80805
      vertex 74.9464 17.5056 1.601
      vertex 66.9264 17.5058 1.601
    endloop
  endfacet
  facet normal 0.669552 0.227239 -0.707151
    outer loop
      vertex 83.5681 14.4347 0
      vertex 83.4168 14.8805 0
      vertex 83.7872 15.0339 0.4
    endloop
  endfacet
  facet normal 0.745534 0.653582 0.130418
    outer loop
      vertex 82.9201 16.3316 1.601
      vertex 82.9008 16.3123 1.80805
      vertex 83.2434 15.9215 1.80805
    endloop
  endfacet
  facet normal 0.659687 0.440866 0.608646
    outer loop
      vertex 83.4627 15.4495 2.001
      vertex 83.0788 15.7952 2.16669
      vertex 83.3524 15.3858 2.16669
    endloop
  endfacet
  facet normal 0.889186 0.438487 0.130677
    outer loop
      vertex 83.7872 15.0339 1.601
      vertex 83.5321 15.4895 1.80805
      vertex 83.7619 15.0235 1.80805
    endloop
  endfacet
  facet normal 0.896822 0.442391 0
    outer loop
      vertex 83.7872 15.0339 1.601
      vertex 83.5557 15.5032 0.4
      vertex 83.5557 15.5032 1.601
    endloop
  endfacet
  facet normal 0.896822 0.442391 0
    outer loop
      vertex 83.5557 15.5032 0.4
      vertex 83.7872 15.0339 1.601
      vertex 83.7872 15.0339 0.4
    endloop
  endfacet
  facet normal 0.659611 0.440676 0.608867
    outer loop
      vertex 83.1799 15.8728 2.001
      vertex 83.0788 15.7952 2.16669
      vertex 83.4627 15.4495 2.001
    endloop
  endfacet
  facet normal 0.824328 0.550888 0.13041
    outer loop
      vertex 83.5557 15.5032 1.601
      vertex 83.2434 15.9215 1.80805
      vertex 83.5321 15.4895 1.80805
    endloop
  endfacet
  facet normal 0.921925 -0.0603958 0.382632
    outer loop
      vertex 84.0644 -13.5043 1.80805
      vertex 83.951 -14.0129 2.001
      vertex 84.0304 -14.0233 1.80805
    endloop
  endfacet
  facet normal 0.989352 0.0648072 0.130315
    outer loop
      vertex 84.0916 13.5032 1.601
      vertex 84.0574 14.0253 1.601
      vertex 84.0644 13.5021 1.80805
    endloop
  endfacet
  facet normal 0.00033055 0.707101 -0.707112
    outer loop
      vertex 80.0802 17.1032 0
      vertex 74.9462 17.1056 0
      vertex 80.0936 17.5032 0.4
    endloop
  endfacet
  facet normal -0.000107906 0.707107 -0.707107
    outer loop
      vertex 17.7826 17.1052 0
      vertex 17.1272 17.5051 0.4
      vertex 17.7825 17.5052 0.4
    endloop
  endfacet
  facet normal 0.989359 -0.0647049 0.130315
    outer loop
      vertex 84.0644 -13.5043 1.80805
      vertex 84.0575 -14.0268 1.601
      vertex 84.0916 -13.5054 1.601
    endloop
  endfacet
  facet normal 0.362474 -0.122965 0.923846
    outer loop
      vertex 83.5683 -14.4362 2.29382
      vertex 83.3815 -14.3864 2.37374
      vertex 83.417 -14.8822 2.29382
    endloop
  endfacet
  facet normal -0.00824782 -0.125587 0.992048
    outer loop
      vertex 4.02501 -16.7014 2.4
      vertex 3.55548 -16.878 2.37374
      vertex 4.01837 -16.9084 2.37374
    endloop
  endfacet
  facet normal 0.587936 -0.392813 -0.707128
    outer loop
      vertex 83.2654 -15.9399 0.4
      vertex 83.2089 -15.3044 0
      vertex 83.5561 -15.5048 0.4
    endloop
  endfacet
  facet normal 0.831491 -0.555538 0
    outer loop
      vertex 83.2654 -15.9399 1.601
      vertex 83.5561 -15.5048 0.4
      vertex 83.5561 -15.5048 1.601
    endloop
  endfacet
  facet normal 0.831491 -0.555538 0
    outer loop
      vertex 83.5561 -15.5048 0.4
      vertex 83.2654 -15.9399 1.601
      vertex 83.2654 -15.9399 0.4
    endloop
  endfacet
  facet normal 0.634238 -0.312592 -0.707127
    outer loop
      vertex 83.5561 -15.5048 0.4
      vertex 83.2089 -15.3044 0
      vertex 83.7874 -15.0355 0.4
    endloop
  endfacet
  facet normal 0.63424 -0.312613 -0.707115
    outer loop
      vertex 83.7874 -15.0355 0.4
      vertex 83.2089 -15.3044 0
      vertex 83.417 -14.8822 0
    endloop
  endfacet
  facet normal 0.123421 -0.0245374 0.992051
    outer loop
      vertex 83.4684 -13.9493 2.37374
      vertex 83.1811 -14.3327 2.4
      vertex 83.3815 -14.3864 2.37374
    endloop
  endfacet
  facet normal 0.874915 -0.296853 0.382625
    outer loop
      vertex 83.9291 -14.5329 1.80805
      vertex 83.6881 -14.9945 2.001
      vertex 83.7621 -15.0251 1.80805
    endloop
  endfacet
  facet normal 0.751179 -0.254962 0.608871
    outer loop
      vertex 83.7287 -14.4792 2.16669
      vertex 83.6881 -14.9945 2.001
      vertex 83.8518 -14.5122 2.001
    endloop
  endfacet
  facet normal 0.343299 -0.16921 0.923858
    outer loop
      vertex 83.2384 -14.8082 2.37374
      vertex 83.2089 -15.3044 2.29382
      vertex 83.417 -14.8822 2.29382
    endloop
  endfacet
  facet normal 0.778057 -0.154645 0.608861
    outer loop
      vertex 83.8247 -13.9962 2.16669
      vertex 83.7287 -14.4792 2.16669
      vertex 83.8518 -14.5122 2.001
    endloop
  endfacet
  facet normal 0.824374 -0.550783 0.130557
    outer loop
      vertex 83.5561 -15.5048 1.601
      vertex 83.2437 -15.9233 1.80805
      vertex 83.2654 -15.9399 1.601
    endloop
  endfacet
  facet normal 0.745503 -0.653594 0.130534
    outer loop
      vertex 83.2437 -15.9233 1.80805
      vertex 82.9205 -16.3333 1.601
      vertex 83.2654 -15.9399 1.601
    endloop
  endfacet
  facet normal 0.828706 -0.408484 0.382606
    outer loop
      vertex 83.6881 -14.9945 2.001
      vertex 83.5324 -15.4911 1.80805
      vertex 83.7621 -15.0251 1.80805
    endloop
  endfacet
  facet normal 0.828636 -0.40851 0.38273
    outer loop
      vertex 83.6881 -14.9945 2.001
      vertex 83.463 -15.4511 2.001
      vertex 83.5324 -15.4911 1.80805
    endloop
  endfacet
  facet normal 0.694784 -0.60916 0.38236
    outer loop
      vertex 83.1803 -15.8745 2.001
      vertex 82.8445 -16.2575 2.001
      vertex 83.2437 -15.9233 1.80805
    endloop
  endfacet
  facet normal 0.694781 -0.609067 0.382515
    outer loop
      vertex 83.2437 -15.9233 1.80805
      vertex 82.8445 -16.2575 2.001
      vertex 82.9012 -16.314 1.80805
    endloop
  endfacet
  facet normal 0.997861 0.0653646 0
    outer loop
      vertex 84.0916 13.5032 1.601
      vertex 84.0574 14.0253 0.4
      vertex 84.0574 14.0253 1.601
    endloop
  endfacet
  facet normal 0.997861 0.0653646 0
    outer loop
      vertex 84.0574 14.0253 0.4
      vertex 84.0916 13.5032 1.601
      vertex 84.0916 13.5032 0.4
    endloop
  endfacet
  facet normal 0.938873 -0.318516 0.130634
    outer loop
      vertex 83.9291 -14.5329 1.80805
      vertex 83.7874 -15.0355 1.601
      vertex 83.9555 -14.54 1.601
    endloop
  endfacet
  facet normal 0.972413 -0.19327 0.130615
    outer loop
      vertex 84.0575 -14.0268 1.601
      vertex 83.9291 -14.5329 1.80805
      vertex 83.9555 -14.54 1.601
    endloop
  endfacet
  facet normal 0.896974 -0.442084 0
    outer loop
      vertex 83.5561 -15.5048 1.601
      vertex 83.7874 -15.0355 0.4
      vertex 83.7874 -15.0355 1.601
    endloop
  endfacet
  facet normal 0.896974 -0.442084 0
    outer loop
      vertex 83.7874 -15.0355 0.4
      vertex 83.5561 -15.5048 1.601
      vertex 83.5561 -15.5048 0.4
    endloop
  endfacet
  facet normal 0.693517 -0.137922 -0.707115
    outer loop
      vertex 83.9555 -14.54 0.4
      vertex 83.5683 -14.4362 0
      vertex 83.6601 -13.9746 0
    endloop
  endfacet
  facet normal 0.693583 -0.137852 -0.707064
    outer loop
      vertex 83.9555 -14.54 0.4
      vertex 83.6601 -13.9746 0
      vertex 84.0575 -14.0268 0.4
    endloop
  endfacet
  facet normal 0.193671 -0.972332 0.130619
    outer loop
      vertex 81.1204 -17.3425 1.80805
      vertex 80.6144 -17.4711 1.601
      vertex 81.1275 -17.3689 1.601
    endloop
  endfacet
  facet normal 0.227269 -0.66951 -0.707181
    outer loop
      vertex 81.623 -17.2007 0.4
      vertex 81.1275 -17.3689 0.4
      vertex 81.4695 -16.8303 0
    endloop
  endfacet
  facet normal 0.442467 -0.896785 0
    outer loop
      vertex 81.623 -17.2007 0.4
      vertex 82.0922 -16.9692 1.601
      vertex 81.623 -17.2007 1.601
    endloop
  endfacet
  facet normal 0.442467 -0.896785 0
    outer loop
      vertex 82.0922 -16.9692 1.601
      vertex 81.623 -17.2007 0.4
      vertex 82.0922 -16.9692 0.4
    endloop
  endfacet
  facet normal 0.32144 -0.94693 0
    outer loop
      vertex 81.1275 -17.3689 0.4
      vertex 81.623 -17.2007 1.601
      vertex 81.1275 -17.3689 1.601
    endloop
  endfacet
  facet normal 0.32144 -0.94693 0
    outer loop
      vertex 81.623 -17.2007 1.601
      vertex 81.1275 -17.3689 0.4
      vertex 81.623 -17.2007 0.4
    endloop
  endfacet
  facet normal 0.195344 -0.980735 0
    outer loop
      vertex 80.6144 -17.4711 0.4
      vertex 81.1275 -17.3689 1.601
      vertex 80.6144 -17.4711 1.601
    endloop
  endfacet
  facet normal 0.195344 -0.980735 0
    outer loop
      vertex 81.1275 -17.3689 1.601
      vertex 80.6144 -17.4711 0.4
      vertex 81.1275 -17.3689 0.4
    endloop
  endfacet
  facet normal 0.0649919 -0.989278 0.130784
    outer loop
      vertex 80.6144 -17.4711 1.601
      vertex 80.0912 -17.4781 1.80805
      vertex 80.0923 -17.5054 1.601
    endloop
  endfacet
  facet normal -0.634193 -0.312727 -0.707108
    outer loop
      vertex 0.883026 -15.3009 0
      vertex 0.304489 -15.0321 0.4
      vertex 0.674835 -14.8787 0
    endloop
  endfacet
  facet normal -0.587995 -0.392826 -0.707071
    outer loop
      vertex 0.826584 -15.9364 0.4
      vertex 0.535904 -15.5013 0.4
      vertex 0.883026 -15.3009 0
    endloop
  endfacet
  facet normal -0.0464907 0.70559 -0.707093
    outer loop
      vertex 3.52911 17.0694 0
      vertex 3.47672 17.4668 0.4
      vertex 3.99881 17.5012 0.4
    endloop
  endfacet
  facet normal -0.137853 -0.693551 -0.707095
    outer loop
      vertex 3.47789 -17.4671 0.4
      vertex 2.96472 -17.3651 0.4
      vertex 3.53027 -17.0697 0
    endloop
  endfacet
  facet normal -0.180172 -0.906106 0.382767
    outer loop
      vertex 2.99251 -17.2613 2.001
      vertex 2.97185 -17.3387 1.80805
      vertex 3.4919 -17.3606 2.001
    endloop
  endfacet
  facet normal -0.321469 -0.94692 0
    outer loop
      vertex 2.46927 -17.1969 0.4
      vertex 2.96472 -17.3651 1.601
      vertex 2.46927 -17.1969 1.601
    endloop
  endfacet
  facet normal -0.321469 -0.94692 -0
    outer loop
      vertex 2.96472 -17.3651 1.601
      vertex 2.46927 -17.1969 0.4
      vertex 2.96472 -17.3651 0.4
    endloop
  endfacet
  facet normal -0.064972 -0.989342 0.130314
    outer loop
      vertex 3.99976 -17.4741 1.80805
      vertex 3.47789 -17.4671 1.601
      vertex 3.99866 -17.5013 1.601
    endloop
  endfacet
  facet normal -0.0250521 -0.381871 0.923876
    outer loop
      vertex 3.55548 -16.878 2.37374
      vertex 3.53027 -17.0697 2.29382
      vertex 4.01195 -17.1013 2.29382
    endloop
  endfacet
  facet normal -0.000135082 -0.608713 0.793391
    outer loop
      vertex 15.2662 -17.1051 2.29382
      vertex 15.2661 -17.2708 2.16669
      vertex 31.0381 -17.1086 2.29382
    endloop
  endfacet
  facet normal 0.104616 -0.0698642 0.992056
    outer loop
      vertex 82.8617 -15.104 2.4
      vertex 82.6293 -15.452 2.4
      vertex 83.0414 -15.2078 2.37374
    endloop
  endfacet
  facet normal -0.00825881 0.125523 0.992056
    outer loop
      vertex 3.58306 16.867 2.37534
      vertex 3.58151 16.672 2.4
      vertex 4.02531 16.7012 2.4
    endloop
  endfacet
  facet normal -0.00878429 0.125526 0.992051
    outer loop
      vertex 3.57001 16.834 2.3794
      vertex 3.58151 16.672 2.4
      vertex 3.58306 16.867 2.37534
    endloop
  endfacet
  facet normal -0.00854992 0.125543 0.992051
    outer loop
      vertex 3.58151 16.672 2.4
      vertex 3.57001 16.834 2.3794
      vertex 3.56312 16.8118 2.38215
    endloop
  endfacet
  facet normal -0.123394 -0.0245466 0.992054
    outer loop
      vertex 0.829086 -13.9188 2.4
      vertex 0.710266 -14.3828 2.37374
      vertex 0.910706 -14.3291 2.4
    endloop
  endfacet
  facet normal 0.00825169 -0.125588 0.992048
    outer loop
      vertex 80.5368 -16.8819 2.37374
      vertex 80.066 -16.7054 2.4
      vertex 80.0726 -16.9124 2.37374
    endloop
  endfacet
  facet normal 0.0829718 -0.0946101 0.992051
    outer loop
      vertex 82.3536 -15.7665 2.4
      vertex 82.039 -16.0424 2.4
      vertex 82.5003 -15.9132 2.37374
    endloop
  endfacet
  facet normal 0.0829593 -0.0945646 0.992056
    outer loop
      vertex 82.5003 -15.9132 2.37374
      vertex 82.039 -16.0424 2.4
      vertex 82.1654 -16.207 2.37374
    endloop
  endfacet
  facet normal -0.19328 -0.972407 0.130643
    outer loop
      vertex 2.97185 -17.3387 1.80805
      vertex 2.96472 -17.3651 1.601
      vertex 3.47789 -17.4671 1.601
    endloop
  endfacet
  facet normal -0.0650779 -0.989299 0.130583
    outer loop
      vertex 3.48138 -17.44 1.80805
      vertex 3.47789 -17.4671 1.601
      vertex 3.99976 -17.4741 1.80805
    endloop
  endfacet
  facet normal 0.000127201 -0.793211 0.608947
    outer loop
      vertex 80.0887 -17.3982 2.001
      vertex 59.5102 -17.2743 2.16669
      vertex 59.5102 -17.4015 2.001
    endloop
  endfacet
  facet normal 5.95477e-05 -0.382758 0.923849
    outer loop
      vertex 80.079 -17.1054 2.29382
      vertex 59.5101 -16.9157 2.37374
      vertex 59.5102 -17.1086 2.29382
    endloop
  endfacet
  facet normal -0.000210849 -0.923748 0.383
    outer loop
      vertex 15.2661 -17.4779 1.80805
      vertex 31.038 -17.4015 2.001
      vertex 15.2661 -17.3979 2.001
    endloop
  endfacet
  facet normal -0.00020503 -0.923918 0.382591
    outer loop
      vertex 31.038 -17.4015 2.001
      vertex 15.2661 -17.4779 1.80805
      vertex 31.038 -17.4814 1.80805
    endloop
  endfacet
  facet normal -0.000221914 -1 0
    outer loop
      vertex 15.2661 -17.5051 0.4
      vertex 31.038 -17.5086 1.601
      vertex 15.2661 -17.5051 1.601
    endloop
  endfacet
  facet normal -0.000221914 -1 -0
    outer loop
      vertex 31.038 -17.5086 1.601
      vertex 15.2661 -17.5051 0.4
      vertex 31.038 -17.5086 0.4
    endloop
  endfacet
  facet normal -0.0655308 -0.997851 0
    outer loop
      vertex 3.47789 -17.4671 0.4
      vertex 3.99866 -17.5013 1.601
      vertex 3.47789 -17.4671 1.601
    endloop
  endfacet
  facet normal -0.0655308 -0.997851 -0
    outer loop
      vertex 3.99866 -17.5013 1.601
      vertex 3.47789 -17.4671 0.4
      vertex 3.99866 -17.5013 0.4
    endloop
  endfacet
  facet normal -0.000337255 -1 0
    outer loop
      vertex 3.99866 -17.5013 0.4
      vertex 15.2661 -17.5051 1.601
      vertex 3.99866 -17.5013 1.601
    endloop
  endfacet
  facet normal -0.000337255 -1 -0
    outer loop
      vertex 15.2661 -17.5051 1.601
      vertex 3.99866 -17.5013 0.4
      vertex 15.2661 -17.5051 0.4
    endloop
  endfacet
  facet normal -0.000260633 -0.793442 0.608646
    outer loop
      vertex 15.2661 -17.2708 2.16669
      vertex 4.00223 -17.3942 2.001
      vertex 15.2661 -17.3979 2.001
    endloop
  endfacet
  facet normal -0.000303492 -0.923916 0.382595
    outer loop
      vertex 4.00223 -17.3942 2.001
      vertex 3.99976 -17.4741 1.80805
      vertex 15.2661 -17.3979 2.001
    endloop
  endfacet
  facet normal 0.154892 -0.778198 0.608619
    outer loop
      vertex 81.0997 -17.2652 2.001
      vertex 80.5838 -17.2383 2.16669
      vertex 80.6003 -17.3646 2.001
    endloop
  endfacet
  facet normal 0.350919 -0.711506 0.608782
    outer loop
      vertex 81.9747 -16.7659 2.16669
      vertex 81.5331 -16.9837 2.16669
      vertex 81.5819 -17.1014 2.001
    endloop
  endfacet
  facet normal 0.659918 -0.440621 0.608573
    outer loop
      vertex 83.3526 -15.3876 2.16669
      vertex 83.1803 -15.8745 2.001
      vertex 83.463 -15.4511 2.001
    endloop
  endfacet
  facet normal 0.751188 -0.254959 0.608862
    outer loop
      vertex 83.7287 -14.4792 2.16669
      vertex 83.5704 -14.9456 2.16669
      vertex 83.6881 -14.9945 2.001
    endloop
  endfacet
  facet normal 0.000158967 -0.991419 0.130722
    outer loop
      vertex 80.0912 -17.4781 1.80805
      vertex 59.5103 -17.4814 1.80805
      vertex 80.0923 -17.5054 1.601
    endloop
  endfacet
  facet normal 0.831521 0.555494 0
    outer loop
      vertex 83.5557 15.5032 1.601
      vertex 83.2651 15.9382 0.4
      vertex 83.2651 15.9382 1.601
    endloop
  endfacet
  facet normal 0.831521 0.555494 0
    outer loop
      vertex 83.2651 15.9382 0.4
      vertex 83.5557 15.5032 1.601
      vertex 83.5557 15.5032 0.4
    endloop
  endfacet
  facet normal -0.466369 0.531479 -0.707128
    outer loop
      vertex 1.80811 16.3559 0
      vertex 1.17073 16.3288 0.4
      vertex 1.56401 16.6739 0.4
    endloop
  endfacet
  facet normal 0.587976 0.392795 -0.707104
    outer loop
      vertex 83.5557 15.5032 0.4
      vertex 83.2086 15.3027 0
      vertex 83.2651 15.9382 0.4
    endloop
  endfacet
  facet normal 0.751842 0.659343 0
    outer loop
      vertex 83.2651 15.9382 1.601
      vertex 82.9201 16.3316 0.4
      vertex 82.9201 16.3316 1.601
    endloop
  endfacet
  facet normal 0.751842 0.659343 0
    outer loop
      vertex 82.9201 16.3316 0.4
      vertex 83.2651 15.9382 1.601
      vertex 83.2651 15.9382 0.4
    endloop
  endfacet
  facet normal 5.89803e-05 0.125849 0.992049
    outer loop
      vertex 80.074 16.9102 2.37374
      vertex 74.946 16.7056 2.4
      vertex 80.067 16.7032 2.4
    endloop
  endfacet
  facet normal -0.381861 -0.0250254 0.923881
    outer loop
      vertex 0.592941 -13.4819 2.37374
      vertex 0.399994 -13.4882 2.29382
      vertex 0.431641 -13.9711 2.29382
    endloop
  endfacet
  facet normal -0.778148 -0.154755 0.608717
    outer loop
      vertex 0.267029 -13.9928 2.16669
      vertex 0.140717 -14.0094 2.001
      vertex 0.240036 -14.5088 2.001
    endloop
  endfacet
  facet normal -0.791669 -0.0518923 0.608742
    outer loop
      vertex 0.234314 -13.4937 2.16669
      vertex 0.107178 -13.4978 2.001
      vertex 0.267029 -13.9928 2.16669
    endloop
  endfacet
  facet normal -0.768189 -0.513257 0.382691
    outer loop
      vertex 0.628967 -15.4477 2.001
      vertex 0.55957 -15.4877 1.80805
      vertex 0.848206 -15.9197 1.80805
    endloop
  endfacet
  facet normal -0.0082592 -0.125557 0.992052
    outer loop
      vertex 3.58263 -16.6723 2.4
      vertex 3.55548 -16.878 2.37374
      vertex 4.02501 -16.7014 2.4
    endloop
  endfacet
  facet normal 4.77266e-06 0.382758 0.923849
    outer loop
      vertex 74.9462 17.1056 2.29382
      vertex 66.9263 16.9128 2.37374
      vertex 74.9461 16.9127 2.37374
    endloop
  endfacet
  facet normal -0.923874 0 0.382697
    outer loop
      vertex 0.0272522 -13.1298 1.80805
      vertex 0.107178 -13.4978 2.001
      vertex 0.107178 -13.1296 2.001
    endloop
  endfacet
  facet normal -0.923874 0 0.382697
    outer loop
      vertex 0.107178 -13.4978 2.001
      vertex 0.0272522 -13.1298 1.80805
      vertex 0.0272522 -13.5003 1.80805
    endloop
  endfacet
  facet normal -0.669641 0.227109 -0.707109
    outer loop
      vertex 0.523193 14.4316 0
      vertex 0.304031 15.0308 0.4
      vertex 0.674454 14.8776 0
    endloop
  endfacet
  facet normal -0.634293 0.312546 -0.707097
    outer loop
      vertex 0.674454 14.8776 0
      vertex 0.304031 15.0308 0.4
      vertex 0.882492 15.2998 0
    endloop
  endfacet
  facet normal -0.22744 0.669496 -0.707139
    outer loop
      vertex 3.06746 16.9774 0
      vertex 2.46817 17.1963 0.4
      vertex 2.96358 17.3646 0.4
    endloop
  endfacet
  facet normal 0.466378 -0.531587 -0.707041
    outer loop
      vertex 82.9205 -16.3333 0.4
      vertex 82.2832 -16.3604 0
      vertex 82.637 -16.05 0
    endloop
  endfacet
  facet normal 0.531755 -0.466112 -0.70709
    outer loop
      vertex 83.2654 -15.9399 0.4
      vertex 82.637 -16.05 0
      vertex 82.9473 -15.696 0
    endloop
  endfacet
  facet normal 0.0464804 0.705564 -0.707121
    outer loop
      vertex 80.5614 17.0715 0
      vertex 80.0802 17.1032 0
      vertex 80.0936 17.5032 0.4
    endloop
  endfacet
  facet normal 0.0465237 0.705587 -0.707095
    outer loop
      vertex 80.5614 17.0715 0
      vertex 80.0936 17.5032 0.4
      vertex 80.6138 17.4689 0.4
    endloop
  endfacet
  facet normal -0.227497 0.669427 -0.707186
    outer loop
      vertex 2.62166 16.8259 0
      vertex 2.46817 17.1963 0.4
      vertex 3.06746 16.9774 0
    endloop
  endfacet
  facet normal -0.634291 0.312521 -0.707111
    outer loop
      vertex 0.882492 15.2998 0
      vertex 0.304031 15.0308 0.4
      vertex 0.535309 15.5002 0.4
    endloop
  endfacet
  facet normal -0.555802 0.831314 0
    outer loop
      vertex 1.99896 16.9647 0.4
      vertex 1.56401 16.6739 1.601
      vertex 1.99896 16.9647 1.601
    endloop
  endfacet
  facet normal -0.555802 0.831314 0
    outer loop
      vertex 1.56401 16.6739 1.601
      vertex 1.99896 16.9647 0.4
      vertex 1.56401 16.6739 0.4
    endloop
  endfacet
  facet normal -0.94702 0.321175 0
    outer loop
      vertex 0.135986 14.5353 0.4
      vertex 0.304031 15.0308 1.601
      vertex 0.304031 15.0308 0.4
    endloop
  endfacet
  facet normal -0.94702 0.321175 0
    outer loop
      vertex 0.304031 15.0308 1.601
      vertex 0.135986 14.5353 0.4
      vertex 0.135986 14.5353 1.601
    endloop
  endfacet
  facet normal -0.889705 0.437463 0.130578
    outer loop
      vertex 0.535309 15.5002 1.601
      vertex 0.549027 15.4687 1.8
      vertex 0.558025 15.487 1.8
    endloop
  endfacet
  facet normal -0.889337 0.438185 0.130667
    outer loop
      vertex 0.549027 15.4687 1.8
      vertex 0.535309 15.5002 1.601
      vertex 0.304031 15.0308 1.601
    endloop
  endfacet
  facet normal 0 0.382589 0.923919
    outer loop
      vertex 66.9263 17.1058 2.29382
      vertex 44.5474 16.9128 2.37374
      vertex 66.9263 16.9128 2.37374
    endloop
  endfacet
  facet normal -0 0.382589 0.923919
    outer loop
      vertex 44.5032 17.1058 2.29382
      vertex 44.5474 16.9128 2.37374
      vertex 66.9263 17.1058 2.29382
    endloop
  endfacet
  facet normal 0.000164198 0.382621 0.923906
    outer loop
      vertex 44.5474 16.9128 2.37374
      vertex 44.5032 17.1058 2.29382
      vertex 44.486 17.048 2.31776
    endloop
  endfacet
  facet normal -0.0399356 0.607382 0.793405
    outer loop
      vertex 3.68934 17.1357 2.25116
      vertex 4.01216 17.1012 2.29382
      vertex 4.00659 17.2669 2.16669
    endloop
  endfacet
  facet normal -0.0399176 0.607469 0.79334
    outer loop
      vertex 4.01216 17.1012 2.29382
      vertex 3.68934 17.1357 2.25116
      vertex 3.66671 17.0785 2.29382
    endloop
  endfacet
  facet normal 0.318195 0.212617 0.923876
    outer loop
      vertex 82.947 15.6942 2.29382
      vertex 82.7936 15.5765 2.37374
      vertex 83.2086 15.3027 2.29382
    endloop
  endfacet
  facet normal 0.00826728 0.125572 0.99205
    outer loop
      vertex 80.074 16.9102 2.37374
      vertex 80.067 16.7032 2.4
      vertex 80.509 16.6741 2.4
    endloop
  endfacet
  facet normal 0 -0.125791 0.992057
    outer loop
      vertex 31.0382 -16.7086 2.4
      vertex 59.5101 -16.9157 2.37374
      vertex 59.5101 -16.7086 2.4
    endloop
  endfacet
  facet normal 0 -0.125791 0.992057
    outer loop
      vertex 59.5101 -16.9157 2.37374
      vertex 31.0382 -16.7086 2.4
      vertex 31.0381 -16.9157 2.37374
    endloop
  endfacet
  facet normal 0.00826461 -0.125554 0.992052
    outer loop
      vertex 80.5096 -16.6762 2.4
      vertex 80.066 -16.7054 2.4
      vertex 80.5368 -16.8819 2.37374
    endloop
  endfacet
  facet normal 0.000284661 0.608938 0.793218
    outer loop
      vertex 80.0858 17.2688 2.16669
      vertex 74.9462 17.1056 2.29382
      vertex 80.0802 17.1032 2.29382
    endloop
  endfacet
  facet normal -3.6537e-05 0.125777 0.992059
    outer loop
      vertex 6.48646 16.7408 2.39507
      vertex 4.02531 16.7012 2.4
      vertex 6.43503 16.7019 2.4
    endloop
  endfacet
  facet normal -2.77407e-06 0.125865 0.992047
    outer loop
      vertex 16.781 16.842 2.38263
      vertex 17.1275 16.7051 2.4
      vertex 17.1275 16.8145 2.38612
    endloop
  endfacet
  facet normal -4.3609e-05 0.125763 0.99206
    outer loop
      vertex 15.402 16.836 2.38333
      vertex 17.1275 16.7051 2.4
      vertex 16.781 16.842 2.38263
    endloop
  endfacet
  facet normal -3.69818e-05 0.125849 0.992049
    outer loop
      vertex 17.1275 16.7051 2.4
      vertex 15.402 16.836 2.38333
      vertex 14.4051 16.7043 2.4
    endloop
  endfacet
  facet normal 0.154732 0.77818 0.608683
    outer loop
      vertex 80.5997 17.3624 2.001
      vertex 80.5831 17.2361 2.16669
      vertex 81.0991 17.2631 2.001
    endloop
  endfacet
  facet normal 0.25236 0.287761 0.923855
    outer loop
      vertex 82.6366 16.0481 2.29382
      vertex 82.165 16.2051 2.37374
      vertex 82.4999 15.9114 2.37374
    endloop
  endfacet
  facet normal 0.694616 0.609331 0.382392
    outer loop
      vertex 83.2434 15.9215 1.80805
      vertex 82.8441 16.2556 2.001
      vertex 83.1799 15.8728 2.001
    endloop
  endfacet
  facet normal 0.550792 0.824389 0.130428
    outer loop
      vertex 82.5267 16.6766 1.601
      vertex 82.0916 16.9673 1.601
      vertex 82.51 16.655 1.80805
    endloop
  endfacet
  facet normal -0.000659984 0.792707 0.609602
    outer loop
      vertex 6.56166 17.3948 2.001
      vertex 6.59006 17.3697 2.03367
      vertex 6.58399 17.379 2.02157
    endloop
  endfacet
  facet normal -0.000247847 0.792881 0.609377
    outer loop
      vertex 6.59006 17.3697 2.03367
      vertex 6.56166 17.3948 2.001
      vertex 4.0024 17.394 2.001
    endloop
  endfacet
  facet normal -0 0.382882 0.923797
    outer loop
      vertex 29.6875 17.1055 2.29382
      vertex 31.3401 16.9942 2.33995
      vertex 31.3224 17.1055 2.29382
    endloop
  endfacet
  facet normal -2.50661e-05 0.382564 0.923929
    outer loop
      vertex 31.3401 16.9942 2.33995
      vertex 29.6875 17.1055 2.29382
      vertex 29.6469 17.008 2.33419
    endloop
  endfacet
  facet normal -3.11802e-06 0.382591 0.923918
    outer loop
      vertex 39.8741 17.1058 2.29382
      vertex 37.5309 16.9435 2.36102
      vertex 39.8813 16.9242 2.36902
    endloop
  endfacet
  facet normal -1.60375e-05 0.382751 0.923852
    outer loop
      vertex 37.4875 17.1057 2.29382
      vertex 37.5309 16.9435 2.36102
      vertex 39.8741 17.1058 2.29382
    endloop
  endfacet
  facet normal -0.000382155 0.382667 0.923886
    outer loop
      vertex 37.5309 16.9435 2.36102
      vertex 37.4875 17.1057 2.29382
      vertex 37.483 17.095 2.29825
    endloop
  endfacet
  facet normal 0.000178847 0.382584 0.923921
    outer loop
      vertex 80.0802 17.1032 2.29382
      vertex 74.9462 17.1056 2.29382
      vertex 80.074 16.9102 2.37374
    endloop
  endfacet
  facet normal 0.0400271 0.607604 0.793231
    outer loop
      vertex 80.0858 17.2688 2.16669
      vertex 80.0802 17.1032 2.29382
      vertex 80.5614 17.0715 2.29382
    endloop
  endfacet
  facet normal -0.00018197 0.608796 0.793327
    outer loop
      vertex 6.67246 17.234 2.19252
      vertex 4.01216 17.1012 2.29382
      vertex 6.68863 17.102 2.29382
    endloop
  endfacet
  facet normal -0.000175108 0.608709 0.793393
    outer loop
      vertex 4.01216 17.1012 2.29382
      vertex 6.67246 17.234 2.19252
      vertex 4.00659 17.2669 2.16669
    endloop
  endfacet
  facet normal 0.000162 0.126338 0.991987
    outer loop
      vertex 17.718 16.733 2.39647
      vertex 17.7827 16.7052 2.4
      vertex 17.7827 16.7158 2.39865
    endloop
  endfacet
  facet normal -1.24174e-06 0.125964 0.992035
    outer loop
      vertex 17.7827 16.7052 2.4
      vertex 17.718 16.733 2.39647
      vertex 17.6746 16.7393 2.39567
    endloop
  endfacet
  facet normal 0.0251208 0.381852 0.923882
    outer loop
      vertex 80.5614 17.0715 2.29382
      vertex 80.074 16.9102 2.37374
      vertex 80.5361 16.8798 2.37374
    endloop
  endfacet
  facet normal 0.00826009 0.125559 0.992052
    outer loop
      vertex 80.5361 16.8798 2.37374
      vertex 80.074 16.9102 2.37374
      vertex 80.509 16.6741 2.4
    endloop
  endfacet
  facet normal -0.0251209 0.381882 0.92387
    outer loop
      vertex 3.64768 17.0303 2.31319
      vertex 3.58818 16.8799 2.37374
      vertex 4.01839 16.9082 2.37374
    endloop
  endfacet
  facet normal -0.0250871 0.381777 0.923914
    outer loop
      vertex 3.66671 17.0785 2.29382
      vertex 4.01839 16.9082 2.37374
      vertex 4.01216 17.1012 2.29382
    endloop
  endfacet
  facet normal -0.025328 0.381358 0.924081
    outer loop
      vertex 4.01839 16.9082 2.37374
      vertex 3.66671 17.0785 2.29382
      vertex 3.64768 17.0303 2.31319
    endloop
  endfacet
  facet normal -0.060462 0.921875 0.382742
    outer loop
      vertex 3.79859 17.4119 1.92569
      vertex 3.78589 17.3798 2.001
      vertex 4.0024 17.394 2.001
    endloop
  endfacet
  facet normal -0.438308 0.889277 0.13066
    outer loop
      vertex 2.46817 17.1963 1.601
      vertex 2.45993 17.163 1.8
      vertex 2.47819 17.172 1.8
    endloop
  endfacet
  facet normal -0.438823 0.889033 0.130597
    outer loop
      vertex 2.45993 17.163 1.8
      vertex 2.46817 17.1963 1.601
      vertex 1.99896 16.9647 1.601
    endloop
  endfacet
  facet normal -0.652949 0.746019 0.130816
    outer loop
      vertex 1.56401 16.6739 1.601
      vertex 1.56469 16.6396 1.8
      vertex 1.58 16.653 1.8
    endloop
  endfacet
  facet normal -0.653909 0.745202 0.130679
    outer loop
      vertex 1.56469 16.6396 1.8
      vertex 1.56401 16.6739 1.601
      vertex 1.17073 16.3288 1.601
    endloop
  endfacet
  facet normal -0.88933 0.438232 0.130556
    outer loop
      vertex 0.549027 15.4687 1.8
      vertex 0.304031 15.0308 1.601
      vertex 0.328317 15.0208 1.8
    endloop
  endfacet
  facet normal -0.0648579 0.989165 0.131701
    outer loop
      vertex 3.99991 17.4739 1.80805
      vertex 3.81885 17.4631 1.8
      vertex 3.81842 17.462 1.80805
    endloop
  endfacet
  facet normal -0.0652436 0.989311 0.13041
    outer loop
      vertex 3.81885 17.4631 1.8
      vertex 3.99881 17.5012 1.601
      vertex 3.50042 17.4421 1.8
    endloop
  endfacet
  facet normal -0.0648246 0.989289 0.130784
    outer loop
      vertex 3.99881 17.5012 1.601
      vertex 3.81885 17.4631 1.8
      vertex 3.99991 17.4739 1.80805
    endloop
  endfacet
  facet normal -0.000151296 0.991444 0.130532
    outer loop
      vertex 17.7825 17.5052 1.601
      vertex 17.1272 17.4789 1.8
      vertex 17.7825 17.479 1.8
    endloop
  endfacet
  facet normal -0.000151296 0.991444 0.130532
    outer loop
      vertex 17.1272 17.4789 1.8
      vertex 17.7825 17.5052 1.601
      vertex 17.1272 17.5051 1.601
    endloop
  endfacet
  facet normal 0 0.793442 0.608646
    outer loop
      vertex 44.6655 17.3986 2.001
      vertex 44.5527 17.2715 2.16669
      vertex 66.9264 17.2715 2.16669
    endloop
  endfacet
  facet normal -0 0.793442 0.608646
    outer loop
      vertex 44.6655 17.3986 2.001
      vertex 66.9264 17.2715 2.16669
      vertex 66.9264 17.3986 2.001
    endloop
  endfacet
  facet normal -0.000207838 0.79351 0.608557
    outer loop
      vertex 44.5527 17.2715 2.16669
      vertex 44.6655 17.3986 2.001
      vertex 44.566 17.316 2.10867
    endloop
  endfacet
  facet normal 2.49377e-05 1 -0
    outer loop
      vertex 74.9464 17.5056 0.4
      vertex 66.9264 17.5058 1.601
      vertex 74.9464 17.5056 1.601
    endloop
  endfacet
  facet normal 2.49377e-05 1 0
    outer loop
      vertex 66.9264 17.5058 1.601
      vertex 74.9464 17.5056 0.4
      vertex 66.9264 17.5058 0.4
    endloop
  endfacet
  facet normal -0.138192 0.69344 -0.707138
    outer loop
      vertex 3.06746 16.9774 0
      vertex 2.96358 17.3646 0.4
      vertex 3.52911 17.0694 0
    endloop
  endfacet
  facet normal -0 0.923918 0.382591
    outer loop
      vertex 44.7618 17.4785 1.80805
      vertex 66.9264 17.3986 2.001
      vertex 66.9263 17.4785 1.80805
    endloop
  endfacet
  facet normal 0 0.923918 0.382591
    outer loop
      vertex 66.9264 17.3986 2.001
      vertex 44.7618 17.4785 1.80805
      vertex 44.6655 17.3986 2.001
    endloop
  endfacet
  facet normal 0.0607747 0.921931 0.382556
    outer loop
      vertex 80.0925 17.4759 1.80805
      vertex 80.09 17.396 2.001
      vertex 80.5997 17.3624 2.001
    endloop
  endfacet
  facet normal 0 0.991444 0.130532
    outer loop
      vertex 41.2691 17.5058 1.601
      vertex 40.3553 17.4796 1.8
      vertex 41.269 17.4796 1.8
    endloop
  endfacet
  facet normal -2.53283e-05 0.991459 0.130418
    outer loop
      vertex 40.3553 17.4796 1.8
      vertex 41.2691 17.5058 1.601
      vertex 17.7825 17.5052 1.601
    endloop
  endfacet
  facet normal 0.125566 0.00820691 0.992051
    outer loop
      vertex 83.4683 13.9477 2.37374
      vertex 83.2626 13.9206 2.4
      vertex 83.2916 13.4769 2.4
    endloop
  endfacet
  facet normal 0.125521 0.00822382 0.992057
    outer loop
      vertex 83.4683 13.9477 2.37374
      vertex 83.2916 13.4769 2.4
      vertex 83.4987 13.4837 2.37374
    endloop
  endfacet
  facet normal 0.608944 0 0.793213
    outer loop
      vertex 83.6917 13.49 2.29382
      vertex 83.8573 -13.4978 2.16669
      vertex 83.8573 13.4955 2.16669
    endloop
  endfacet
  facet normal 0.608944 0 0.793213
    outer loop
      vertex 83.8573 -13.4978 2.16669
      vertex 83.6917 13.49 2.29382
      vertex 83.6917 -13.4923 2.29382
    endloop
  endfacet
  facet normal 0.343209 0.169247 0.923885
    outer loop
      vertex 83.2086 15.3027 2.29382
      vertex 83.0411 15.2061 2.37374
      vertex 83.4168 14.8805 2.29382
    endloop
  endfacet
  facet normal 0.506037 0.338182 0.793448
    outer loop
      vertex 83.3524 15.3858 2.16669
      vertex 83.0788 15.7952 2.16669
      vertex 83.2086 15.3027 2.29382
    endloop
  endfacet
  facet normal 0.751103 0.254985 0.608955
    outer loop
      vertex 83.688 14.9927 2.001
      vertex 83.5702 14.944 2.16669
      vertex 83.7285 14.4777 2.16669
    endloop
  endfacet
  facet normal 0.751178 0.254964 0.608871
    outer loop
      vertex 83.8516 14.5107 2.001
      vertex 83.688 14.9927 2.001
      vertex 83.7285 14.4777 2.16669
    endloop
  endfacet
  facet normal 0.768134 0.513334 0.382699
    outer loop
      vertex 83.5321 15.4895 1.80805
      vertex 83.2434 15.9215 1.80805
      vertex 83.4627 15.4495 2.001
    endloop
  endfacet
  facet normal 0.828561 0.408658 0.382734
    outer loop
      vertex 83.5321 15.4895 1.80805
      vertex 83.4627 15.4495 2.001
      vertex 83.688 14.9927 2.001
    endloop
  endfacet
  facet normal 0.938816 0.318686 0.130632
    outer loop
      vertex 83.9554 14.5384 1.601
      vertex 83.7872 15.0339 1.601
      vertex 83.929 14.5313 1.80805
    endloop
  endfacet
  facet normal 0.874908 0.297028 0.382504
    outer loop
      vertex 83.7619 15.0235 1.80805
      vertex 83.688 14.9927 2.001
      vertex 83.929 14.5313 1.80805
    endloop
  endfacet
  facet normal 0.634149 0.312719 -0.70715
    outer loop
      vertex 83.4168 14.8805 0
      vertex 83.2086 15.3027 0
      vertex 83.7872 15.0339 0.4
    endloop
  endfacet
  facet normal 0.889168 0.438616 0.130371
    outer loop
      vertex 83.5557 15.5032 1.601
      vertex 83.5321 15.4895 1.80805
      vertex 83.7872 15.0339 1.601
    endloop
  endfacet
  facet normal 0.745379 0.653675 0.130843
    outer loop
      vertex 83.2651 15.9382 1.601
      vertex 82.9201 16.3316 1.601
      vertex 83.2434 15.9215 1.80805
    endloop
  endfacet
  facet normal 0.824375 0.55072 0.130818
    outer loop
      vertex 83.2651 15.9382 1.601
      vertex 83.2434 15.9215 1.80805
      vertex 83.5557 15.5032 1.601
    endloop
  endfacet
  facet normal 0.00043109 0.923916 0.382596
    outer loop
      vertex 80.0925 17.4759 1.80805
      vertex 74.9463 17.3984 2.001
      vertex 80.09 17.396 2.001
    endloop
  endfacet
  facet normal 0.0607108 0.921879 0.382693
    outer loop
      vertex 80.6103 17.4418 1.80805
      vertex 80.0925 17.4759 1.80805
      vertex 80.5997 17.3624 2.001
    endloop
  endfacet
  facet normal 0.791692 -0.0519015 0.608712
    outer loop
      vertex 83.9845 -13.5019 2.001
      vertex 83.8247 -13.9962 2.16669
      vertex 83.951 -14.0129 2.001
    endloop
  endfacet
  facet normal 0.791528 -0.0517733 0.608936
    outer loop
      vertex 83.8573 -13.4978 2.16669
      vertex 83.8247 -13.9962 2.16669
      vertex 83.9845 -13.5019 2.001
    endloop
  endfacet
  facet normal 0.466394 -0.531535 -0.70707
    outer loop
      vertex 82.5272 -16.6784 0.4
      vertex 82.2832 -16.3604 0
      vertex 82.9205 -16.3333 0.4
    endloop
  endfacet
  facet normal -9.59881e-06 0.125757 0.992061
    outer loop
      vertex 17.1275 16.7051 2.4
      vertex 17.6746 16.7393 2.39567
      vertex 17.197 16.809 2.38683
    endloop
  endfacet
  facet normal -1.92167e-05 0.125908 0.992042
    outer loop
      vertex 17.6746 16.7393 2.39567
      vertex 17.1275 16.7051 2.4
      vertex 17.7827 16.7052 2.4
    endloop
  endfacet
  facet normal -0.000174055 0.125865 0.992047
    outer loop
      vertex 17.1275 16.7051 2.4
      vertex 17.197 16.809 2.38683
      vertex 17.1275 16.8145 2.38612
    endloop
  endfacet
  facet normal 0.125509 -0.00821428 0.992059
    outer loop
      vertex 83.2916 -13.4792 2.4
      vertex 83.2626 -13.9223 2.4
      vertex 83.4684 -13.9493 2.37374
    endloop
  endfacet
  facet normal 0.375363 -0.0746498 0.923867
    outer loop
      vertex 83.6601 -13.9746 2.29382
      vertex 83.3815 -14.3864 2.37374
      vertex 83.5683 -14.4362 2.29382
    endloop
  endfacet
  facet normal 0.653879 -0.745273 0.130421
    outer loop
      vertex 82.9012 -16.314 1.80805
      vertex 82.5106 -16.6567 1.80805
      vertex 82.9205 -16.3333 1.601
    endloop
  endfacet
  facet normal 0.523088 -0.596366 0.608873
    outer loop
      vertex 82.7545 -16.1673 2.16669
      vertex 82.3842 -16.4921 2.16669
      vertex 82.4618 -16.5932 2.001
    endloop
  endfacet
  facet normal 1 -0 0
    outer loop
      vertex 84.0916 -13.5054 1.601
      vertex 84.0916 13.5032 0.4
      vertex 84.0916 13.5032 1.601
    endloop
  endfacet
  facet normal 1 0 0
    outer loop
      vertex 84.0916 13.5032 0.4
      vertex 84.0916 -13.5054 1.601
      vertex 84.0916 -13.5054 0.4
    endloop
  endfacet
  facet normal 0.438673 -0.889095 0.130675
    outer loop
      vertex 82.0922 -16.9692 1.601
      vertex 81.6126 -17.1754 1.80805
      vertex 81.623 -17.2007 1.601
    endloop
  endfacet
  facet normal -0.392997 0.587807 -0.707133
    outer loop
      vertex 1.80811 16.3559 0
      vertex 1.56401 16.6739 0.4
      vertex 1.99896 16.9647 0.4
    endloop
  endfacet
  facet normal -0.53173 0.466048 -0.707151
    outer loop
      vertex 1.4543 16.0454 0
      vertex 1.14394 15.6913 0
      vertex 1.17073 16.3288 0.4
    endloop
  endfacet
  facet normal -0.596405 -0.523079 0.608843
    outer loop
      vertex 1.01286 -15.7934 2.16669
      vertex 0.911774 -15.871 2.001
      vertex 1.24751 -16.2538 2.001
    endloop
  endfacet
  facet normal -0.53162 -0.466196 -0.707136
    outer loop
      vertex 1.17157 -16.3298 0.4
      vertex 0.826584 -15.9364 0.4
      vertex 1.45502 -16.0463 0
    endloop
  endfacet
  facet normal -0.669577 -0.227302 -0.707108
    outer loop
      vertex 0.674835 -14.8787 0
      vertex 0.304489 -15.0321 0.4
      vertex 0.523499 -14.4329 0
    endloop
  endfacet
  facet normal -0.212557 -0.318169 0.923898
    outer loop
      vertex 1.92667 -16.2033 2.37374
      vertex 1.80891 -16.3567 2.29382
      vertex 2.20049 -16.6183 2.29382
    endloop
  endfacet
  facet normal -0.312731 -0.634144 -0.70715
    outer loop
      vertex 2.46927 -17.1969 0.4
      vertex 2.20049 -16.6183 0
      vertex 2.62267 -16.8265 0
    endloop
  endfacet
  facet normal -0.227248 -0.669548 -0.707151
    outer loop
      vertex 3.06845 -16.9778 0
      vertex 2.46927 -17.1969 0.4
      vertex 2.62267 -16.8265 0
    endloop
  endfacet
  facet normal 0.119126 0.0404206 0.992056
    outer loop
      vertex 83.3814 14.3846 2.37374
      vertex 83.0465 14.7271 2.4
      vertex 83.1809 14.331 2.4
    endloop
  endfacet
  facet normal -0.401419 -0.457661 0.793353
    outer loop
      vertex 1.80891 -16.3567 2.29382
      vertex 1.45502 -16.0463 2.29382
      vertex 1.70792 -16.4885 2.16669
    endloop
  endfacet
  facet normal -0.0746911 -0.375341 0.923872
    outer loop
      vertex 3.55548 -16.878 2.37374
      vertex 3.06845 -16.9778 2.29382
      vertex 3.53027 -17.0697 2.29382
    endloop
  endfacet
  facet normal -0.0698929 -0.104611 0.992054
    outer loop
      vertex 2.40083 -16.2711 2.4
      vertex 2.05299 -16.0387 2.4
      vertex 2.29706 -16.4508 2.37374
    endloop
  endfacet
  facet normal -0.123393 -0.024547 0.992054
    outer loop
      vertex 0.829086 -13.9188 2.4
      vertex 0.623352 -13.9459 2.37374
      vertex 0.710266 -14.3828 2.37374
    endloop
  endfacet
  facet normal 0.0404796 -0.119151 0.992051
    outer loop
      vertex 81.3161 -16.46 2.4
      vertex 80.9736 -16.795 2.37374
      vertex 81.3954 -16.6517 2.37374
    endloop
  endfacet
  facet normal 9.4675e-05 -0.608713 0.793391
    outer loop
      vertex 80.0846 -17.2711 2.16669
      vertex 59.5102 -17.1086 2.29382
      vertex 59.5102 -17.2743 2.16669
    endloop
  endfacet
  facet normal -2.79148e-05 -0.125791 0.992057
    outer loop
      vertex 15.2663 -16.7051 2.4
      vertex 15.2663 -16.9122 2.37374
      vertex 31.0382 -16.7086 2.4
    endloop
  endfacet
  facet normal 0.0404326 -0.119103 0.992058
    outer loop
      vertex 81.3161 -16.46 2.4
      vertex 80.9199 -16.5945 2.4
      vertex 80.9736 -16.795 2.37374
    endloop
  endfacet
  facet normal 0.212619 -0.318076 0.923916
    outer loop
      vertex 82.1654 -16.207 2.37374
      vertex 81.8917 -16.6221 2.29382
      vertex 82.2832 -16.3604 2.29382
    endloop
  endfacet
  facet normal 0.318224 -0.212579 0.923874
    outer loop
      vertex 83.0414 -15.2078 2.37374
      vertex 82.7939 -15.5783 2.37374
      vertex 82.9473 -15.696 2.29382
    endloop
  endfacet
  facet normal 0.34323 -0.16921 0.923884
    outer loop
      vertex 83.2384 -14.8082 2.37374
      vertex 83.0414 -15.2078 2.37374
      vertex 83.2089 -15.3044 2.29382
    endloop
  endfacet
  facet normal -0.296899 -0.874854 0.382729
    outer loop
      vertex 2.99251 -17.2613 2.001
      vertex 2.51044 -17.0977 2.001
      vertex 2.97185 -17.3387 1.80805
    endloop
  endfacet
  facet normal -0.0606438 -0.921892 0.38267
    outer loop
      vertex 3.4919 -17.3606 2.001
      vertex 3.48138 -17.44 1.80805
      vertex 3.99976 -17.4741 1.80805
    endloop
  endfacet
  facet normal 0.0398633 -0.607381 0.79341
    outer loop
      vertex 80.562 -17.0737 2.29382
      vertex 80.079 -17.1054 2.29382
      vertex 80.0846 -17.2711 2.16669
    endloop
  endfacet
  facet normal -8.49397e-05 -0.382758 0.923849
    outer loop
      vertex 15.2663 -16.9122 2.37374
      vertex 15.2662 -17.1051 2.29382
      vertex 31.0381 -16.9157 2.37374
    endloop
  endfacet
  facet normal -0.000311569 -0.923748 0.383
    outer loop
      vertex 15.2661 -17.3979 2.001
      vertex 3.99976 -17.4741 1.80805
      vertex 15.2661 -17.4779 1.80805
    endloop
  endfacet
  facet normal 0.000148161 -0.923917 0.382593
    outer loop
      vertex 80.0887 -17.3982 2.001
      vertex 59.5102 -17.4015 2.001
      vertex 80.0912 -17.4781 1.80805
    endloop
  endfacet
  facet normal -0.000181054 -0.793211 0.608947
    outer loop
      vertex 31.0381 -17.2743 2.16669
      vertex 15.2661 -17.3979 2.001
      vertex 31.038 -17.4015 2.001
    endloop
  endfacet
  facet normal 0.180526 -0.906188 0.382406
    outer loop
      vertex 81.0997 -17.2652 2.001
      vertex 80.6109 -17.444 1.80805
      vertex 81.1204 -17.3425 1.80805
    endloop
  endfacet
  facet normal 0.193704 -0.972336 0.13054
    outer loop
      vertex 81.1204 -17.3425 1.80805
      vertex 80.6109 -17.444 1.80805
      vertex 80.6144 -17.4711 1.601
    endloop
  endfacet
  facet normal 0.195741 -0.576363 0.793405
    outer loop
      vertex 81.4695 -16.8303 2.29382
      vertex 81.0237 -16.9817 2.29382
      vertex 81.0667 -17.1421 2.16669
    endloop
  endfacet
  facet normal 0.123062 -0.36236 0.923878
    outer loop
      vertex 81.3954 -16.6517 2.37374
      vertex 81.0237 -16.9817 2.29382
      vertex 81.4695 -16.8303 2.29382
    endloop
  endfacet
  facet normal 0.0604899 -0.921895 0.382688
    outer loop
      vertex 80.6003 -17.3646 2.001
      vertex 80.0912 -17.4781 1.80805
      vertex 80.6109 -17.444 1.80805
    endloop
  endfacet
  facet normal 0.180344 -0.906074 0.382762
    outer loop
      vertex 81.0997 -17.2652 2.001
      vertex 80.6003 -17.3646 2.001
      vertex 80.6109 -17.444 1.80805
    endloop
  endfacet
  facet normal 0.506125 -0.338076 0.793437
    outer loop
      vertex 83.3526 -15.3876 2.16669
      vertex 82.9473 -15.696 2.29382
      vertex 83.0792 -15.7969 2.16669
    endloop
  endfacet
  facet normal 0.576553 -0.195687 0.79328
    outer loop
      vertex 83.7287 -14.4792 2.16669
      vertex 83.417 -14.8822 2.29382
      vertex 83.5704 -14.9456 2.16669
    endloop
  endfacet
  facet normal 0.000143906 -1 0
    outer loop
      vertex 60.9 -17.5084 0.4
      vertex 59.5102 -17.5086 1.601
      vertex 59.5102 -17.5086 0.4
    endloop
  endfacet
  facet normal 0.0001 -1 -5.08077e-05
    outer loop
      vertex 61.9 -17.5083 0.4
      vertex 59.5102 -17.5086 1.601
      vertex 60.9 -17.5084 0.4
    endloop
  endfacet
  facet normal 0.000155475 -1 5.95786e-05
    outer loop
      vertex 59.5102 -17.5086 1.601
      vertex 61.9 -17.5083 0.4
      vertex 80.0923 -17.5054 1.601
    endloop
  endfacet
  facet normal 0.000159408 -1 0
    outer loop
      vertex 80.0923 -17.5054 1.601
      vertex 61.9 -17.5083 0.4
      vertex 80.0923 -17.5054 0.4
    endloop
  endfacet
  facet normal -0.125814 0 0.992054
    outer loop
      vertex 0.592941 -13.1289 2.37374
      vertex 0.800003 -13.4751 2.4
      vertex 0.800003 -13.1287 2.4
    endloop
  endfacet
  facet normal -0.125814 0 0.992054
    outer loop
      vertex 0.800003 -13.4751 2.4
      vertex 0.592941 -13.1289 2.37374
      vertex 0.592941 -13.4819 2.37374
    endloop
  endfacet
  facet normal -0.125794 0 0.992056
    outer loop
      vertex 0.700004 1.64099 2.38732
      vertex 0.800003 -0.524975 2.4
      vertex 0.800003 2.31361 2.4
    endloop
  endfacet
  facet normal -0.125804 -4.65866e-07 0.992055
    outer loop
      vertex 0.653007 1.12399 2.38136
      vertex 0.800003 -0.524975 2.4
      vertex 0.700004 1.64099 2.38732
    endloop
  endfacet
  facet normal -0.125799 0 0.992056
    outer loop
      vertex 0.653007 0.055995 2.38136
      vertex 0.800003 -0.524975 2.4
      vertex 0.653007 1.12399 2.38136
    endloop
  endfacet
  facet normal -0.125815 -4.25107e-06 0.992054
    outer loop
      vertex 0.687003 -0.289005 2.38567
      vertex 0.800003 -0.524975 2.4
      vertex 0.653007 0.055995 2.38136
    endloop
  endfacet
  facet normal -0.125802 2.15743e-06 0.992055
    outer loop
      vertex 0.800003 -0.524975 2.4
      vertex 0.687003 -0.289005 2.38567
      vertex 0.734 -0.440006 2.39163
    endloop
  endfacet
  facet normal -0.119137 -0.0404364 0.992054
    outer loop
      vertex 0.910706 -14.3291 2.4
      vertex 0.710266 -14.3828 2.37374
      vertex 1.04518 -14.7253 2.4
    endloop
  endfacet
  facet normal -0.609248 -0.694629 0.382502
    outer loop
      vertex 1.63037 -16.5896 2.001
      vertex 1.24751 -16.2538 2.001
      vertex 1.58163 -16.6531 1.80805
    endloop
  endfacet
  facet normal -0.896849 -0.442337 0
    outer loop
      vertex 0.535904 -15.5013 0.4
      vertex 0.304489 -15.0321 1.601
      vertex 0.304489 -15.0321 0.4
    endloop
  endfacet
  facet normal -0.896849 -0.442337 0
    outer loop
      vertex 0.304489 -15.0321 1.601
      vertex 0.535904 -15.5013 0.4
      vertex 0.535904 -15.5013 1.601
    endloop
  endfacet
  facet normal -0.408647 -0.828575 0.382715
    outer loop
      vertex 2.05362 -16.8724 2.001
      vertex 2.01363 -16.9418 1.80805
      vertex 2.51044 -17.0977 2.001
    endloop
  endfacet
  facet normal -0.212636 -0.318215 0.923864
    outer loop
      vertex 2.29706 -16.4508 2.37374
      vertex 1.92667 -16.2033 2.37374
      vertex 2.20049 -16.6183 2.29382
    endloop
  endfacet
  facet normal -0.343202 -0.169244 0.923888
    outer loop
      vertex 0.853485 -14.8047 2.37374
      vertex 0.674835 -14.8787 2.29382
      vertex 1.05054 -15.2043 2.37374
    endloop
  endfacet
  facet normal -0.607458 -0.0398177 0.793353
    outer loop
      vertex 0.431641 -13.9711 2.29382
      vertex 0.234314 -13.4937 2.16669
      vertex 0.267029 -13.9928 2.16669
    endloop
  endfacet
  facet normal -1 0 0
    outer loop
      vertex 0 -13.5013 0.4
      vertex 0 13.5012 1.601
      vertex 0 13.5012 0.4
    endloop
  endfacet
  facet normal -1 -0 0
    outer loop
      vertex 0 13.5012 1.601
      vertex 0 -13.5013 0.4
      vertex 0 -13.5013 1.601
    endloop
  endfacet
  facet normal -0.921912 -0.060443 0.382654
    outer loop
      vertex 0.140717 -14.0094 2.001
      vertex 0.0272522 -13.5003 1.80805
      vertex 0.0613251 -14.02 1.80805
    endloop
  endfacet
  facet normal -0.751289 -0.255028 0.608708
    outer loop
      vertex 0.363113 -14.4759 2.16669
      vertex 0.240036 -14.5088 2.001
      vertex 0.403687 -14.9909 2.001
    endloop
  endfacet
  facet normal -0 0 -1
    outer loop
      vertex 60.9 -17.1084 0
      vertex 59.5102 -17.1086 0
      vertex 60.9 -8.5 0
    endloop
  endfacet
  facet normal 0 0 -1
    outer loop
      vertex 80.079 -17.1054 0
      vertex 83.6917 -13.4923 0
      vertex 83.6601 -13.9746 0
    endloop
  endfacet
  facet normal 0 0 -1
    outer loop
      vertex 83.6917 -13.4923 0
      vertex 61.9 -8.5 0
      vertex 83.6917 13.49 0
    endloop
  endfacet
  facet normal 0 0 -1
    outer loop
      vertex 80.079 -17.1054 0
      vertex 83.6601 -13.9746 0
      vertex 83.5683 -14.4362 0
    endloop
  endfacet
  facet normal 0 -0 -1
    outer loop
      vertex 74.9462 17.1056 0
      vertex 83.6917 13.49 0
      vertex 61.9 -8.5 0
    endloop
  endfacet
  facet normal 0 0 -1
    outer loop
      vertex 80.079 -17.1054 0
      vertex 83.5683 -14.4362 0
      vertex 83.417 -14.8822 0
    endloop
  endfacet
  facet normal -0 -0 -1
    outer loop
      vertex 80.0802 17.1032 0
      vertex 83.6917 13.49 0
      vertex 74.9462 17.1056 0
    endloop
  endfacet
  facet normal 0 0 -1
    outer loop
      vertex 80.079 -17.1054 0
      vertex 83.417 -14.8822 0
      vertex 83.2089 -15.3044 0
    endloop
  endfacet
  facet normal 0 0 -1
    outer loop
      vertex 83.6917 13.49 0
      vertex 80.0802 17.1032 0
      vertex 83.66 13.9729 0
    endloop
  endfacet
  facet normal 0 0 -1
    outer loop
      vertex 80.079 -17.1054 0
      vertex 83.2089 -15.3044 0
      vertex 82.9473 -15.696 0
    endloop
  endfacet
  facet normal 0 0 -1
    outer loop
      vertex 83.66 13.9729 0
      vertex 80.0802 17.1032 0
      vertex 83.5681 14.4347 0
    endloop
  endfacet
  facet normal 0 0 -1
    outer loop
      vertex 80.079 -17.1054 0
      vertex 82.9473 -15.696 0
      vertex 82.637 -16.05 0
    endloop
  endfacet
  facet normal 0 0 -1
    outer loop
      vertex 83.5681 14.4347 0
      vertex 80.0802 17.1032 0
      vertex 83.4168 14.8805 0
    endloop
  endfacet
  facet normal 0 0 -1
    outer loop
      vertex 80.079 -17.1054 0
      vertex 82.637 -16.05 0
      vertex 82.2832 -16.3604 0
    endloop
  endfacet
  facet normal 0 0 -1
    outer loop
      vertex 83.4168 14.8805 0
      vertex 80.0802 17.1032 0
      vertex 83.2086 15.3027 0
    endloop
  endfacet
  facet normal 0 0 -1
    outer loop
      vertex 80.079 -17.1054 0
      vertex 82.2832 -16.3604 0
      vertex 81.8917 -16.6221 0
    endloop
  endfacet
  facet normal 0 0 -1
    outer loop
      vertex 82.947 15.6942 0
      vertex 80.0802 17.1032 0
      vertex 82.6366 16.0481 0
    endloop
  endfacet
  facet normal 0 0 -1
    outer loop
      vertex 80.079 -17.1054 0
      vertex 81.8917 -16.6221 0
      vertex 81.4695 -16.8303 0
    endloop
  endfacet
  facet normal -0 0 -1
    outer loop
      vertex 83.6917 -13.4923 0
      vertex 80.079 -17.1054 0
      vertex 61.9 -8.5 0
    endloop
  endfacet
  facet normal 0 0 -1
    outer loop
      vertex 80.079 -17.1054 0
      vertex 81.4695 -16.8303 0
      vertex 81.0237 -16.9817 0
    endloop
  endfacet
  facet normal 0 0 -1
    outer loop
      vertex 82.6366 16.0481 0
      vertex 80.0802 17.1032 0
      vertex 82.2827 16.3585 0
    endloop
  endfacet
  facet normal 0 0 -1
    outer loop
      vertex 80.079 -17.1054 0
      vertex 81.0237 -16.9817 0
      vertex 80.562 -17.0737 0
    endloop
  endfacet
  facet normal 0 0 -1
    outer loop
      vertex 81.8912 16.6201 0
      vertex 80.0802 17.1032 0
      vertex 81.469 16.8283 0
    endloop
  endfacet
  facet normal 0 0 -1
    outer loop
      vertex 81.0232 16.9797 0
      vertex 80.0802 17.1032 0
      vertex 80.5614 17.0715 0
    endloop
  endfacet
  facet normal 0 0 -1
    outer loop
      vertex 81.469 16.8283 0
      vertex 80.0802 17.1032 0
      vertex 81.0232 16.9797 0
    endloop
  endfacet
  facet normal 0 0 -1
    outer loop
      vertex 82.2827 16.3585 0
      vertex 80.0802 17.1032 0
      vertex 81.8912 16.6201 0
    endloop
  endfacet
  facet normal 0 0 -1
    outer loop
      vertex 83.2086 15.3027 0
      vertex 80.0802 17.1032 0
      vertex 82.947 15.6942 0
    endloop
  endfacet
  facet normal 0 0 -1
    outer loop
      vertex 61.9 -8.5 0
      vertex 80.079 -17.1054 0
      vertex 61.9 -17.1083 0
    endloop
  endfacet
  facet normal -0 0 -1
    outer loop
      vertex 74.9462 17.1056 0
      vertex 61.9 -8.5 0
      vertex 66.9263 17.1058 0
    endloop
  endfacet
  facet normal 0 0 -1
    outer loop
      vertex 60.9 -8.5 0
      vertex 66.9263 17.1058 0
      vertex 61.9 -8.5 0
    endloop
  endfacet
  facet normal 0 0 -1
    outer loop
      vertex 60.9 -8.5 0
      vertex 41.2691 17.1058 0
      vertex 66.9263 17.1058 0
    endloop
  endfacet
  facet normal 0 0 -1
    outer loop
      vertex 31.0381 -17.1086 0
      vertex 60.9 -8.5 0
      vertex 59.5102 -17.1086 0
    endloop
  endfacet
  facet normal -0 0 -1
    outer loop
      vertex 60.9 -8.5 0
      vertex 31.0381 -17.1086 0
      vertex 41.2691 17.1058 0
    endloop
  endfacet
  facet normal 0 0 -1
    outer loop
      vertex 31.0381 -17.1086 0
      vertex 17.7826 17.1052 0
      vertex 41.2691 17.1058 0
    endloop
  endfacet
  facet normal 0 0 -1
    outer loop
      vertex 15.2662 -17.1051 0
      vertex 17.7826 17.1052 0
      vertex 31.0381 -17.1086 0
    endloop
  endfacet
  facet normal 0 0 -1
    outer loop
      vertex 17.7826 17.1052 0
      vertex 15.2662 -17.1051 0
      vertex 17.1274 17.1051 0
    endloop
  endfacet
  facet normal 0 0 -1
    outer loop
      vertex 0.399994 13.4879 0
      vertex 17.1274 17.1051 0
      vertex 15.2662 -17.1051 0
    endloop
  endfacet
  facet normal 0 0 -1
    outer loop
      vertex 0.399994 -13.4882 0
      vertex 15.2662 -17.1051 0
      vertex 4.01195 -17.1013 0
    endloop
  endfacet
  facet normal 0 0 -1
    outer loop
      vertex 0.399994 -13.4882 0
      vertex 4.01195 -17.1013 0
      vertex 3.53027 -17.0697 0
    endloop
  endfacet
  facet normal 0 0 -1
    outer loop
      vertex 0.399994 13.4879 0
      vertex 15.2662 -17.1051 0
      vertex 0.399994 -13.4882 0
    endloop
  endfacet
  facet normal 0 0 -1
    outer loop
      vertex 0.399994 -13.4882 0
      vertex 3.53027 -17.0697 0
      vertex 3.06845 -16.9778 0
    endloop
  endfacet
  facet normal 0 0 -1
    outer loop
      vertex 17.1274 17.1051 0
      vertex 0.399994 13.4879 0
      vertex 4.01216 17.1012 0
    endloop
  endfacet
  facet normal 0 0 -1
    outer loop
      vertex 0.399994 -13.4882 0
      vertex 3.06845 -16.9778 0
      vertex 2.62267 -16.8265 0
    endloop
  endfacet
  facet normal 0 0 -1
    outer loop
      vertex 4.01216 17.1012 0
      vertex 0.399994 13.4879 0
      vertex 3.52911 17.0694 0
    endloop
  endfacet
  facet normal 0 0 -1
    outer loop
      vertex 0.399994 -13.4882 0
      vertex 2.62267 -16.8265 0
      vertex 2.20049 -16.6183 0
    endloop
  endfacet
  facet normal 0 0 -1
    outer loop
      vertex 3.52911 17.0694 0
      vertex 0.399994 13.4879 0
      vertex 3.06746 16.9774 0
    endloop
  endfacet
  facet normal 0 0 -1
    outer loop
      vertex 0.399994 -13.4882 0
      vertex 2.20049 -16.6183 0
      vertex 1.80891 -16.3567 0
    endloop
  endfacet
  facet normal 0 0 -1
    outer loop
      vertex 3.06746 16.9774 0
      vertex 0.399994 13.4879 0
      vertex 2.62166 16.8259 0
    endloop
  endfacet
  facet normal 0 0 -1
    outer loop
      vertex 0.399994 -13.4882 0
      vertex 1.80891 -16.3567 0
      vertex 1.45502 -16.0463 0
    endloop
  endfacet
  facet normal 0 0 -1
    outer loop
      vertex 2.62166 16.8259 0
      vertex 0.399994 13.4879 0
      vertex 2.19954 16.6176 0
    endloop
  endfacet
  facet normal 0 0 -1
    outer loop
      vertex 0.399994 -13.4882 0
      vertex 1.45502 -16.0463 0
      vertex 1.14467 -15.6924 0
    endloop
  endfacet
  facet normal 0 0 -1
    outer loop
      vertex 2.19954 16.6176 0
      vertex 0.399994 13.4879 0
      vertex 1.80811 16.3559 0
    endloop
  endfacet
  facet normal 0 0 -1
    outer loop
      vertex 0.399994 -13.4882 0
      vertex 1.14467 -15.6924 0
      vertex 0.883026 -15.3009 0
    endloop
  endfacet
  facet normal 0 0 -1
    outer loop
      vertex 1.80811 16.3559 0
      vertex 0.399994 13.4879 0
      vertex 1.4543 16.0454 0
    endloop
  endfacet
  facet normal 0 0 -1
    outer loop
      vertex 0.399994 -13.4882 0
      vertex 0.883026 -15.3009 0
      vertex 0.674835 -14.8787 0
    endloop
  endfacet
  facet normal 0 0 -1
    outer loop
      vertex 1.4543 16.0454 0
      vertex 0.399994 13.4879 0
      vertex 1.14394 15.6913 0
    endloop
  endfacet
  facet normal 0 0 -1
    outer loop
      vertex 0.399994 -13.4882 0
      vertex 0.674835 -14.8787 0
      vertex 0.523499 -14.4329 0
    endloop
  endfacet
  facet normal 0 0 -1
    outer loop
      vertex 1.14394 15.6913 0
      vertex 0.399994 13.4879 0
      vertex 0.882492 15.2998 0
    endloop
  endfacet
  facet normal 0 0 -1
    outer loop
      vertex 0.399994 -13.4882 0
      vertex 0.523499 -14.4329 0
      vertex 0.431641 -13.9711 0
    endloop
  endfacet
  facet normal 0 0 -1
    outer loop
      vertex 0.882492 15.2998 0
      vertex 0.399994 13.4879 0
      vertex 0.674454 14.8776 0
    endloop
  endfacet
  facet normal 0 0 -1
    outer loop
      vertex 0.674454 14.8776 0
      vertex 0.399994 13.4879 0
      vertex 0.523193 14.4316 0
    endloop
  endfacet
  facet normal 0 0 -1
    outer loop
      vertex 0.523193 14.4316 0
      vertex 0.399994 13.4879 0
      vertex 0.431519 13.97 0
    endloop
  endfacet
  facet normal -0.58803 0.392684 -0.70712
    outer loop
      vertex 0.882492 15.2998 0
      vertex 0.535309 15.5002 0.4
      vertex 0.825867 15.9353 0.4
    endloop
  endfacet
  facet normal -0.897028 0.441974 0
    outer loop
      vertex 0.304031 15.0308 0.4
      vertex 0.535309 15.5002 1.601
      vertex 0.535309 15.5002 0.4
    endloop
  endfacet
  facet normal -0.897028 0.441974 0
    outer loop
      vertex 0.535309 15.5002 1.601
      vertex 0.304031 15.0308 0.4
      vertex 0.304031 15.0308 1.601
    endloop
  endfacet
  facet normal -0.7056 0.0461544 -0.707106
    outer loop
      vertex 0.431519 13.97 0
      vertex 0 13.5012 0.4
      vertex 0.0340729 14.0221 0.4
    endloop
  endfacet
  facet normal -0.989326 0.0647134 0.13056
    outer loop
      vertex 0 13.5012 1.601
      vertex 0.0275176 13.5204 1.8
      vertex 0.0340729 14.0221 1.601
    endloop
  endfacet
  facet normal -0.989332 0.0646087 0.130571
    outer loop
      vertex 0.0275176 13.5204 1.8
      vertex 0 13.5012 1.601
      vertex 0.0261919 13.5001 1.8
    endloop
  endfacet
  facet normal -0.991449 0 0.130492
    outer loop
      vertex 0 13.5012 1.601
      vertex 0.0261919 -13.1298 1.8
      vertex 0.0261919 13.5001 1.8
    endloop
  endfacet
  facet normal -0.991449 -2.00183e-06 0.130496
    outer loop
      vertex 0.0261919 -13.1298 1.8
      vertex 0 -13.5013 1.601
      vertex 0.0272522 -13.5003 1.80805
    endloop
  endfacet
  facet normal -0.991449 0 0.130492
    outer loop
      vertex 0 -13.5013 1.601
      vertex 0.0261919 -13.1298 1.8
      vertex 0 13.5012 1.601
    endloop
  endfacet
  facet normal -0.991437 0 0.130586
    outer loop
      vertex 0.0272522 -13.1298 1.80805
      vertex 0.0261919 -13.1298 1.8
      vertex 0.0272522 -13.5003 1.80805
    endloop
  endfacet
  facet normal -0.752055 0.6591 0
    outer loop
      vertex 0.825867 15.9353 0.4
      vertex 1.17073 16.3288 1.601
      vertex 1.17073 16.3288 0.4
    endloop
  endfacet
  facet normal -0.752055 0.6591 0
    outer loop
      vertex 1.17073 16.3288 1.601
      vertex 0.825867 15.9353 0.4
      vertex 0.825867 15.9353 1.601
    endloop
  endfacet
  facet normal -0.531764 0.466037 -0.707132
    outer loop
      vertex 1.14394 15.6913 0
      vertex 0.825867 15.9353 0.4
      vertex 1.17073 16.3288 0.4
    endloop
  endfacet
  facet normal 0.169247 0.343209 0.923885
    outer loop
      vertex 81.8912 16.6201 2.29382
      vertex 81.469 16.8283 2.29382
      vertex 81.7946 16.4526 2.37374
    endloop
  endfacet
  facet normal 0.0699224 -0.104601 0.992053
    outer loop
      vertex 82.1654 -16.207 2.37374
      vertex 81.6911 -16.275 2.4
      vertex 81.795 -16.4546 2.37374
    endloop
  endfacet
  facet normal -2.48678e-05 0.382585 0.92392
    outer loop
      vertex 29.6469 17.008 2.33419
      vertex 31.353 16.9126 2.37374
      vertex 31.3401 16.9942 2.33995
    endloop
  endfacet
  facet normal 0 0.382965 0.923763
    outer loop
      vertex 31.353 16.9126 2.37374
      vertex 29.6469 17.008 2.33419
      vertex 29.6071 16.9126 2.37374
    endloop
  endfacet
  facet normal 0 0.382543 0.923938
    outer loop
      vertex 39.8813 16.9242 2.36902
      vertex 37.5406 16.9128 2.37374
      vertex 39.8818 16.9128 2.37374
    endloop
  endfacet
  facet normal -1.33499e-06 0.382777 0.923841
    outer loop
      vertex 37.5406 16.9128 2.37374
      vertex 39.8813 16.9242 2.36902
      vertex 37.5309 16.9435 2.36102
    endloop
  endfacet
  facet normal -0 0.125788 0.992057
    outer loop
      vertex 29.6071 16.9126 2.37374
      vertex 31.3719 16.7928 2.38893
      vertex 31.353 16.9126 2.37374
    endloop
  endfacet
  facet normal -3.13936e-06 0.125742 0.992063
    outer loop
      vertex 29.569 16.821 2.38535
      vertex 31.3719 16.7928 2.38893
      vertex 29.6071 16.9126 2.37374
    endloop
  endfacet
  facet normal -1.8516e-06 0.125823 0.992053
    outer loop
      vertex 31.3719 16.7928 2.38893
      vertex 29.569 16.821 2.38535
      vertex 29.5574 16.8087 2.38691
    endloop
  endfacet
  facet normal -3.43852e-06 0.125826 0.992052
    outer loop
      vertex 39.8818 16.9128 2.37374
      vertex 37.5958 16.7381 2.39589
      vertex 39.8896 16.7179 2.39846
    endloop
  endfacet
  facet normal 0 0.125782 0.992058
    outer loop
      vertex 37.5958 16.7381 2.39589
      vertex 39.8818 16.9128 2.37374
      vertex 37.5406 16.9128 2.37374
    endloop
  endfacet
  facet normal 0.195812 0.576571 0.793237
    outer loop
      vertex 81.0662 17.14 2.16669
      vertex 81.0232 16.9797 2.29382
      vertex 81.469 16.8283 2.29382
    endloop
  endfacet
  facet normal 0.0399444 0.607473 0.793336
    outer loop
      vertex 80.5831 17.2361 2.16669
      vertex 80.0858 17.2688 2.16669
      vertex 80.5614 17.0715 2.29382
    endloop
  endfacet
  facet normal 0.768307 0.513294 0.382404
    outer loop
      vertex 83.2434 15.9215 1.80805
      vertex 83.1799 15.8728 2.001
      vertex 83.4627 15.4495 2.001
    endloop
  endfacet
  facet normal 0.287711 0.252347 0.923874
    outer loop
      vertex 82.947 15.6942 2.29382
      vertex 82.6366 16.0481 2.29382
      vertex 82.7936 15.5765 2.37374
    endloop
  endfacet
  facet normal 0.659343 0.751842 -0
    outer loop
      vertex 82.9201 16.3316 0.4
      vertex 82.5267 16.6766 1.601
      vertex 82.9201 16.3316 1.601
    endloop
  endfacet
  facet normal 0.659343 0.751842 0
    outer loop
      vertex 82.5267 16.6766 1.601
      vertex 82.9201 16.3316 0.4
      vertex 82.5267 16.6766 0.4
    endloop
  endfacet
  facet normal 0.0651505 0.989294 0.130586
    outer loop
      vertex 80.6138 17.4689 1.601
      vertex 80.0925 17.4759 1.80805
      vertex 80.6103 17.4418 1.80805
    endloop
  endfacet
  facet normal 0.227297 0.669593 -0.707093
    outer loop
      vertex 81.6224 17.1987 0.4
      vertex 81.0232 16.9797 0
      vertex 81.1269 17.3669 0.4
    endloop
  endfacet
  facet normal 0.0652282 0.989263 0.130783
    outer loop
      vertex 80.0936 17.5032 1.601
      vertex 80.0925 17.4759 1.80805
      vertex 80.6138 17.4689 1.601
    endloop
  endfacet
  facet normal 0.513216 0.76819 0.382744
    outer loop
      vertex 82.51 16.655 1.80805
      vertex 82.038 16.8742 2.001
      vertex 82.4613 16.5914 2.001
    endloop
  endfacet
  facet normal 0.254985 0.751103 0.608955
    outer loop
      vertex 81.5812 17.0995 2.001
      vertex 81.0662 17.14 2.16669
      vertex 81.5325 16.9817 2.16669
    endloop
  endfacet
  facet normal 0.052045 0.791498 0.608951
    outer loop
      vertex 80.09 17.396 2.001
      vertex 80.0858 17.2688 2.16669
      vertex 80.5831 17.2361 2.16669
    endloop
  endfacet
  facet normal 0.118774 0.597082 0.793338
    outer loop
      vertex 80.5831 17.2361 2.16669
      vertex 80.5614 17.0715 2.29382
      vertex 81.0662 17.14 2.16669
    endloop
  endfacet
  facet normal 1.97868e-05 0.793442 0.608646
    outer loop
      vertex 66.9264 17.3986 2.001
      vertex 66.9264 17.2715 2.16669
      vertex 74.9463 17.3984 2.001
    endloop
  endfacet
  facet normal 1.51801e-05 0.608713 0.793391
    outer loop
      vertex 66.9264 17.2715 2.16669
      vertex 66.9263 17.1058 2.29382
      vertex 74.9463 17.2713 2.16669
    endloop
  endfacet
  facet normal 0.0829698 0.094612 0.992051
    outer loop
      vertex 82.4999 15.9114 2.37374
      vertex 82.0387 16.0405 2.4
      vertex 82.3532 15.7647 2.4
    endloop
  endfacet
  facet normal -0.0245649 -0.123405 0.992052
    outer loop
      vertex 3.58263 -16.6723 2.4
      vertex 3.1722 -16.5906 2.4
      vertex 3.55548 -16.878 2.37374
    endloop
  endfacet
  facet normal -0.550614 0.824459 0.130735
    outer loop
      vertex 1.99896 16.9647 1.601
      vertex 1.99515 16.9306 1.8
      vertex 2.01207 16.9419 1.8
    endloop
  endfacet
  facet normal -0.551036 0.824186 0.13068
    outer loop
      vertex 1.99515 16.9306 1.8
      vertex 1.99896 16.9647 1.601
      vertex 1.56401 16.6739 1.601
    endloop
  endfacet
  facet normal -0.653915 0.745193 0.130705
    outer loop
      vertex 1.56469 16.6396 1.8
      vertex 1.17073 16.3288 1.601
      vertex 1.18931 16.3102 1.8
    endloop
  endfacet
  facet normal -0.0603869 0.921956 0.382558
    outer loop
      vertex 3.99991 17.4739 1.80805
      vertex 3.79859 17.4119 1.92569
      vertex 4.0024 17.394 2.001
    endloop
  endfacet
  facet normal -0.0604534 0.921991 0.382463
    outer loop
      vertex 3.79859 17.4119 1.92569
      vertex 3.99991 17.4739 1.80805
      vertex 3.81842 17.462 1.80805
    endloop
  endfacet
  facet normal 0.112835 -0.0556355 0.992055
    outer loop
      vertex 83.0467 -14.7288 2.4
      vertex 82.8617 -15.104 2.4
      vertex 83.0414 -15.2078 2.37374
    endloop
  endfacet
  facet normal -0.112839 -0.0556496 0.992054
    outer loop
      vertex 1.23022 -15.1005 2.4
      vertex 1.04518 -14.7253 2.4
      vertex 1.05054 -15.2043 2.37374
    endloop
  endfacet
  facet normal 0.0556589 0.112821 0.992055
    outer loop
      vertex 81.7946 16.4526 2.37374
      vertex 81.3156 16.458 2.4
      vertex 81.6908 16.2729 2.4
    endloop
  endfacet
  facet normal -0.138123 0.693505 -0.707088
    outer loop
      vertex 3.52911 17.0694 0
      vertex 2.96358 17.3646 0.4
      vertex 3.47672 17.4668 0.4
    endloop
  endfacet
  facet normal 0.000466273 1 -0
    outer loop
      vertex 80.0936 17.5032 0.4
      vertex 74.9464 17.5056 1.601
      vertex 80.0936 17.5032 1.601
    endloop
  endfacet
  facet normal 0.000466273 1 0
    outer loop
      vertex 74.9464 17.5056 1.601
      vertex 80.0936 17.5032 0.4
      vertex 74.9464 17.5056 0.4
    endloop
  endfacet
  facet normal -0.000210057 0.707107 -0.707107
    outer loop
      vertex 17.1274 17.1051 0
      vertex 3.99881 17.5012 0.4
      vertex 17.1272 17.5051 0.4
    endloop
  endfacet
  facet normal -0.000297066 1 0
    outer loop
      vertex 17.1272 17.5051 0.4
      vertex 3.99881 17.5012 1.601
      vertex 17.1272 17.5051 1.601
    endloop
  endfacet
  facet normal -0.000297066 1 0
    outer loop
      vertex 3.99881 17.5012 1.601
      vertex 17.1272 17.5051 0.4
      vertex 3.99881 17.5012 0.4
    endloop
  endfacet
  facet normal 0 0.608677 0.793418
    outer loop
      vertex 31.3067 17.2712 2.16669
      vertex 29.7331 17.2712 2.16669
      vertex 29.734 17.217 2.20827
    endloop
  endfacet
  facet normal -1.19349e-05 0.608895 0.793251
    outer loop
      vertex 29.734 17.217 2.20827
      vertex 31.307 17.203 2.21904
      vertex 31.3067 17.2712 2.16669
    endloop
  endfacet
  facet normal -1.63463e-05 0.608584 0.79349
    outer loop
      vertex 29.734 17.217 2.20827
      vertex 31.3224 17.1055 2.29382
      vertex 31.307 17.203 2.21904
    endloop
  endfacet
  facet normal 0 0.60873 0.793377
    outer loop
      vertex 31.3224 17.1055 2.29382
      vertex 29.734 17.217 2.20827
      vertex 29.6875 17.1055 2.29382
    endloop
  endfacet
  facet normal 0 0.608849 0.793286
    outer loop
      vertex 39.8943 17.2714 2.16669
      vertex 37.557 17.2714 2.16669
      vertex 39.874 17.108 2.2921
    endloop
  endfacet
  facet normal 0.000797858 0.615944 0.787789
    outer loop
      vertex 37.557 17.2714 2.16669
      vertex 39.8741 17.1058 2.29382
      vertex 39.874 17.108 2.2921
    endloop
  endfacet
  facet normal -2.55057e-05 0.60872 0.793385
    outer loop
      vertex 39.8741 17.1058 2.29382
      vertex 37.557 17.2714 2.16669
      vertex 37.4875 17.1057 2.29382
    endloop
  endfacet
  facet normal 0 0.793001 0.60922
    outer loop
      vertex 31.3064 17.3252 2.0964
      vertex 29.7331 17.2712 2.16669
      vertex 31.3067 17.2712 2.16669
    endloop
  endfacet
  facet normal -5.55243e-05 0.793601 0.608438
    outer loop
      vertex 29.7331 17.2712 2.16669
      vertex 31.3064 17.3252 2.0964
      vertex 29.7321 17.3336 2.0853
    endloop
  endfacet
  facet normal -6.90842e-05 0.791109 0.611675
    outer loop
      vertex 37.5654 17.2914 2.14056
      vertex 39.8943 17.2714 2.16669
      vertex 39.8953 17.2789 2.15699
    endloop
  endfacet
  facet normal 0 0.79409 0.6078
    outer loop
      vertex 39.8943 17.2714 2.16669
      vertex 37.5654 17.2914 2.14056
      vertex 37.557 17.2714 2.16669
    endloop
  endfacet
  facet normal 0.0245415 0.123414 0.992052
    outer loop
      vertex 80.5361 16.8798 2.37374
      vertex 80.509 16.6741 2.4
      vertex 80.9731 16.7929 2.37374
    endloop
  endfacet
  facet normal 0.338189 0.506121 0.793391
    outer loop
      vertex 82.3837 16.4903 2.16669
      vertex 81.8912 16.6201 2.29382
      vertex 82.2827 16.3585 2.29382
    endloop
  endfacet
  facet normal 0.112821 0.0556589 0.992055
    outer loop
      vertex 83.0411 15.2061 2.37374
      vertex 82.8614 15.1023 2.4
      vertex 83.0465 14.7271 2.4
    endloop
  endfacet
  facet normal 0.375344 0.0746949 0.923871
    outer loop
      vertex 83.5681 14.4347 2.29382
      vertex 83.4683 13.9477 2.37374
      vertex 83.66 13.9729 2.29382
    endloop
  endfacet
  facet normal 0.596989 0.118803 0.793404
    outer loop
      vertex 83.7285 14.4777 2.16669
      vertex 83.5681 14.4347 2.29382
      vertex 83.66 13.9729 2.29382
    endloop
  endfacet
  facet normal 0.711471 0.350743 0.608923
    outer loop
      vertex 83.688 14.9927 2.001
      vertex 83.3524 15.3858 2.16669
      vertex 83.5702 14.944 2.16669
    endloop
  endfacet
  facet normal 0.576398 0.195624 0.793408
    outer loop
      vertex 83.7285 14.4777 2.16669
      vertex 83.4168 14.8805 2.29382
      vertex 83.5681 14.4347 2.29382
    endloop
  endfacet
  facet normal 0.98931 0.0649133 0.130584
    outer loop
      vertex 84.0574 14.0253 1.601
      vertex 84.0303 14.0218 1.80805
      vertex 84.0644 13.5021 1.80805
    endloop
  endfacet
  facet normal 0.972409 0.193337 0.130543
    outer loop
      vertex 84.0574 14.0253 1.601
      vertex 83.929 14.5313 1.80805
      vertex 84.0303 14.0218 1.80805
    endloop
  endfacet
  facet normal 0.94693 0.32144 0
    outer loop
      vertex 83.9554 14.5384 1.601
      vertex 83.7872 15.0339 0.4
      vertex 83.7872 15.0339 1.601
    endloop
  endfacet
  facet normal 0.94693 0.32144 0
    outer loop
      vertex 83.7872 15.0339 0.4
      vertex 83.9554 14.5384 1.601
      vertex 83.9554 14.5384 0.4
    endloop
  endfacet
  facet normal 0.669514 0.22727 -0.707177
    outer loop
      vertex 83.9554 14.5384 0.4
      vertex 83.5681 14.4347 0
      vertex 83.7872 15.0339 0.4
    endloop
  endfacet
  facet normal 0.194976 0.980808 -0
    outer loop
      vertex 81.1269 17.3669 0.4
      vertex 80.6138 17.4689 1.601
      vertex 81.1269 17.3669 1.601
    endloop
  endfacet
  facet normal 0.194976 0.980808 0
    outer loop
      vertex 80.6138 17.4689 1.601
      vertex 81.1269 17.3669 0.4
      vertex 80.6138 17.4689 0.4
    endloop
  endfacet
  facet normal 0.32144 0.94693 -0
    outer loop
      vertex 81.6224 17.1987 0.4
      vertex 81.1269 17.3669 1.601
      vertex 81.6224 17.1987 1.601
    endloop
  endfacet
  facet normal 0.32144 0.94693 0
    outer loop
      vertex 81.1269 17.3669 1.601
      vertex 81.6224 17.1987 0.4
      vertex 81.1269 17.3669 0.4
    endloop
  endfacet
  facet normal 0.180155 0.906109 0.382766
    outer loop
      vertex 80.6103 17.4418 1.80805
      vertex 80.5997 17.3624 2.001
      vertex 81.1198 17.3405 1.80805
    endloop
  endfacet
  facet normal 0.000481636 0.991419 0.130723
    outer loop
      vertex 80.0936 17.5032 1.601
      vertex 74.9464 17.4784 1.80805
      vertex 80.0925 17.4759 1.80805
    endloop
  endfacet
  facet normal 0.119163 -0.0404274 0.992051
    outer loop
      vertex 83.3815 -14.3864 2.37374
      vertex 83.1811 -14.3327 2.4
      vertex 83.2384 -14.8082 2.37374
    endloop
  endfacet
  facet normal 0.119151 -0.0404289 0.992053
    outer loop
      vertex 83.1811 -14.3327 2.4
      vertex 83.0467 -14.7288 2.4
      vertex 83.2384 -14.8082 2.37374
    endloop
  endfacet
  facet normal 0.440945 -0.659485 0.608808
    outer loop
      vertex 82.3842 -16.4921 2.16669
      vertex 81.9747 -16.7659 2.16669
      vertex 82.0385 -16.8762 2.001
    endloop
  endfacet
  facet normal 0.43871 -0.889059 0.130795
    outer loop
      vertex 82.0785 -16.9455 1.80805
      vertex 81.6126 -17.1754 1.80805
      vertex 82.0922 -16.9692 1.601
    endloop
  endfacet
  facet normal 0.659546 -0.751664 0
    outer loop
      vertex 82.5272 -16.6784 0.4
      vertex 82.9205 -16.3333 1.601
      vertex 82.5272 -16.6784 1.601
    endloop
  endfacet
  facet normal 0.659546 -0.751664 0
    outer loop
      vertex 82.9205 -16.3333 1.601
      vertex 82.5272 -16.6784 0.4
      vertex 82.9205 -16.3333 0.4
    endloop
  endfacet
  facet normal -0.874846 -0.29697 0.382691
    outer loop
      vertex 0.240036 -14.5088 2.001
      vertex 0.162659 -14.5295 1.80805
      vertex 0.403687 -14.9909 2.001
    endloop
  endfacet
  facet normal -0.6342 -0.312795 -0.707072
    outer loop
      vertex 0.535904 -15.5013 0.4
      vertex 0.304489 -15.0321 0.4
      vertex 0.883026 -15.3009 0
    endloop
  endfacet
  facet normal -0.693522 -0.13795 -0.707105
    outer loop
      vertex 0.523499 -14.4329 0
      vertex 0.136292 -14.5366 0.4
      vertex 0.431641 -13.9711 0
    endloop
  endfacet
  facet normal -0.669589 -0.227291 -0.707099
    outer loop
      vertex 0.304489 -15.0321 0.4
      vertex 0.136292 -14.5366 0.4
      vertex 0.523499 -14.4329 0
    endloop
  endfacet
  facet normal -0.659353 -0.751834 0
    outer loop
      vertex 1.17157 -16.3298 0.4
      vertex 1.56496 -16.6748 1.601
      vertex 1.17157 -16.3298 1.601
    endloop
  endfacet
  facet normal -0.659353 -0.751834 -0
    outer loop
      vertex 1.56496 -16.6748 1.601
      vertex 1.17157 -16.3298 0.4
      vertex 1.56496 -16.6748 0.4
    endloop
  endfacet
  facet normal -0.438647 -0.889174 0.130226
    outer loop
      vertex 2.01363 -16.9418 1.80805
      vertex 2 -16.9654 1.601
      vertex 2.46927 -17.1969 1.601
    endloop
  endfacet
  facet normal -0.513339 -0.768142 0.382677
    outer loop
      vertex 2.05362 -16.8724 2.001
      vertex 1.58163 -16.6531 1.80805
      vertex 2.01363 -16.9418 1.80805
    endloop
  endfacet
  facet normal -0.523123 -0.596436 0.608775
    outer loop
      vertex 1.70792 -16.4885 2.16669
      vertex 1.24751 -16.2538 2.001
      vertex 1.63037 -16.5896 2.001
    endloop
  endfacet
  facet normal -0.401431 -0.457666 0.793345
    outer loop
      vertex 1.45502 -16.0463 2.29382
      vertex 1.33762 -16.1637 2.16669
      vertex 1.70792 -16.4885 2.16669
    endloop
  endfacet
  facet normal -0.442414 -0.896811 0
    outer loop
      vertex 2 -16.9654 0.4
      vertex 2.46927 -17.1969 1.601
      vertex 2 -16.9654 1.601
    endloop
  endfacet
  facet normal -0.442414 -0.896811 -0
    outer loop
      vertex 2.46927 -17.1969 1.601
      vertex 2 -16.9654 0.4
      vertex 2.46927 -17.1969 0.4
    endloop
  endfacet
  facet normal -2.7915e-05 -0.125791 0.992057
    outer loop
      vertex 31.0382 -16.7086 2.4
      vertex 15.2663 -16.9122 2.37374
      vertex 31.0381 -16.9157 2.37374
    endloop
  endfacet
  facet normal -8.49392e-05 -0.382758 0.923849
    outer loop
      vertex 31.0381 -16.9157 2.37374
      vertex 15.2662 -17.1051 2.29382
      vertex 31.0381 -17.1086 2.29382
    endloop
  endfacet
  facet normal -0.0404116 -0.119115 0.992058
    outer loop
      vertex 3.1722 -16.5906 2.4
      vertex 2.77605 -16.4562 2.4
      vertex 3.11853 -16.7911 2.37374
    endloop
  endfacet
  facet normal -0.0404434 -0.119147 0.992053
    outer loop
      vertex 2.77605 -16.4562 2.4
      vertex 2.69666 -16.6479 2.37374
      vertex 3.11853 -16.7911 2.37374
    endloop
  endfacet
  facet normal 0.024542 -0.123359 0.992059
    outer loop
      vertex 80.9199 -16.5945 2.4
      vertex 80.5368 -16.8819 2.37374
      vertex 80.9736 -16.795 2.37374
    endloop
  endfacet
  facet normal 0.0556707 -0.112867 0.992049
    outer loop
      vertex 81.795 -16.4546 2.37374
      vertex 81.3161 -16.46 2.4
      vertex 81.3954 -16.6517 2.37374
    endloop
  endfacet
  facet normal 0.0746891 -0.375422 0.92384
    outer loop
      vertex 80.9736 -16.795 2.37374
      vertex 80.5368 -16.8819 2.37374
      vertex 81.0237 -16.9817 2.29382
    endloop
  endfacet
  facet normal 0.123128 -0.362426 0.923844
    outer loop
      vertex 81.3954 -16.6517 2.37374
      vertex 80.9736 -16.795 2.37374
      vertex 81.0237 -16.9817 2.29382
    endloop
  endfacet
  facet normal 0.287765 -0.252278 0.923876
    outer loop
      vertex 82.7939 -15.5783 2.37374
      vertex 82.5003 -15.9132 2.37374
      vertex 82.9473 -15.696 2.29382
    endloop
  endfacet
  facet normal 0.104636 -0.0698985 0.992051
    outer loop
      vertex 83.0414 -15.2078 2.37374
      vertex 82.6293 -15.452 2.4
      vertex 82.7939 -15.5783 2.37374
    endloop
  endfacet
  facet normal 0.112853 -0.0556355 0.992053
    outer loop
      vertex 83.0467 -14.7288 2.4
      vertex 83.0414 -15.2078 2.37374
      vertex 83.2384 -14.8082 2.37374
    endloop
  endfacet
  facet normal 0.0946202 -0.0829516 0.992051
    outer loop
      vertex 82.6293 -15.452 2.4
      vertex 82.5003 -15.9132 2.37374
      vertex 82.7939 -15.5783 2.37374
    endloop
  endfacet
  facet normal -0.195639 -0.576417 0.793391
    outer loop
      vertex 3.06845 -16.9778 2.29382
      vertex 2.62267 -16.8265 2.29382
      vertex 3.02548 -17.1382 2.16669
    endloop
  endfacet
  facet normal -0.338142 -0.506076 0.79344
    outer loop
      vertex 2.20049 -16.6183 2.29382
      vertex 1.70792 -16.4885 2.16669
      vertex 2.1174 -16.7621 2.16669
    endloop
  endfacet
  facet normal -0.318723 -0.938792 0.130707
    outer loop
      vertex 2.47966 -17.1716 1.80805
      vertex 2.46927 -17.1969 1.601
      vertex 2.97185 -17.3387 1.80805
    endloop
  endfacet
  facet normal -0.318713 -0.9388 0.130677
    outer loop
      vertex 2.97185 -17.3387 1.80805
      vertex 2.46927 -17.1969 1.601
      vertex 2.96472 -17.3651 1.601
    endloop
  endfacet
  facet normal -0.0398469 -0.607388 0.793406
    outer loop
      vertex 4.01195 -17.1013 2.29382
      vertex 3.53027 -17.0697 2.29382
      vertex 4.00639 -17.267 2.16669
    endloop
  endfacet
  facet normal -0.118801 -0.597003 0.793394
    outer loop
      vertex 3.06845 -16.9778 2.29382
      vertex 3.02548 -17.1382 2.16669
      vertex 3.53027 -17.0697 2.29382
    endloop
  endfacet
  facet normal -0.000334382 -0.991481 0.13025
    outer loop
      vertex 15.2661 -17.4779 1.80805
      vertex 3.99866 -17.5013 1.601
      vertex 15.2661 -17.5051 1.601
    endloop
  endfacet
  facet normal 0.0250517 -0.381702 0.923946
    outer loop
      vertex 80.5368 -16.8819 2.37374
      vertex 80.079 -17.1054 2.29382
      vertex 80.562 -17.0737 2.29382
    endloop
  endfacet
  facet normal 0.0399133 -0.607461 0.793346
    outer loop
      vertex 80.562 -17.0737 2.29382
      vertex 80.0846 -17.2711 2.16669
      vertex 80.5838 -17.2383 2.16669
    endloop
  endfacet
  facet normal 0 -0.382758 0.923849
    outer loop
      vertex 31.0381 -16.9157 2.37374
      vertex 59.5102 -17.1086 2.29382
      vertex 59.5101 -16.9157 2.37374
    endloop
  endfacet
  facet normal 0 -0.382758 0.923849
    outer loop
      vertex 59.5102 -17.1086 2.29382
      vertex 31.0381 -16.9157 2.37374
      vertex 31.0381 -17.1086 2.29382
    endloop
  endfacet
  facet normal 9.47005e-05 -0.608711 0.793392
    outer loop
      vertex 80.079 -17.1054 2.29382
      vertex 59.5102 -17.1086 2.29382
      vertex 80.0846 -17.2711 2.16669
    endloop
  endfacet
  facet normal -0.000220023 -0.991481 0.13025
    outer loop
      vertex 15.2661 -17.5051 1.601
      vertex 31.038 -17.4814 1.80805
      vertex 15.2661 -17.4779 1.80805
    endloop
  endfacet
  facet normal -0.000220023 -0.991481 0.13025
    outer loop
      vertex 31.038 -17.4814 1.80805
      vertex 15.2661 -17.5051 1.601
      vertex 31.038 -17.5086 1.601
    endloop
  endfacet
  facet normal 0 -0.793211 0.608947
    outer loop
      vertex 31.038 -17.4015 2.001
      vertex 59.5102 -17.2743 2.16669
      vertex 31.0381 -17.2743 2.16669
    endloop
  endfacet
  facet normal 0 -0.793211 0.608947
    outer loop
      vertex 59.5102 -17.2743 2.16669
      vertex 31.038 -17.4015 2.001
      vertex 59.5102 -17.4015 2.001
    endloop
  endfacet
  facet normal 0.31872 -0.938804 0.130632
    outer loop
      vertex 81.6126 -17.1754 1.80805
      vertex 81.1204 -17.3425 1.80805
      vertex 81.1275 -17.3689 1.601
    endloop
  endfacet
  facet normal 0.297043 -0.874952 0.382392
    outer loop
      vertex 81.6126 -17.1754 1.80805
      vertex 81.0997 -17.2652 2.001
      vertex 81.1204 -17.3425 1.80805
    endloop
  endfacet
  facet normal 0.118933 -0.597012 0.793368
    outer loop
      vertex 81.0667 -17.1421 2.16669
      vertex 80.562 -17.0737 2.29382
      vertex 80.5838 -17.2383 2.16669
    endloop
  endfacet
  facet normal 0.118951 -0.596953 0.793409
    outer loop
      vertex 81.0237 -16.9817 2.29382
      vertex 80.562 -17.0737 2.29382
      vertex 81.0667 -17.1421 2.16669
    endloop
  endfacet
  facet normal 0.576421 -0.195544 0.793411
    outer loop
      vertex 83.5683 -14.4362 2.29382
      vertex 83.417 -14.8822 2.29382
      vertex 83.7287 -14.4792 2.16669
    endloop
  endfacet
  facet normal 0.597023 -0.118663 0.7934
    outer loop
      vertex 83.8247 -13.9962 2.16669
      vertex 83.5683 -14.4362 2.29382
      vertex 83.7287 -14.4792 2.16669
    endloop
  endfacet
  facet normal 0.711534 -0.350616 0.608924
    outer loop
      vertex 83.5704 -14.9456 2.16669
      vertex 83.3526 -15.3876 2.16669
      vertex 83.6881 -14.9945 2.001
    endloop
  endfacet
  facet normal 0.506148 -0.338122 0.793402
    outer loop
      vertex 83.2089 -15.3044 2.29382
      vertex 82.9473 -15.696 2.29382
      vertex 83.3526 -15.3876 2.16669
    endloop
  endfacet
  facet normal -0.382678 0 0.923882
    outer loop
      vertex 0.399994 -13.1292 2.29382
      vertex 0.592941 -13.4819 2.37374
      vertex 0.592941 -13.1289 2.37374
    endloop
  endfacet
  facet normal -0.382678 0 0.923882
    outer loop
      vertex 0.592941 -13.4819 2.37374
      vertex 0.399994 -13.1292 2.29382
      vertex 0.399994 -13.4882 2.29382
    endloop
  endfacet
  facet normal 0.123372 -0.0245 0.992058
    outer loop
      vertex 83.2626 -13.9223 2.4
      vertex 83.1811 -14.3327 2.4
      vertex 83.4684 -13.9493 2.37374
    endloop
  endfacet
  facet normal -0.751189 -0.255056 0.608819
    outer loop
      vertex 0.521439 -14.9422 2.16669
      vertex 0.363113 -14.4759 2.16669
      vertex 0.403687 -14.9909 2.001
    endloop
  endfacet
  facet normal -0.778131 -0.154763 0.608737
    outer loop
      vertex 0.267029 -13.9928 2.16669
      vertex 0.240036 -14.5088 2.001
      vertex 0.363113 -14.4759 2.16669
    endloop
  endfacet
  facet normal -0.972401 -0.193431 0.130464
    outer loop
      vertex 0.162659 -14.5295 1.80805
      vertex 0.0342255 -14.0235 1.601
      vertex 0.136292 -14.5366 1.601
    endloop
  endfacet
  facet normal -0.980784 -0.195099 0
    outer loop
      vertex 0.136292 -14.5366 0.4
      vertex 0.0342255 -14.0235 1.601
      vertex 0.0342255 -14.0235 0.4
    endloop
  endfacet
  facet normal -0.980784 -0.195099 0
    outer loop
      vertex 0.0342255 -14.0235 1.601
      vertex 0.136292 -14.5366 0.4
      vertex 0.136292 -14.5366 1.601
    endloop
  endfacet
  facet normal -0.596432 -0.523082 0.608813
    outer loop
      vertex 1.33762 -16.1637 2.16669
      vertex 1.01286 -15.7934 2.16669
      vertex 1.24751 -16.2538 2.001
    endloop
  endfacet
  facet normal -0.0556601 -0.11283 0.992054
    outer loop
      vertex 2.40083 -16.2711 2.4
      vertex 2.29706 -16.4508 2.37374
      vertex 2.77605 -16.4562 2.4
    endloop
  endfacet
  facet normal -0.343194 -0.169232 0.923893
    outer loop
      vertex 1.05054 -15.2043 2.37374
      vertex 0.674835 -14.8787 2.29382
      vertex 0.883026 -15.3009 2.29382
    endloop
  endfacet
  facet normal -0.375314 -0.0746626 0.923886
    outer loop
      vertex 0.623352 -13.9459 2.37374
      vertex 0.523499 -14.4329 2.29382
      vertex 0.710266 -14.3828 2.37374
    endloop
  endfacet
  facet normal -0.252307 -0.287657 0.923902
    outer loop
      vertex 1.92667 -16.2033 2.37374
      vertex 1.45502 -16.0463 2.29382
      vertex 1.80891 -16.3567 2.29382
    endloop
  endfacet
  facet normal -0.318185 -0.212593 0.923885
    outer loop
      vertex 1.05054 -15.2043 2.37374
      vertex 0.883026 -15.3009 2.29382
      vertex 1.29802 -15.5747 2.37374
    endloop
  endfacet
  facet normal -0.989314 -0.064862 0.130582
    outer loop
      vertex 0.0613251 -14.02 1.80805
      vertex 0.0272522 -13.5003 1.80805
      vertex 0.0342255 -14.0235 1.601
    endloop
  endfacet
  facet normal -0.989322 -0.0648411 0.130529
    outer loop
      vertex 0.0272522 -13.5003 1.80805
      vertex 0 -13.5013 1.601
      vertex 0.0342255 -14.0235 1.601
    endloop
  endfacet
  facet normal -0.906124 -0.180207 0.382708
    outer loop
      vertex 0.240036 -14.5088 2.001
      vertex 0.140717 -14.0094 2.001
      vertex 0.162659 -14.5295 1.80805
    endloop
  endfacet
  facet normal -0.711537 -0.350909 0.608752
    outer loop
      vertex 0.739258 -15.3839 2.16669
      vertex 0.403687 -14.9909 2.001
      vertex 0.628967 -15.4477 2.001
    endloop
  endfacet
  facet normal -0.921908 -0.0604376 0.382666
    outer loop
      vertex 0.107178 -13.4978 2.001
      vertex 0.0272522 -13.5003 1.80805
      vertex 0.140717 -14.0094 2.001
    endloop
  endfacet
  facet normal -0.980847 0.19478 0
    outer loop
      vertex 0.0340729 14.0221 0.4
      vertex 0.135986 14.5353 1.601
      vertex 0.135986 14.5353 0.4
    endloop
  endfacet
  facet normal -0.980847 0.19478 0
    outer loop
      vertex 0.135986 14.5353 1.601
      vertex 0.0340729 14.0221 0.4
      vertex 0.0340729 14.0221 1.601
    endloop
  endfacet
  facet normal -0.972462 0.193112 0.130479
    outer loop
      vertex 0.157363 14.5085 1.8
      vertex 0.0340729 14.0221 1.601
      vertex 0.0601181 14.0188 1.8
    endloop
  endfacet
  facet normal -0.0699086 -0.10462 0.992052
    outer loop
      vertex 2.05299 -16.0387 2.4
      vertex 1.92667 -16.2033 2.37374
      vertex 2.29706 -16.4508 2.37374
    endloop
  endfacet
  facet normal -0.104598 -0.069886 0.992056
    outer loop
      vertex 1.46263 -15.4483 2.4
      vertex 1.05054 -15.2043 2.37374
      vertex 1.29802 -15.5747 2.37374
    endloop
  endfacet
  facet normal 0 0.125851 0.992049
    outer loop
      vertex 66.9263 16.9128 2.37374
      vertex 44.6274 16.7058 2.4
      vertex 66.9263 16.7058 2.4
    endloop
  endfacet
  facet normal -3.79437e-08 0.125855 0.992049
    outer loop
      vertex 66.9263 16.9128 2.37374
      vertex 44.6 16.797 2.38843
      vertex 44.6274 16.7058 2.4
    endloop
  endfacet
  facet normal 0 0.125848 0.99205
    outer loop
      vertex 44.6 16.797 2.38843
      vertex 66.9263 16.9128 2.37374
      vertex 44.5474 16.9128 2.37374
    endloop
  endfacet
  facet normal 0.523129 0.596413 0.608792
    outer loop
      vertex 82.8441 16.2556 2.001
      vertex 82.3837 16.4903 2.16669
      vertex 82.754 16.1655 2.16669
    endloop
  endfacet
  facet normal 0.694602 0.608932 0.383054
    outer loop
      vertex 82.9008 16.3123 1.80805
      vertex 82.8441 16.2556 2.001
      vertex 83.2434 15.9215 1.80805
    endloop
  endfacet
  facet normal 0.596413 0.523129 0.608792
    outer loop
      vertex 82.8441 16.2556 2.001
      vertex 82.754 16.1655 2.16669
      vertex 83.0788 15.7952 2.16669
    endloop
  endfacet
  facet normal 0.596339 0.523121 0.608872
    outer loop
      vertex 83.1799 15.8728 2.001
      vertex 82.8441 16.2556 2.001
      vertex 83.0788 15.7952 2.16669
    endloop
  endfacet
  facet normal 0.440676 0.659611 0.608867
    outer loop
      vertex 82.4613 16.5914 2.001
      vertex 82.038 16.8742 2.001
      vertex 82.3837 16.4903 2.16669
    endloop
  endfacet
  facet normal 0.1957 0.576468 0.793339
    outer loop
      vertex 81.5325 16.9817 2.16669
      vertex 81.0662 17.14 2.16669
      vertex 81.469 16.8283 2.29382
    endloop
  endfacet
  facet normal 0.408658 0.828561 0.382734
    outer loop
      vertex 82.078 16.9436 1.80805
      vertex 81.5812 17.0995 2.001
      vertex 82.038 16.8742 2.001
    endloop
  endfacet
  facet normal 0.269239 0.546019 0.79333
    outer loop
      vertex 81.5325 16.9817 2.16669
      vertex 81.469 16.8283 2.29382
      vertex 81.9742 16.7639 2.16669
    endloop
  endfacet
  facet normal 0.350808 0.711441 0.608921
    outer loop
      vertex 81.5812 17.0995 2.001
      vertex 81.5325 16.9817 2.16669
      vertex 81.9742 16.7639 2.16669
    endloop
  endfacet
  facet normal 0.0251504 0.381778 0.923912
    outer loop
      vertex 80.0802 17.1032 2.29382
      vertex 80.074 16.9102 2.37374
      vertex 80.5614 17.0715 2.29382
    endloop
  endfacet
  facet normal 0.0404403 0.119146 0.992053
    outer loop
      vertex 81.395 16.6497 2.37374
      vertex 80.9731 16.7929 2.37374
      vertex 81.3156 16.458 2.4
    endloop
  endfacet
  facet normal 0.000370212 0.793442 0.608646
    outer loop
      vertex 74.9463 17.3984 2.001
      vertex 74.9463 17.2713 2.16669
      vertex 80.09 17.396 2.001
    endloop
  endfacet
  facet normal 1.97868e-05 0.793442 0.608646
    outer loop
      vertex 74.9463 17.3984 2.001
      vertex 66.9264 17.2715 2.16669
      vertex 74.9463 17.2713 2.16669
    endloop
  endfacet
  facet normal -0.0401524 0.607728 0.793129
    outer loop
      vertex 3.73415 17.2489 2.16669
      vertex 3.68934 17.1357 2.25116
      vertex 4.00659 17.2669 2.16669
    endloop
  endfacet
  facet normal -0.0522815 0.791309 0.609177
    outer loop
      vertex 4.00659 17.2669 2.16669
      vertex 3.76062 17.3159 2.08193
      vertex 3.73415 17.2489 2.16669
    endloop
  endfacet
  facet normal -0.0520155 0.791732 0.608649
    outer loop
      vertex 3.76062 17.3159 2.08193
      vertex 4.00659 17.2669 2.16669
      vertex 4.0024 17.394 2.001
    endloop
  endfacet
  facet normal -0.551077 0.824134 0.130835
    outer loop
      vertex 1.99515 16.9306 1.8
      vertex 1.56401 16.6739 1.601
      vertex 1.58 16.653 1.8
    endloop
  endfacet
  facet normal -0.193783 0.972288 0.130781
    outer loop
      vertex 3.46014 17.4368 1.8
      vertex 2.96358 17.3646 1.601
      vertex 2.97044 17.3392 1.8
    endloop
  endfacet
  facet normal -0.438874 0.888983 0.130766
    outer loop
      vertex 2.45993 17.163 1.8
      vertex 1.99896 16.9647 1.601
      vertex 2.01207 16.9419 1.8
    endloop
  endfacet
  facet normal -0.0657465 0.997836 0
    outer loop
      vertex 3.99881 17.5012 0.4
      vertex 3.47672 17.4668 1.601
      vertex 3.99881 17.5012 1.601
    endloop
  endfacet
  facet normal -0.0657465 0.997836 0
    outer loop
      vertex 3.47672 17.4668 1.601
      vertex 3.99881 17.5012 0.4
      vertex 3.47672 17.4668 0.4
    endloop
  endfacet
  facet normal 0.287761 0.25236 0.923855
    outer loop
      vertex 82.6366 16.0481 2.29382
      vertex 82.4999 15.9114 2.37374
      vertex 82.7936 15.5765 2.37374
    endloop
  endfacet
  facet normal -0.745604 0.653446 0.130703
    outer loop
      vertex 0.825867 15.9353 1.601
      vertex 0.860138 15.9346 1.8
      vertex 1.17073 16.3288 1.601
    endloop
  endfacet
  facet normal -0.745411 0.653672 0.130671
    outer loop
      vertex 0.860138 15.9346 1.8
      vertex 0.825867 15.9353 1.601
      vertex 0.846721 15.9193 1.8
    endloop
  endfacet
  facet normal -0.824052 0.551237 0.130676
    outer loop
      vertex 0.825867 15.9353 1.601
      vertex 0.835416 15.9024 1.8
      vertex 0.846721 15.9193 1.8
    endloop
  endfacet
  facet normal -0.824495 0.550594 0.130591
    outer loop
      vertex 0.835416 15.9024 1.8
      vertex 0.825867 15.9353 1.601
      vertex 0.535309 15.5002 1.601
    endloop
  endfacet
  facet normal 0 0.707107 -0.707107
    outer loop
      vertex 66.9263 17.1058 0
      vertex 41.2691 17.5058 0.4
      vertex 66.9264 17.5058 0.4
    endloop
  endfacet
  facet normal 0 0.707107 -0.707107
    outer loop
      vertex 41.2691 17.5058 0.4
      vertex 66.9263 17.1058 0
      vertex 41.2691 17.1058 0
    endloop
  endfacet
  facet normal -1.80641e-05 0.707107 -0.707107
    outer loop
      vertex 41.2691 17.1058 0
      vertex 17.7825 17.5052 0.4
      vertex 41.2691 17.5058 0.4
    endloop
  endfacet
  facet normal -2.55465e-05 1 0
    outer loop
      vertex 41.2691 17.5058 0.4
      vertex 17.7825 17.5052 1.601
      vertex 41.2691 17.5058 1.601
    endloop
  endfacet
  facet normal -2.55465e-05 1 0
    outer loop
      vertex 17.7825 17.5052 1.601
      vertex 41.2691 17.5058 0.4
      vertex 17.7825 17.5052 0.4
    endloop
  endfacet
  facet normal -5.86548e-05 0.923814 0.382842
    outer loop
      vertex 31.3061 17.3984 2.001
      vertex 29.73 17.465 1.84005
      vertex 29.7311 17.3983 2.001
    endloop
  endfacet
  facet normal -2.86707e-05 0.923918 0.382591
    outer loop
      vertex 31.3057 17.4783 1.80805
      vertex 29.73 17.465 1.84005
      vertex 31.3061 17.3984 2.001
    endloop
  endfacet
  facet normal -5.85123e-05 0.924436 0.381337
    outer loop
      vertex 29.73 17.465 1.84005
      vertex 31.3057 17.4783 1.80805
      vertex 29.7258 17.4782 1.80805
    endloop
  endfacet
  facet normal -4.27443e-05 0.923918 0.38259
    outer loop
      vertex 37.7586 17.4784 1.80805
      vertex 39.9102 17.3986 2.001
      vertex 39.9201 17.4785 1.80805
    endloop
  endfacet
  facet normal -4.09451e-05 0.923925 0.382572
    outer loop
      vertex 39.9102 17.3986 2.001
      vertex 37.7586 17.4784 1.80805
      vertex 37.6537 17.3985 2.001
    endloop
  endfacet
  facet normal -5.89537e-05 0.793365 0.608746
    outer loop
      vertex 31.3061 17.3984 2.001
      vertex 29.7321 17.3336 2.0853
      vertex 31.3064 17.3252 2.0964
    endloop
  endfacet
  facet normal -5.03675e-05 0.793288 0.608847
    outer loop
      vertex 29.7321 17.3336 2.0853
      vertex 31.3061 17.3984 2.001
      vertex 29.7311 17.3983 2.001
    endloop
  endfacet
  facet normal -3.68063e-05 0.793332 0.608789
    outer loop
      vertex 37.6537 17.3985 2.001
      vertex 37.5654 17.2914 2.14056
      vertex 39.8953 17.2789 2.15699
    endloop
  endfacet
  facet normal -3.51581e-05 0.793344 0.608774
    outer loop
      vertex 37.6537 17.3985 2.001
      vertex 39.8953 17.2789 2.15699
      vertex 39.9102 17.3986 2.001
    endloop
  endfacet
  facet normal 0.00104202 0.793002 0.609218
    outer loop
      vertex 37.5654 17.2914 2.14056
      vertex 37.6537 17.3985 2.001
      vertex 37.59 17.35 2.06424
    endloop
  endfacet
  facet normal 0.069911 0.104626 0.992051
    outer loop
      vertex 82.165 16.2051 2.37374
      vertex 81.7946 16.4526 2.37374
      vertex 82.0387 16.0405 2.4
    endloop
  endfacet
  facet normal 0.318194 0.212616 0.923876
    outer loop
      vertex 83.2086 15.3027 2.29382
      vertex 82.7936 15.5765 2.37374
      vertex 83.0411 15.2061 2.37374
    endloop
  endfacet
  facet normal 0.104626 0.069911 0.992051
    outer loop
      vertex 82.7936 15.5765 2.37374
      vertex 82.629 15.4502 2.4
      vertex 83.0411 15.2061 2.37374
    endloop
  endfacet
  facet normal 0.36244 0.123008 0.923854
    outer loop
      vertex 83.4168 14.8805 2.29382
      vertex 83.2382 14.8065 2.37374
      vertex 83.5681 14.4347 2.29382
    endloop
  endfacet
  facet normal 0.375426 0.0746728 0.923839
    outer loop
      vertex 83.5681 14.4347 2.29382
      vertex 83.3814 14.3846 2.37374
      vertex 83.4683 13.9477 2.37374
    endloop
  endfacet
  facet normal 0.921906 0.0604907 0.382661
    outer loop
      vertex 84.0303 14.0218 1.80805
      vertex 83.9509 14.0113 2.001
      vertex 84.0644 13.5021 1.80805
    endloop
  endfacet
  facet normal 0.906142 0.180161 0.382686
    outer loop
      vertex 84.0303 14.0218 1.80805
      vertex 83.929 14.5313 1.80805
      vertex 83.9509 14.0113 2.001
    endloop
  endfacet
  facet normal 0.991481 -0 0.13025
    outer loop
      vertex 84.0644 -13.5043 1.80805
      vertex 84.0916 13.5032 1.601
      vertex 84.0644 13.5021 1.80805
    endloop
  endfacet
  facet normal 0.991481 0 0.13025
    outer loop
      vertex 84.0916 13.5032 1.601
      vertex 84.0644 -13.5043 1.80805
      vertex 84.0916 -13.5054 1.601
    endloop
  endfacet
  facet normal 0.0657933 0.997833 -0
    outer loop
      vertex 80.6138 17.4689 0.4
      vertex 80.0936 17.5032 1.601
      vertex 80.6138 17.4689 1.601
    endloop
  endfacet
  facet normal 0.0657933 0.997833 0
    outer loop
      vertex 80.0936 17.5032 1.601
      vertex 80.6138 17.4689 0.4
      vertex 80.0936 17.5032 0.4
    endloop
  endfacet
  facet normal 0.25494 0.751264 0.608776
    outer loop
      vertex 81.0991 17.2631 2.001
      vertex 81.0662 17.14 2.16669
      vertex 81.5812 17.0995 2.001
    endloop
  endfacet
  facet normal 0.193337 0.972409 0.130543
    outer loop
      vertex 80.6138 17.4689 1.601
      vertex 80.6103 17.4418 1.80805
      vertex 81.1198 17.3405 1.80805
    endloop
  endfacet
  facet normal 0.0245713 -0.123398 0.992053
    outer loop
      vertex 80.9199 -16.5945 2.4
      vertex 80.5096 -16.6762 2.4
      vertex 80.5368 -16.8819 2.37374
    endloop
  endfacet
  facet normal 0.252315 -0.287594 0.923919
    outer loop
      vertex 82.637 -16.05 2.29382
      vertex 82.1654 -16.207 2.37374
      vertex 82.2832 -16.3604 2.29382
    endloop
  endfacet
  facet normal 0.609374 -0.694548 0.382449
    outer loop
      vertex 82.8445 -16.2575 2.001
      vertex 82.5106 -16.6567 1.80805
      vertex 82.9012 -16.314 1.80805
    endloop
  endfacet
  facet normal 0.550984 -0.824202 0.1308
    outer loop
      vertex 82.5272 -16.6784 1.601
      vertex 82.0785 -16.9455 1.80805
      vertex 82.0922 -16.9692 1.601
    endloop
  endfacet
  facet normal 0.523136 -0.596378 0.608821
    outer loop
      vertex 82.7545 -16.1673 2.16669
      vertex 82.4618 -16.5932 2.001
      vertex 82.8445 -16.2575 2.001
    endloop
  endfacet
  facet normal -0.745419 -0.653684 0.130567
    outer loop
      vertex 0.848206 -15.9197 1.80805
      vertex 0.826584 -15.9364 1.601
      vertex 1.17157 -16.3298 1.601
    endloop
  endfacet
  facet normal -0.50623 -0.338231 0.793304
    outer loop
      vertex 0.883026 -15.3009 2.29382
      vertex 0.739258 -15.3839 2.16669
      vertex 1.01286 -15.7934 2.16669
    endloop
  endfacet
  facet normal -0.659641 -0.44073 0.608794
    outer loop
      vertex 0.739258 -15.3839 2.16669
      vertex 0.628967 -15.4477 2.001
      vertex 1.01286 -15.7934 2.16669
    endloop
  endfacet
  facet normal -4.25171e-05 -0.12585 0.992049
    outer loop
      vertex 4.02501 -16.7014 2.4
      vertex 4.01837 -16.9084 2.37374
      vertex 15.2663 -16.9122 2.37374
    endloop
  endfacet
  facet normal 0.0699193 -0.104578 0.992056
    outer loop
      vertex 82.039 -16.0424 2.4
      vertex 81.6911 -16.275 2.4
      vertex 82.1654 -16.207 2.37374
    endloop
  endfacet
  facet normal 0 0 1
    outer loop
      vertex 15.2663 -16.7051 2.4
      vertex 9.436 -12.074 2.4
      vertex 9.52399 -12.309 2.4
    endloop
  endfacet
  facet normal 0 0 1
    outer loop
      vertex 7.35499 1.71299 2.4
      vertex 10.152 3.18099 2.4
      vertex 7.51299 2.07699 2.4
    endloop
  endfacet
  facet normal 0 0 1
    outer loop
      vertex 10.152 3.18099 2.4
      vertex 9.32799 -11.932 2.4
      vertex 9.436 -12.074 2.4
    endloop
  endfacet
  facet normal 0 0 1
    outer loop
      vertex 8.208 5.994 2.4
      vertex 9.84099 7.403 2.4
      vertex 8.46 7.89599 2.4
    endloop
  endfacet
  facet normal 0 0 1
    outer loop
      vertex 10.227 4.164 2.4
      vertex 8.104 5.00099 2.4
      vertex 10.151 3.621 2.4
    endloop
  endfacet
  facet normal -0 0 1
    outer loop
      vertex 7.66199 3.791 2.4
      vertex 10.151 3.621 2.4
      vertex 8.104 5.00099 2.4
    endloop
  endfacet
  facet normal 0 0 1
    outer loop
      vertex 9.84099 7.403 2.4
      vertex 8.322 5.802 2.4
      vertex 8.35499 5.56399 2.4
    endloop
  endfacet
  facet normal 0 0 1
    outer loop
      vertex 9.84099 7.403 2.4
      vertex 8.208 5.994 2.4
      vertex 8.322 5.802 2.4
    endloop
  endfacet
  facet normal 0 0 1
    outer loop
      vertex 8.46 7.89599 2.4
      vertex 8.029 6.12599 2.4
      vertex 8.208 5.994 2.4
    endloop
  endfacet
  facet normal 0 0 1
    outer loop
      vertex 7.81599 6.17999 2.4
      vertex 8.46 7.89599 2.4
      vertex 7.949 8.041 2.4
    endloop
  endfacet
  facet normal 0 0 1
    outer loop
      vertex 8.46 7.89599 2.4
      vertex 7.81599 6.17999 2.4
      vertex 8.029 6.12599 2.4
    endloop
  endfacet
  facet normal 0 0 1
    outer loop
      vertex 7.949 8.041 2.4
      vertex 7.60599 6.15798 2.4
      vertex 7.81599 6.17999 2.4
    endloop
  endfacet
  facet normal 0 0 1
    outer loop
      vertex 7.32899 8.16499 2.4
      vertex 7.60599 6.15798 2.4
      vertex 7.949 8.041 2.4
    endloop
  endfacet
  facet normal 0 0 1
    outer loop
      vertex 6.90099 8.19599 2.4
      vertex 7.60599 6.15798 2.4
      vertex 7.32899 8.16499 2.4
    endloop
  endfacet
  facet normal 0 0 1
    outer loop
      vertex 7.60599 6.15798 2.4
      vertex 6.90099 8.19599 2.4
      vertex 7.21 5.99699 2.4
    endloop
  endfacet
  facet normal -0 0 1
    outer loop
      vertex 6.576 8.17199 2.4
      vertex 7.21 5.99699 2.4
      vertex 6.90099 8.19599 2.4
    endloop
  endfacet
  facet normal -0 0 1
    outer loop
      vertex 5.79299 7.968 2.4
      vertex 7.21 5.99699 2.4
      vertex 6.576 8.17199 2.4
    endloop
  endfacet
  facet normal 0 0 1
    outer loop
      vertex 7.21 5.99699 2.4
      vertex 5.79299 7.968 2.4
      vertex 6.852 5.716 2.4
    endloop
  endfacet
  facet normal 0 0 1
    outer loop
      vertex 6.852 5.716 2.4
      vertex 5.79299 7.968 2.4
      vertex 6.52799 5.58599 2.4
    endloop
  endfacet
  facet normal -0 0 1
    outer loop
      vertex 5.268 7.77 2.4
      vertex 6.52799 5.58599 2.4
      vertex 5.79299 7.968 2.4
    endloop
  endfacet
  facet normal 0 0 1
    outer loop
      vertex 6.52799 5.58599 2.4
      vertex 5.268 7.77 2.4
      vertex 5.47599 5.47698 2.4
    endloop
  endfacet
  facet normal -0 0 1
    outer loop
      vertex 4.48499 7.40499 2.4
      vertex 5.47599 5.47698 2.4
      vertex 5.268 7.77 2.4
    endloop
  endfacet
  facet normal 0 0 1
    outer loop
      vertex 5.47599 5.47698 2.4
      vertex 4.48499 7.40499 2.4
      vertex 4.878 5.328 2.4
    endloop
  endfacet
  facet normal -0 0 1
    outer loop
      vertex 3.97501 7.11499 2.4
      vertex 4.878 5.328 2.4
      vertex 4.48499 7.40499 2.4
    endloop
  endfacet
  facet normal -0 0 1
    outer loop
      vertex 3.47301 6.77899 2.4
      vertex 4.878 5.328 2.4
      vertex 3.97501 7.11499 2.4
    endloop
  endfacet
  facet normal 0 0 1
    outer loop
      vertex 4.878 5.328 2.4
      vertex 3.47301 6.77899 2.4
      vertex 4.36899 5.091 2.4
    endloop
  endfacet
  facet normal -0 0 1
    outer loop
      vertex 3.021 6.42999 2.4
      vertex 4.36899 5.091 2.4
      vertex 3.47301 6.77899 2.4
    endloop
  endfacet
  facet normal 0 0 1
    outer loop
      vertex 4.36899 5.091 2.4
      vertex 3.021 6.42999 2.4
      vertex 3.80401 4.67999 2.4
    endloop
  endfacet
  facet normal -0 0 1
    outer loop
      vertex 2.34901 5.82199 2.4
      vertex 3.80401 4.67999 2.4
      vertex 3.021 6.42999 2.4
    endloop
  endfacet
  facet normal 0 0 1
    outer loop
      vertex 3.80401 4.67999 2.4
      vertex 2.34901 5.82199 2.4
      vertex 3.217 4.093 2.4
    endloop
  endfacet
  facet normal -0 0 1
    outer loop
      vertex 1.96101 5.36999 2.4
      vertex 3.217 4.093 2.4
      vertex 2.34901 5.82199 2.4
    endloop
  endfacet
  facet normal -0 0 1
    outer loop
      vertex 1.71801 5.026 2.4
      vertex 3.217 4.093 2.4
      vertex 1.96101 5.36999 2.4
    endloop
  endfacet
  facet normal 0 0 1
    outer loop
      vertex 3.217 4.093 2.4
      vertex 1.71801 5.026 2.4
      vertex 2.83501 3.638 2.4
    endloop
  endfacet
  facet normal -0 0 1
    outer loop
      vertex 1.43101 4.524 2.4
      vertex 2.83501 3.638 2.4
      vertex 1.71801 5.026 2.4
    endloop
  endfacet
  facet normal 0 0 1
    outer loop
      vertex 2.83501 3.638 2.4
      vertex 1.43101 4.524 2.4
      vertex 2.536 3.22299 2.4
    endloop
  endfacet
  facet normal -0 0 1
    outer loop
      vertex 1.14101 3.77 2.4
      vertex 2.536 3.22299 2.4
      vertex 1.43101 4.524 2.4
    endloop
  endfacet
  facet normal 0 0 1
    outer loop
      vertex 10.152 3.18099 2.4
      vertex 7.61999 2.58499 2.4
      vertex 7.51299 2.07699 2.4
    endloop
  endfacet
  facet normal 0 0 1
    outer loop
      vertex 10.151 3.621 2.4
      vertex 7.66199 3.791 2.4
      vertex 10.152 3.18099 2.4
    endloop
  endfacet
  facet normal 0 0 1
    outer loop
      vertex 7.73299 4.481 2.4
      vertex 8.104 5.00099 2.4
      vertex 7.835 4.72 2.4
    endloop
  endfacet
  facet normal 0 0 1
    outer loop
      vertex 8.104 5.00099 2.4
      vertex 7.73299 4.481 2.4
      vertex 7.66199 3.791 2.4
    endloop
  endfacet
  facet normal 0 0 1
    outer loop
      vertex 10.152 3.18099 2.4
      vertex 7.66199 3.791 2.4
      vertex 7.66 3.02899 2.4
    endloop
  endfacet
  facet normal 0 0 1
    outer loop
      vertex 10.152 3.18099 2.4
      vertex 7.66 3.02899 2.4
      vertex 7.61999 2.58499 2.4
    endloop
  endfacet
  facet normal 0 0 1
    outer loop
      vertex 7.02 1.26699 2.4
      vertex 10.152 3.18099 2.4
      vertex 7.35499 1.71299 2.4
    endloop
  endfacet
  facet normal 0 0 1
    outer loop
      vertex 10.152 3.18099 2.4
      vertex 9.14699 -11.804 2.4
      vertex 9.32799 -11.932 2.4
    endloop
  endfacet
  facet normal 0 0 1
    outer loop
      vertex 10.152 3.18099 2.4
      vertex 7.02 1.26699 2.4
      vertex 9.14699 -11.804 2.4
    endloop
  endfacet
  facet normal -0 0 1
    outer loop
      vertex 6.76699 1.00999 2.4
      vertex 9.14699 -11.804 2.4
      vertex 7.02 1.26699 2.4
    endloop
  endfacet
  facet normal -0 -0 1
    outer loop
      vertex 7.46 -10.856 2.4
      vertex 9.14699 -11.804 2.4
      vertex 6.76699 1.00999 2.4
    endloop
  endfacet
  facet normal 0 0 1
    outer loop
      vertex 9.14699 -11.804 2.4
      vertex 7.46 -10.856 2.4
      vertex 8.37099 -11.462 2.4
    endloop
  endfacet
  facet normal 0 0 1
    outer loop
      vertex 6.76699 1.00999 2.4
      vertex 6.34699 -9.91901 2.4
      vertex 7.46 -10.856 2.4
    endloop
  endfacet
  facet normal -0 0 1
    outer loop
      vertex 6.11599 0.431987 2.4
      vertex 6.34699 -9.91901 2.4
      vertex 6.76699 1.00999 2.4
    endloop
  endfacet
  facet normal 0 0 1
    outer loop
      vertex 5.18899 -9.05201 2.4
      vertex 6.11599 0.431987 2.4
      vertex 5.66099 0.128993 2.4
    endloop
  endfacet
  facet normal 0 0 1
    outer loop
      vertex 6.11599 0.431987 2.4
      vertex 5.18899 -9.05201 2.4
      vertex 6.34699 -9.91901 2.4
    endloop
  endfacet
  facet normal 0 0 1
    outer loop
      vertex 3.88901 -7.478 2.4
      vertex 5.66099 0.128993 2.4
      vertex 5.18299 -0.022007 2.4
    endloop
  endfacet
  facet normal 0 0 1
    outer loop
      vertex 5.66099 0.128993 2.4
      vertex 3.88901 -7.478 2.4
      vertex 5.18899 -9.05201 2.4
    endloop
  endfacet
  facet normal 0 0 1
    outer loop
      vertex 2.95701 -0.960011 2.4
      vertex 5.18299 -0.022007 2.4
      vertex 4.26299 -0.0290108 2.4
    endloop
  endfacet
  facet normal 0 0 1
    outer loop
      vertex 5.18899 -9.05201 2.4
      vertex 3.88901 -7.478 2.4
      vertex 4.64899 -8.54201 2.4
    endloop
  endfacet
  facet normal 0 0 1
    outer loop
      vertex 3.36201 -0.422001 2.4
      vertex 4.26299 -0.0290108 2.4
      vertex 3.79401 -0.0970039 2.4
    endloop
  endfacet
  facet normal 0 0 1
    outer loop
      vertex 3.36201 -0.422001 2.4
      vertex 3.79401 -0.0970039 2.4
      vertex 3.573 -0.209003 2.4
    endloop
  endfacet
  facet normal 0 0 1
    outer loop
      vertex 4.26299 -0.0290108 2.4
      vertex 3.36201 -0.422001 2.4
      vertex 2.95701 -0.960011 2.4
    endloop
  endfacet
  facet normal 0 0 1
    outer loop
      vertex 5.18299 -0.022007 2.4
      vertex 2.95701 -0.960011 2.4
      vertex 2.49801 -1.922 2.4
    endloop
  endfacet
  facet normal 0 0 1
    outer loop
      vertex 5.18299 -0.022007 2.4
      vertex 2.49801 -1.922 2.4
      vertex 2.325 -2.448 2.4
    endloop
  endfacet
  facet normal 0 0 1
    outer loop
      vertex 5.18299 -0.022007 2.4
      vertex 2.39501 -5.05201 2.4
      vertex 3.88901 -7.478 2.4
    endloop
  endfacet
  facet normal 0 0 1
    outer loop
      vertex 2.213 -2.93401 2.4
      vertex 5.18299 -0.022007 2.4
      vertex 2.325 -2.448 2.4
    endloop
  endfacet
  facet normal 0 -0 1
    outer loop
      vertex 2.288 -4.67501 2.4
      vertex 5.18299 -0.022007 2.4
      vertex 2.18 -3.85901 2.4
    endloop
  endfacet
  facet normal 0 0 1
    outer loop
      vertex 5.18299 -0.022007 2.4
      vertex 2.213 -2.93401 2.4
      vertex 2.18 -3.85901 2.4
    endloop
  endfacet
  facet normal 0 0 1
    outer loop
      vertex 2.18 -3.85901 2.4
      vertex 2.213 -2.93401 2.4
      vertex 2.18 -3.20301 2.4
    endloop
  endfacet
  facet normal 0 0 1
    outer loop
      vertex 5.18299 -0.022007 2.4
      vertex 2.288 -4.67501 2.4
      vertex 2.39501 -5.05201 2.4
    endloop
  endfacet
  facet normal 0 0 1
    outer loop
      vertex 10.702 6.05599 2.4
      vertex 10.728 5.75599 2.4
      vertex 10.744 5.90899 2.4
    endloop
  endfacet
  facet normal 0 0 1
    outer loop
      vertex 10.702 6.05599 2.4
      vertex 10.564 5.358 2.4
      vertex 10.728 5.75599 2.4
    endloop
  endfacet
  facet normal 0 0 1
    outer loop
      vertex 8.35499 5.56399 2.4
      vertex 10.702 6.05599 2.4
      vertex 10.109 7.207 2.4
    endloop
  endfacet
  facet normal 0 0 1
    outer loop
      vertex 10.564 5.358 2.4
      vertex 8.35499 5.56399 2.4
      vertex 10.361 4.70899 2.4
    endloop
  endfacet
  facet normal 0 0 1
    outer loop
      vertex 10.702 6.05599 2.4
      vertex 8.35499 5.56399 2.4
      vertex 10.564 5.358 2.4
    endloop
  endfacet
  facet normal 0 0 1
    outer loop
      vertex 8.35499 5.56399 2.4
      vertex 10.109 7.207 2.4
      vertex 9.84099 7.403 2.4
    endloop
  endfacet
  facet normal 0 0 1
    outer loop
      vertex 14.847 0.278987 2.4
      vertex 17.469 3.925 2.4
      vertex 14.886 1.55 2.4
    endloop
  endfacet
  facet normal 0 0 1
    outer loop
      vertex 17.469 3.925 2.4
      vertex 14.847 0.278987 2.4
      vertex 14.896 -0.0990028 2.4
    endloop
  endfacet
  facet normal 0 0 1
    outer loop
      vertex 14.886 1.55 2.4
      vertex 14.685 0.715999 2.4
      vertex 14.847 0.278987 2.4
    endloop
  endfacet
  facet normal 0 -0 1
    outer loop
      vertex 14.685 0.715999 2.4
      vertex 14.886 1.55 2.4
      vertex 14.671 0.830989 2.4
    endloop
  endfacet
  facet normal 0 0 1
    outer loop
      vertex 15.324 4.31599 2.4
      vertex 14.907 3.899 2.4
      vertex 15.717 4.19899 2.4
    endloop
  endfacet
  facet normal 0 0 1
    outer loop
      vertex 15.717 4.19899 2.4
      vertex 14.907 3.899 2.4
      vertex 15.031 3.235 2.4
    endloop
  endfacet
  facet normal 0 0 1
    outer loop
      vertex 20.6 15.059 2.4
      vertex 18.882 14.388 2.4
      vertex 18.927 14.121 2.4
    endloop
  endfacet
  facet normal 0 0 1
    outer loop
      vertex 19.552 16.011 2.4
      vertex 18.778 14.554 2.4
      vertex 18.882 14.388 2.4
    endloop
  endfacet
  facet normal 0 0 1
    outer loop
      vertex 18.273 14.777 2.4
      vertex 19.075 16.286 2.4
      vertex 18.544 16.514 2.4
    endloop
  endfacet
  facet normal 0 0 1
    outer loop
      vertex 19.552 16.011 2.4
      vertex 18.525 14.73 2.4
      vertex 18.778 14.554 2.4
    endloop
  endfacet
  facet normal 0 0 1
    outer loop
      vertex 19.075 16.286 2.4
      vertex 18.273 14.777 2.4
      vertex 18.525 14.73 2.4
    endloop
  endfacet
  facet normal 0 0 1
    outer loop
      vertex 18.544 16.514 2.4
      vertex 18.001 14.726 2.4
      vertex 18.273 14.777 2.4
    endloop
  endfacet
  facet normal 0 0 1
    outer loop
      vertex 17.8228 16.7052 2.4
      vertex 18.001 14.726 2.4
      vertex 18.544 16.514 2.4
    endloop
  endfacet
  facet normal -0 0 1
    outer loop
      vertex 17.7827 16.7052 2.4
      vertex 18.001 14.726 2.4
      vertex 17.8228 16.7052 2.4
    endloop
  endfacet
  facet normal -0 0 1
    outer loop
      vertex 17.1275 16.7051 2.4
      vertex 18.001 14.726 2.4
      vertex 17.7827 16.7052 2.4
    endloop
  endfacet
  facet normal 0 0 1
    outer loop
      vertex 18.001 14.726 2.4
      vertex 17.1275 16.7051 2.4
      vertex 17.327 14.407 2.4
    endloop
  endfacet
  facet normal 0 0 1
    outer loop
      vertex 17.1275 16.7051 2.4
      vertex 16.052 14.517 2.4
      vertex 17.327 14.407 2.4
    endloop
  endfacet
  facet normal 0 0 1
    outer loop
      vertex 17.1275 16.7051 2.4
      vertex 15.592 14.516 2.4
      vertex 16.052 14.517 2.4
    endloop
  endfacet
  facet normal -0 0 1
    outer loop
      vertex 14.4051 16.7043 2.4
      vertex 15.592 14.516 2.4
      vertex 17.1275 16.7051 2.4
    endloop
  endfacet
  facet normal 0 0 1
    outer loop
      vertex 15.592 14.516 2.4
      vertex 14.4051 16.7043 2.4
      vertex 15.204 14.476 2.4
    endloop
  endfacet
  facet normal 0 0 1
    outer loop
      vertex 15.204 14.476 2.4
      vertex 14.4051 16.7043 2.4
      vertex 14.566 14.336 2.4
    endloop
  endfacet
  facet normal -0 0 1
    outer loop
      vertex 13.593 16.597 2.4
      vertex 14.566 14.336 2.4
      vertex 14.4051 16.7043 2.4
    endloop
  endfacet
  facet normal 0 0 1
    outer loop
      vertex 14.566 14.336 2.4
      vertex 13.593 16.597 2.4
      vertex 13.986 14.103 2.4
    endloop
  endfacet
  facet normal -0 0 1
    outer loop
      vertex 13.068 16.465 2.4
      vertex 13.986 14.103 2.4
      vertex 13.593 16.597 2.4
    endloop
  endfacet
  facet normal -0 0 1
    outer loop
      vertex 12.425 16.252 2.4
      vertex 13.986 14.103 2.4
      vertex 13.068 16.465 2.4
    endloop
  endfacet
  facet normal 0 0 1
    outer loop
      vertex 13.986 14.103 2.4
      vertex 12.425 16.252 2.4
      vertex 13.449 13.781 2.4
    endloop
  endfacet
  facet normal -0 0 1
    outer loop
      vertex 11.769 15.979 2.4
      vertex 13.449 13.781 2.4
      vertex 12.425 16.252 2.4
    endloop
  endfacet
  facet normal 0 0 1
    outer loop
      vertex 13.449 13.781 2.4
      vertex 11.769 15.979 2.4
      vertex 13.118 13.524 2.4
    endloop
  endfacet
  facet normal -0 0 1
    outer loop
      vertex 11.442 15.814 2.4
      vertex 13.118 13.524 2.4
      vertex 11.769 15.979 2.4
    endloop
  endfacet
  facet normal -0 0 1
    outer loop
      vertex 11.09 15.587 2.4
      vertex 13.118 13.524 2.4
      vertex 11.442 15.814 2.4
    endloop
  endfacet
  facet normal -0 0 1
    outer loop
      vertex 10.566 15.097 2.4
      vertex 13.118 13.524 2.4
      vertex 11.09 15.587 2.4
    endloop
  endfacet
  facet normal 0 0 1
    outer loop
      vertex 13.118 13.524 2.4
      vertex 10.566 15.097 2.4
      vertex 12.696 12.981 2.4
    endloop
  endfacet
  facet normal -0 0 1
    outer loop
      vertex 10.19 14.627 2.4
      vertex 12.696 12.981 2.4
      vertex 10.566 15.097 2.4
    endloop
  endfacet
  facet normal -0 0 1
    outer loop
      vertex 9.92399 14.233 2.4
      vertex 12.696 12.981 2.4
      vertex 10.19 14.627 2.4
    endloop
  endfacet
  facet normal 0 0 1
    outer loop
      vertex 12.696 12.981 2.4
      vertex 9.92399 14.233 2.4
      vertex 12.422 12.313 2.4
    endloop
  endfacet
  facet normal -0 0 1
    outer loop
      vertex 9.34499 13.121 2.4
      vertex 12.422 12.313 2.4
      vertex 9.92399 14.233 2.4
    endloop
  endfacet
  facet normal 0 0 1
    outer loop
      vertex 12.422 12.313 2.4
      vertex 9.34499 13.121 2.4
      vertex 12.344 11.868 2.4
    endloop
  endfacet
  facet normal 0 -0 1
    outer loop
      vertex 10.888 10.478 2.4
      vertex 12.344 11.868 2.4
      vertex 9.34499 13.121 2.4
    endloop
  endfacet
  facet normal 0 0 1
    outer loop
      vertex 12.344 11.868 2.4
      vertex 11.733 10.788 2.4
      vertex 12.321 11.273 2.4
    endloop
  endfacet
  facet normal 0 -0 1
    outer loop
      vertex 12.127 10.987 2.4
      vertex 12.321 11.273 2.4
      vertex 11.733 10.788 2.4
    endloop
  endfacet
  facet normal 0 0 1
    outer loop
      vertex 12.321 11.273 2.4
      vertex 12.127 10.987 2.4
      vertex 12.219 11.061 2.4
    endloop
  endfacet
  facet normal 0 0 1
    outer loop
      vertex 12.344 11.868 2.4
      vertex 10.888 10.478 2.4
      vertex 11.733 10.788 2.4
    endloop
  endfacet
  facet normal -0 0 1
    outer loop
      vertex 9.074 12.694 2.4
      vertex 10.888 10.478 2.4
      vertex 9.34499 13.121 2.4
    endloop
  endfacet
  facet normal 0 0 1
    outer loop
      vertex 10.888 10.478 2.4
      vertex 9.074 12.694 2.4
      vertex 10.41 10.375 2.4
    endloop
  endfacet
  facet normal 0 0 1
    outer loop
      vertex 10.41 10.375 2.4
      vertex 9.074 12.694 2.4
      vertex 10.039 10.335 2.4
    endloop
  endfacet
  facet normal -0 0 1
    outer loop
      vertex 8.686 12.195 2.4
      vertex 10.039 10.335 2.4
      vertex 9.074 12.694 2.4
    endloop
  endfacet
  facet normal 0 0 1
    outer loop
      vertex 10.039 10.335 2.4
      vertex 8.686 12.195 2.4
      vertex 8.811 10.301 2.4
    endloop
  endfacet
  facet normal -0 0 1
    outer loop
      vertex 8.462 11.974 2.4
      vertex 8.811 10.301 2.4
      vertex 8.686 12.195 2.4
    endloop
  endfacet
  facet normal -0 0 1
    outer loop
      vertex 8.126 11.713 2.4
      vertex 8.811 10.301 2.4
      vertex 8.462 11.974 2.4
    endloop
  endfacet
  facet normal -0 0 1
    outer loop
      vertex 7.796 11.524 2.4
      vertex 8.811 10.301 2.4
      vertex 8.126 11.713 2.4
    endloop
  endfacet
  facet normal -0 0 1
    outer loop
      vertex 7.326 11.378 2.4
      vertex 8.811 10.301 2.4
      vertex 7.796 11.524 2.4
    endloop
  endfacet
  facet normal 0 0 1
    outer loop
      vertex 7.326 11.378 2.4
      vertex 6.79999 10.51 2.4
      vertex 8.811 10.301 2.4
    endloop
  endfacet
  facet normal -0 0 1
    outer loop
      vertex 6.75899 11.295 2.4
      vertex 6.79999 10.51 2.4
      vertex 7.326 11.378 2.4
    endloop
  endfacet
  facet normal 0 0 1
    outer loop
      vertex 6.75899 11.295 2.4
      vertex 6.61799 10.583 2.4
      vertex 6.79999 10.51 2.4
    endloop
  endfacet
  facet normal -0 0 1
    outer loop
      vertex 6.55799 11.176 2.4
      vertex 6.61799 10.583 2.4
      vertex 6.75899 11.295 2.4
    endloop
  endfacet
  facet normal 0 0 1
    outer loop
      vertex 6.55799 11.176 2.4
      vertex 6.47799 10.77 2.4
      vertex 6.61799 10.583 2.4
    endloop
  endfacet
  facet normal 0 -0 1
    outer loop
      vertex 6.47799 10.77 2.4
      vertex 6.55799 11.176 2.4
      vertex 6.458 10.965 2.4
    endloop
  endfacet
  facet normal 0 0 1
    outer loop
      vertex 21.651 13.03 2.4
      vertex 21.641 12.573 2.4
      vertex 21.69 12.802 2.4
    endloop
  endfacet
  facet normal 0 0 1
    outer loop
      vertex 18.849 13.798 2.4
      vertex 21.641 12.573 2.4
      vertex 21.651 13.03 2.4
    endloop
  endfacet
  facet normal -0 0 1
    outer loop
      vertex 18.849 13.798 2.4
      vertex 21.651 13.03 2.4
      vertex 21.062 14.384 2.4
    endloop
  endfacet
  facet normal 0 0 1
    outer loop
      vertex 21.641 12.573 2.4
      vertex 18.849 13.798 2.4
      vertex 18.693 13.568 2.4
    endloop
  endfacet
  facet normal 0 0 1
    outer loop
      vertex 21.641 12.573 2.4
      vertex 18.693 13.568 2.4
      vertex 21.088 11.421 2.4
    endloop
  endfacet
  facet normal 0 0 1
    outer loop
      vertex 18.927 14.121 2.4
      vertex 21.062 14.384 2.4
      vertex 20.6 15.059 2.4
    endloop
  endfacet
  facet normal -0 0 1
    outer loop
      vertex 18.168 13.037 2.4
      vertex 21.088 11.421 2.4
      vertex 18.693 13.568 2.4
    endloop
  endfacet
  facet normal 0 0 1
    outer loop
      vertex 20.845 10.175 2.4
      vertex 20.509 5.578 2.4
      vertex 20.72 5.39299 2.4
    endloop
  endfacet
  facet normal 0 -0 1
    outer loop
      vertex 19.132 6.86599 2.4
      vertex 20.845 10.175 2.4
      vertex 18.78 7.40499 2.4
    endloop
  endfacet
  facet normal 0 0 1
    outer loop
      vertex 20.509 5.578 2.4
      vertex 19.132 6.86599 2.4
      vertex 20.228 5.69499 2.4
    endloop
  endfacet
  facet normal 0 0 1
    outer loop
      vertex 18.882 14.388 2.4
      vertex 20.6 15.059 2.4
      vertex 19.801 15.827 2.4
    endloop
  endfacet
  facet normal -0 0 1
    outer loop
      vertex 17.69 11.749 2.4
      vertex 21.088 11.421 2.4
      vertex 18.168 13.037 2.4
    endloop
  endfacet
  facet normal 0 0 1
    outer loop
      vertex 18.882 14.388 2.4
      vertex 19.801 15.827 2.4
      vertex 19.552 16.011 2.4
    endloop
  endfacet
  facet normal 0 0 1
    outer loop
      vertex 21.062 14.384 2.4
      vertex 18.927 14.121 2.4
      vertex 18.849 13.798 2.4
    endloop
  endfacet
  facet normal 0 0 1
    outer loop
      vertex 18.525 14.73 2.4
      vertex 19.552 16.011 2.4
      vertex 19.075 16.286 2.4
    endloop
  endfacet
  facet normal -0 -0 1
    outer loop
      vertex 19.675 5.86399 2.4
      vertex 20.228 5.69499 2.4
      vertex 19.132 6.86599 2.4
    endloop
  endfacet
  facet normal 0 0 1
    outer loop
      vertex 20.228 5.69499 2.4
      vertex 19.675 5.86399 2.4
      vertex 19.831 5.763 2.4
    endloop
  endfacet
  facet normal 0 0 1
    outer loop
      vertex 20.845 10.175 2.4
      vertex 19.132 6.86599 2.4
      vertex 20.509 5.578 2.4
    endloop
  endfacet
  facet normal 0 0 1
    outer loop
      vertex 21.088 11.421 2.4
      vertex 17.69 11.749 2.4
      vertex 20.954 10.97 2.4
    endloop
  endfacet
  facet normal -0 0 1
    outer loop
      vertex 17.36 11.156 2.4
      vertex 20.845 10.175 2.4
      vertex 17.69 11.749 2.4
    endloop
  endfacet
  facet normal 0 0 1
    outer loop
      vertex 20.954 10.97 2.4
      vertex 17.69 11.749 2.4
      vertex 20.845 10.175 2.4
    endloop
  endfacet
  facet normal 0 0 1
    outer loop
      vertex 20.845 10.175 2.4
      vertex 18.505 7.679 2.4
      vertex 18.78 7.40499 2.4
    endloop
  endfacet
  facet normal 0 -0 1
    outer loop
      vertex 17.964 8.04599 2.4
      vertex 20.845 10.175 2.4
      vertex 17.36 11.156 2.4
    endloop
  endfacet
  facet normal 0 0 1
    outer loop
      vertex 20.845 10.175 2.4
      vertex 17.964 8.04599 2.4
      vertex 18.505 7.679 2.4
    endloop
  endfacet
  facet normal -0 0 1
    outer loop
      vertex 17.082 10.794 2.4
      vertex 17.964 8.04599 2.4
      vertex 17.36 11.156 2.4
    endloop
  endfacet
  facet normal -0 0 1
    outer loop
      vertex 16.408 10.16 2.4
      vertex 17.964 8.04599 2.4
      vertex 17.082 10.794 2.4
    endloop
  endfacet
  facet normal 0 0 1
    outer loop
      vertex 17.964 8.04599 2.4
      vertex 16.408 10.16 2.4
      vertex 16.436 8.65499 2.4
    endloop
  endfacet
  facet normal -0 0 1
    outer loop
      vertex 16.048 9.90599 2.4
      vertex 16.436 8.65499 2.4
      vertex 16.408 10.16 2.4
    endloop
  endfacet
  facet normal 0 0 1
    outer loop
      vertex 16.436 8.65499 2.4
      vertex 16.048 9.90599 2.4
      vertex 16.086 8.731 2.4
    endloop
  endfacet
  facet normal -0 0 1
    outer loop
      vertex 15.823 9.79299 2.4
      vertex 16.086 8.731 2.4
      vertex 16.048 9.90599 2.4
    endloop
  endfacet
  facet normal 0 0 1
    outer loop
      vertex 15.823 9.79299 2.4
      vertex 15.68 8.77099 2.4
      vertex 16.086 8.731 2.4
    endloop
  endfacet
  facet normal -0 0 1
    outer loop
      vertex 15.482 9.68199 2.4
      vertex 15.68 8.77099 2.4
      vertex 15.823 9.79299 2.4
    endloop
  endfacet
  facet normal 0 0 1
    outer loop
      vertex 15.482 9.68199 2.4
      vertex 15.256 8.69699 2.4
      vertex 15.68 8.77099 2.4
    endloop
  endfacet
  facet normal -0 0 1
    outer loop
      vertex 15.046 9.606 2.4
      vertex 15.256 8.69699 2.4
      vertex 15.482 9.68199 2.4
    endloop
  endfacet
  facet normal 0 0 1
    outer loop
      vertex 15.046 9.606 2.4
      vertex 14.895 8.578 2.4
      vertex 15.256 8.69699 2.4
    endloop
  endfacet
  facet normal -0 0 1
    outer loop
      vertex 14.465 9.604 2.4
      vertex 14.895 8.578 2.4
      vertex 15.046 9.606 2.4
    endloop
  endfacet
  facet normal 0 0 1
    outer loop
      vertex 14.895 8.578 2.4
      vertex 14.465 9.604 2.4
      vertex 14.511 8.38699 2.4
    endloop
  endfacet
  facet normal 0 0 1
    outer loop
      vertex 14.465 9.604 2.4
      vertex 14.02 8.07499 2.4
      vertex 14.511 8.38699 2.4
    endloop
  endfacet
  facet normal 0 0 1
    outer loop
      vertex 13.752 8.041 2.4
      vertex 14.02 8.07499 2.4
      vertex 14.465 9.604 2.4
    endloop
  endfacet
  facet normal 0 0 1
    outer loop
      vertex 14.02 8.07499 2.4
      vertex 13.752 8.041 2.4
      vertex 13.869 8.03298 2.4
    endloop
  endfacet
  facet normal 0 0 1
    outer loop
      vertex 13.235 9.79599 2.4
      vertex 13.752 8.041 2.4
      vertex 14.465 9.604 2.4
    endloop
  endfacet
  facet normal -0 0 1
    outer loop
      vertex 12.956 9.78099 2.4
      vertex 13.752 8.041 2.4
      vertex 13.235 9.79599 2.4
    endloop
  endfacet
  facet normal 0 0 1
    outer loop
      vertex 12.114 8.716 2.4
      vertex 12.956 9.78099 2.4
      vertex 12.13 9.38699 2.4
    endloop
  endfacet
  facet normal 0 0 1
    outer loop
      vertex 12.956 9.78099 2.4
      vertex 12.114 8.716 2.4
      vertex 13.752 8.041 2.4
    endloop
  endfacet
  facet normal -0 0 1
    outer loop
      vertex 12.014 9.27899 2.4
      vertex 12.114 8.716 2.4
      vertex 12.13 9.38699 2.4
    endloop
  endfacet
  facet normal 0 0 1
    outer loop
      vertex 12.014 9.27899 2.4
      vertex 11.967 8.89999 2.4
      vertex 12.114 8.716 2.4
    endloop
  endfacet
  facet normal -0 0 1
    outer loop
      vertex 11.96 9.173 2.4
      vertex 11.967 8.89999 2.4
      vertex 12.014 9.27899 2.4
    endloop
  endfacet
  facet normal 0 0 1
    outer loop
      vertex 11.967 8.89999 2.4
      vertex 11.96 9.173 2.4
      vertex 11.939 9.05599 2.4
    endloop
  endfacet
  facet normal 0 0 1
    outer loop
      vertex 23.937 5.457 2.4
      vertex 20.846 5.12599 2.4
      vertex 20.852 4.895 2.4
    endloop
  endfacet
  facet normal 0 0 1
    outer loop
      vertex 20.72 5.39299 2.4
      vertex 20.883 9.69099 2.4
      vertex 20.845 10.175 2.4
    endloop
  endfacet
  facet normal 0 0 1
    outer loop
      vertex 20.987 9.188 2.4
      vertex 20.72 5.39299 2.4
      vertex 20.846 5.12599 2.4
    endloop
  endfacet
  facet normal 0 0 1
    outer loop
      vertex 25.808 7.537 2.4
      vertex 25.418 6.48399 2.4
      vertex 25.459 5.914 2.4
    endloop
  endfacet
  facet normal 0 0 1
    outer loop
      vertex 33.596 14.26 2.4
      vertex 26.156 9.735 2.4
      vertex 26.18 9.319 2.4
    endloop
  endfacet
  facet normal 0 0 1
    outer loop
      vertex 27.178 14.508 2.4
      vertex 26.052 10.264 2.4
      vertex 26.156 9.735 2.4
    endloop
  endfacet
  facet normal 0 0 1
    outer loop
      vertex 25.234 11.982 2.4
      vertex 26.766 14.37 2.4
      vertex 25.884 14.22 2.4
    endloop
  endfacet
  facet normal 0 0 1
    outer loop
      vertex 27.178 14.508 2.4
      vertex 25.712 11.209 2.4
      vertex 26.052 10.264 2.4
    endloop
  endfacet
  facet normal 0 0 1
    outer loop
      vertex 26.766 14.37 2.4
      vertex 25.472 11.651 2.4
      vertex 25.712 11.209 2.4
    endloop
  endfacet
  facet normal 0 0 1
    outer loop
      vertex 26.766 14.37 2.4
      vertex 25.234 11.982 2.4
      vertex 25.472 11.651 2.4
    endloop
  endfacet
  facet normal 0 0 1
    outer loop
      vertex 24.946 12.269 2.4
      vertex 25.884 14.22 2.4
      vertex 25.122 14.219 2.4
    endloop
  endfacet
  facet normal 0 0 1
    outer loop
      vertex 25.884 14.22 2.4
      vertex 24.946 12.269 2.4
      vertex 25.234 11.982 2.4
    endloop
  endfacet
  facet normal 0 0 1
    outer loop
      vertex 24.366 12.683 2.4
      vertex 25.122 14.219 2.4
      vertex 24.869 14.259 2.4
    endloop
  endfacet
  facet normal 0 0 1
    outer loop
      vertex 25.122 14.219 2.4
      vertex 24.618 12.519 2.4
      vertex 24.946 12.269 2.4
    endloop
  endfacet
  facet normal 0 0 1
    outer loop
      vertex 25.122 14.219 2.4
      vertex 24.366 12.683 2.4
      vertex 24.618 12.519 2.4
    endloop
  endfacet
  facet normal 0 0 1
    outer loop
      vertex 24.357 14.402 2.4
      vertex 24.366 12.683 2.4
      vertex 24.869 14.259 2.4
    endloop
  endfacet
  facet normal 0 0 1
    outer loop
      vertex 23.581 13.081 2.4
      vertex 24.357 14.402 2.4
      vertex 24.003 14.574 2.4
    endloop
  endfacet
  facet normal 0 0 1
    outer loop
      vertex 24.357 14.402 2.4
      vertex 23.581 13.081 2.4
      vertex 24.366 12.683 2.4
    endloop
  endfacet
  facet normal 0 0 1
    outer loop
      vertex 22.905 13.795 2.4
      vertex 24.003 14.574 2.4
      vertex 23.519 14.909 2.4
    endloop
  endfacet
  facet normal 0 0 1
    outer loop
      vertex 24.003 14.574 2.4
      vertex 23.073 13.505 2.4
      vertex 23.581 13.081 2.4
    endloop
  endfacet
  facet normal 0 0 1
    outer loop
      vertex 22.449 14.836 2.4
      vertex 23.519 14.909 2.4
      vertex 22.985 15.356 2.4
    endloop
  endfacet
  facet normal 0 0 1
    outer loop
      vertex 24.003 14.574 2.4
      vertex 22.905 13.795 2.4
      vertex 23.073 13.505 2.4
    endloop
  endfacet
  facet normal 0 0 1
    outer loop
      vertex 22.449 14.836 2.4
      vertex 22.985 15.356 2.4
      vertex 22.825 15.387 2.4
    endloop
  endfacet
  facet normal 0 0 1
    outer loop
      vertex 22.449 14.836 2.4
      vertex 22.825 15.387 2.4
      vertex 22.671 15.359 2.4
    endloop
  endfacet
  facet normal 0 0 1
    outer loop
      vertex 22.449 14.836 2.4
      vertex 22.671 15.359 2.4
      vertex 22.539 15.273 2.4
    endloop
  endfacet
  facet normal 0 0 1
    outer loop
      vertex 22.449 14.836 2.4
      vertex 22.539 15.273 2.4
      vertex 22.451 15.144 2.4
    endloop
  endfacet
  facet normal 0 0 1
    outer loop
      vertex 23.519 14.909 2.4
      vertex 22.449 14.836 2.4
      vertex 22.905 13.795 2.4
    endloop
  endfacet
  facet normal 0 -0 1
    outer loop
      vertex 22.449 14.836 2.4
      vertex 22.451 15.144 2.4
      vertex 22.419 14.99 2.4
    endloop
  endfacet
  facet normal 0 0 1
    outer loop
      vertex 40.484 14.878 2.4
      vertex 38.507 14.342 2.4
      vertex 38.534 13.882 2.4
    endloop
  endfacet
  facet normal 0 0 1
    outer loop
      vertex 39.911 16.181 2.4
      vertex 38.343 14.664 2.4
      vertex 38.507 14.342 2.4
    endloop
  endfacet
  facet normal 0 0 1
    outer loop
      vertex 39.911 16.181 2.4
      vertex 37.955 15.109 2.4
      vertex 38.343 14.664 2.4
    endloop
  endfacet
  facet normal 0 0 1
    outer loop
      vertex 39.911 16.181 2.4
      vertex 37.784 15.519 2.4
      vertex 37.955 15.109 2.4
    endloop
  endfacet
  facet normal 0 0 1
    outer loop
      vertex 37.955 15.109 2.4
      vertex 37.784 15.519 2.4
      vertex 37.857 15.289 2.4
    endloop
  endfacet
  facet normal 0 0 1
    outer loop
      vertex 39.911 16.181 2.4
      vertex 37.6055 16.7057 2.4
      vertex 37.784 15.519 2.4
    endloop
  endfacet
  facet normal 0 0 1
    outer loop
      vertex 74.946 16.7056 2.4
      vertex 83.2916 -13.4792 2.4
      vertex 83.2916 13.4769 2.4
    endloop
  endfacet
  facet normal 0 0 1
    outer loop
      vertex 80.067 16.7032 2.4
      vertex 83.2916 13.4769 2.4
      vertex 83.2626 13.9206 2.4
    endloop
  endfacet
  facet normal 0 0 1
    outer loop
      vertex 66.9263 16.7058 2.4
      vertex 83.2916 -13.4792 2.4
      vertex 74.946 16.7056 2.4
    endloop
  endfacet
  facet normal 0 0 1
    outer loop
      vertex 80.067 16.7032 2.4
      vertex 83.2626 13.9206 2.4
      vertex 83.1809 14.331 2.4
    endloop
  endfacet
  facet normal 0 0 1
    outer loop
      vertex 59.5101 -16.7086 2.4
      vertex 83.2916 -13.4792 2.4
      vertex 66.9263 16.7058 2.4
    endloop
  endfacet
  facet normal 0 0 1
    outer loop
      vertex 80.067 16.7032 2.4
      vertex 83.1809 14.331 2.4
      vertex 83.0465 14.7271 2.4
    endloop
  endfacet
  facet normal 0 0 1
    outer loop
      vertex 83.2916 -13.4792 2.4
      vertex 80.066 -16.7054 2.4
      vertex 83.2626 -13.9223 2.4
    endloop
  endfacet
  facet normal 0 0 1
    outer loop
      vertex 80.067 16.7032 2.4
      vertex 83.0465 14.7271 2.4
      vertex 82.8614 15.1023 2.4
    endloop
  endfacet
  facet normal 0 0 1
    outer loop
      vertex 83.1811 -14.3327 2.4
      vertex 80.066 -16.7054 2.4
      vertex 83.0467 -14.7288 2.4
    endloop
  endfacet
  facet normal 0 0 1
    outer loop
      vertex 80.067 16.7032 2.4
      vertex 82.8614 15.1023 2.4
      vertex 82.629 15.4502 2.4
    endloop
  endfacet
  facet normal 0 0 1
    outer loop
      vertex 83.0467 -14.7288 2.4
      vertex 80.066 -16.7054 2.4
      vertex 82.8617 -15.104 2.4
    endloop
  endfacet
  facet normal 0 0 1
    outer loop
      vertex 80.067 16.7032 2.4
      vertex 82.629 15.4502 2.4
      vertex 82.3532 15.7647 2.4
    endloop
  endfacet
  facet normal 0 0 1
    outer loop
      vertex 82.8617 -15.104 2.4
      vertex 80.066 -16.7054 2.4
      vertex 82.6293 -15.452 2.4
    endloop
  endfacet
  facet normal 0 0 1
    outer loop
      vertex 80.067 16.7032 2.4
      vertex 82.3532 15.7647 2.4
      vertex 82.0387 16.0405 2.4
    endloop
  endfacet
  facet normal 0 0 1
    outer loop
      vertex 82.6293 -15.452 2.4
      vertex 80.066 -16.7054 2.4
      vertex 82.3536 -15.7665 2.4
    endloop
  endfacet
  facet normal 0 0 1
    outer loop
      vertex 80.067 16.7032 2.4
      vertex 82.0387 16.0405 2.4
      vertex 81.6908 16.2729 2.4
    endloop
  endfacet
  facet normal 0 0 1
    outer loop
      vertex 82.3536 -15.7665 2.4
      vertex 80.066 -16.7054 2.4
      vertex 82.039 -16.0424 2.4
    endloop
  endfacet
  facet normal 0 0 1
    outer loop
      vertex 80.067 16.7032 2.4
      vertex 81.6908 16.2729 2.4
      vertex 81.3156 16.458 2.4
    endloop
  endfacet
  facet normal 0 0 1
    outer loop
      vertex 81.6911 -16.275 2.4
      vertex 80.066 -16.7054 2.4
      vertex 81.3161 -16.46 2.4
    endloop
  endfacet
  facet normal 0 0 1
    outer loop
      vertex 80.067 16.7032 2.4
      vertex 81.3156 16.458 2.4
      vertex 80.9194 16.5925 2.4
    endloop
  endfacet
  facet normal 0 0 1
    outer loop
      vertex 81.3161 -16.46 2.4
      vertex 80.066 -16.7054 2.4
      vertex 80.9199 -16.5945 2.4
    endloop
  endfacet
  facet normal 0 0 1
    outer loop
      vertex 80.067 16.7032 2.4
      vertex 80.9194 16.5925 2.4
      vertex 80.509 16.6741 2.4
    endloop
  endfacet
  facet normal 0 0 1
    outer loop
      vertex 83.2916 13.4769 2.4
      vertex 80.067 16.7032 2.4
      vertex 74.946 16.7056 2.4
    endloop
  endfacet
  facet normal 0 0 1
    outer loop
      vertex 80.9199 -16.5945 2.4
      vertex 80.066 -16.7054 2.4
      vertex 80.5096 -16.6762 2.4
    endloop
  endfacet
  facet normal 0 0 1
    outer loop
      vertex 82.039 -16.0424 2.4
      vertex 80.066 -16.7054 2.4
      vertex 81.6911 -16.275 2.4
    endloop
  endfacet
  facet normal 0 0 1
    outer loop
      vertex 83.2626 -13.9223 2.4
      vertex 80.066 -16.7054 2.4
      vertex 83.1811 -14.3327 2.4
    endloop
  endfacet
  facet normal 0 0 1
    outer loop
      vertex 83.2916 -13.4792 2.4
      vertex 59.5101 -16.7086 2.4
      vertex 80.066 -16.7054 2.4
    endloop
  endfacet
  facet normal 0 0 1
    outer loop
      vertex 45.157 13.16 2.4
      vertex 66.9263 16.7058 2.4
      vertex 45.201 13.401 2.4
    endloop
  endfacet
  facet normal 0 0 1
    outer loop
      vertex 66.9263 16.7058 2.4
      vertex 45.136 13.76 2.4
      vertex 45.201 13.401 2.4
    endloop
  endfacet
  facet normal 0 0 1
    outer loop
      vertex 66.9263 16.7058 2.4
      vertex 44.887 15.353 2.4
      vertex 45.136 13.76 2.4
    endloop
  endfacet
  facet normal 0 0 1
    outer loop
      vertex 66.9263 16.7058 2.4
      vertex 44.804 16.117 2.4
      vertex 44.887 15.353 2.4
    endloop
  endfacet
  facet normal 0 -0 1
    outer loop
      vertex 44.804 16.117 2.4
      vertex 66.9263 16.7058 2.4
      vertex 44.6274 16.7058 2.4
    endloop
  endfacet
  facet normal 0 0 1
    outer loop
      vertex 45.027 12.937 2.4
      vertex 66.9263 16.7058 2.4
      vertex 45.157 13.16 2.4
    endloop
  endfacet
  facet normal 0 0 1
    outer loop
      vertex 66.9263 16.7058 2.4
      vertex 45.027 12.937 2.4
      vertex 59.5101 -16.7086 2.4
    endloop
  endfacet
  facet normal -0 0 1
    outer loop
      vertex 44.821 12.783 2.4
      vertex 59.5101 -16.7086 2.4
      vertex 45.027 12.937 2.4
    endloop
  endfacet
  facet normal -0 0 1
    outer loop
      vertex 44.571 12.724 2.4
      vertex 59.5101 -16.7086 2.4
      vertex 44.821 12.783 2.4
    endloop
  endfacet
  facet normal 0 0 1
    outer loop
      vertex 31.0382 -16.7086 2.4
      vertex 44.571 12.724 2.4
      vertex 44.323 12.754 2.4
    endloop
  endfacet
  facet normal 0 0 1
    outer loop
      vertex 37.879 13.266 2.4
      vertex 44.323 12.754 2.4
      vertex 44.041 12.897 2.4
    endloop
  endfacet
  facet normal 0 0 1
    outer loop
      vertex 43.63 13.376 2.4
      vertex 44.041 12.897 2.4
      vertex 43.729 13.3 2.4
    endloop
  endfacet
  facet normal 0 0 1
    outer loop
      vertex 44.041 12.897 2.4
      vertex 43.63 13.376 2.4
      vertex 42.268 13.8 2.4
    endloop
  endfacet
  facet normal 0 0 1
    outer loop
      vertex 44.041 12.897 2.4
      vertex 42.268 13.8 2.4
      vertex 38.249 13.393 2.4
    endloop
  endfacet
  facet normal 0 0 1
    outer loop
      vertex 38.249 13.393 2.4
      vertex 42.268 13.8 2.4
      vertex 41.393 14.18 2.4
    endloop
  endfacet
  facet normal 0 0 1
    outer loop
      vertex 38.451 13.623 2.4
      vertex 41.393 14.18 2.4
      vertex 40.832 14.536 2.4
    endloop
  endfacet
  facet normal 0 0 1
    outer loop
      vertex 38.534 13.882 2.4
      vertex 40.832 14.536 2.4
      vertex 40.484 14.878 2.4
    endloop
  endfacet
  facet normal 0 0 1
    outer loop
      vertex 38.507 14.342 2.4
      vertex 40.484 14.878 2.4
      vertex 40.294 15.124 2.4
    endloop
  endfacet
  facet normal -0 0 1
    outer loop
      vertex 37.6055 16.7057 2.4
      vertex 39.911 16.181 2.4
      vertex 39.89 16.7057 2.4
    endloop
  endfacet
  facet normal 0 0 1
    outer loop
      vertex 38.507 14.342 2.4
      vertex 39.978 15.816 2.4
      vertex 39.911 16.181 2.4
    endloop
  endfacet
  facet normal 0 0 1
    outer loop
      vertex 38.507 14.342 2.4
      vertex 40.079 15.516 2.4
      vertex 39.978 15.816 2.4
    endloop
  endfacet
  facet normal 0 0 1
    outer loop
      vertex 38.507 14.342 2.4
      vertex 40.294 15.124 2.4
      vertex 40.079 15.516 2.4
    endloop
  endfacet
  facet normal 0 0 1
    outer loop
      vertex 40.832 14.536 2.4
      vertex 38.534 13.882 2.4
      vertex 38.451 13.623 2.4
    endloop
  endfacet
  facet normal 0 0 1
    outer loop
      vertex 41.393 14.18 2.4
      vertex 38.451 13.623 2.4
      vertex 38.249 13.393 2.4
    endloop
  endfacet
  facet normal 0 0 1
    outer loop
      vertex 44.041 12.897 2.4
      vertex 38.249 13.393 2.4
      vertex 37.879 13.266 2.4
    endloop
  endfacet
  facet normal 0 0 1
    outer loop
      vertex 44.323 12.754 2.4
      vertex 37.879 13.266 2.4
      vertex 31.0382 -16.7086 2.4
    endloop
  endfacet
  facet normal 0 0 1
    outer loop
      vertex 25.413 5.59999 2.4
      vertex 37.879 13.266 2.4
      vertex 37.582 13.306 2.4
    endloop
  endfacet
  facet normal 0 0 1
    outer loop
      vertex 35.291 13.92 2.4
      vertex 37.582 13.306 2.4
      vertex 37.244 13.484 2.4
    endloop
  endfacet
  facet normal 0 0 1
    outer loop
      vertex 36.572 14.034 2.4
      vertex 37.244 13.484 2.4
      vertex 36.801 13.977 2.4
    endloop
  endfacet
  facet normal 0 0 1
    outer loop
      vertex 37.244 13.484 2.4
      vertex 36.572 14.034 2.4
      vertex 35.291 13.92 2.4
    endloop
  endfacet
  facet normal 0 0 1
    outer loop
      vertex 34.528 13.962 2.4
      vertex 37.582 13.306 2.4
      vertex 35.291 13.92 2.4
    endloop
  endfacet
  facet normal 0 0 1
    outer loop
      vertex 37.582 13.306 2.4
      vertex 34.528 13.962 2.4
      vertex 25.808 7.537 2.4
    endloop
  endfacet
  facet normal 0 0 1
    outer loop
      vertex 26.152 8.96299 2.4
      vertex 34.528 13.962 2.4
      vertex 34.094 14.07 2.4
    endloop
  endfacet
  facet normal 0 0 1
    outer loop
      vertex 26.18 9.319 2.4
      vertex 34.094 14.07 2.4
      vertex 33.596 14.26 2.4
    endloop
  endfacet
  facet normal 0 0 1
    outer loop
      vertex 26.156 9.735 2.4
      vertex 33.596 14.26 2.4
      vertex 32.833 14.731 2.4
    endloop
  endfacet
  facet normal -0 0 1
    outer loop
      vertex 27.933 14.977 2.4
      vertex 32.833 14.731 2.4
      vertex 32.431 15.056 2.4
    endloop
  endfacet
  facet normal -0 0 1
    outer loop
      vertex 28.199 15.235 2.4
      vertex 32.431 15.056 2.4
      vertex 31.96 15.53 2.4
    endloop
  endfacet
  facet normal 0 0 1
    outer loop
      vertex 37.879 13.266 2.4
      vertex 25.413 5.59999 2.4
      vertex 25.331 5.386 2.4
    endloop
  endfacet
  facet normal -0 0 1
    outer loop
      vertex 28.541 15.691 2.4
      vertex 31.96 15.53 2.4
      vertex 31.688 15.927 2.4
    endloop
  endfacet
  facet normal 0 0 1
    outer loop
      vertex 29.426 16.67 2.4
      vertex 31.688 15.927 2.4
      vertex 31.527 16.252 2.4
    endloop
  endfacet
  facet normal -0 0 1
    outer loop
      vertex 29.4596 16.7055 2.4
      vertex 31.527 16.252 2.4
      vertex 31.3883 16.7055 2.4
    endloop
  endfacet
  facet normal 0 0 1
    outer loop
      vertex 31.527 16.252 2.4
      vertex 29.4596 16.7055 2.4
      vertex 29.426 16.67 2.4
    endloop
  endfacet
  facet normal 0 0 1
    outer loop
      vertex 31.688 15.927 2.4
      vertex 29.426 16.67 2.4
      vertex 28.541 15.691 2.4
    endloop
  endfacet
  facet normal 0 0 1
    outer loop
      vertex 28.541 15.691 2.4
      vertex 29.426 16.67 2.4
      vertex 28.992 16.385 2.4
    endloop
  endfacet
  facet normal 0 0 1
    outer loop
      vertex 28.541 15.691 2.4
      vertex 28.992 16.385 2.4
      vertex 28.878 16.275 2.4
    endloop
  endfacet
  facet normal 0 0 1
    outer loop
      vertex 31.96 15.53 2.4
      vertex 28.541 15.691 2.4
      vertex 28.199 15.235 2.4
    endloop
  endfacet
  facet normal 0 0 1
    outer loop
      vertex 32.431 15.056 2.4
      vertex 28.199 15.235 2.4
      vertex 27.933 14.977 2.4
    endloop
  endfacet
  facet normal 0 0 1
    outer loop
      vertex 26.156 9.735 2.4
      vertex 32.833 14.731 2.4
      vertex 27.933 14.977 2.4
    endloop
  endfacet
  facet normal 0 0 1
    outer loop
      vertex 26.156 9.735 2.4
      vertex 27.933 14.977 2.4
      vertex 27.454 14.645 2.4
    endloop
  endfacet
  facet normal 0 0 1
    outer loop
      vertex 26.156 9.735 2.4
      vertex 27.454 14.645 2.4
      vertex 27.178 14.508 2.4
    endloop
  endfacet
  facet normal 0 0 1
    outer loop
      vertex 25.712 11.209 2.4
      vertex 27.178 14.508 2.4
      vertex 26.766 14.37 2.4
    endloop
  endfacet
  facet normal 0 0 1
    outer loop
      vertex 34.094 14.07 2.4
      vertex 26.18 9.319 2.4
      vertex 26.152 8.96299 2.4
    endloop
  endfacet
  facet normal 0 0 1
    outer loop
      vertex 34.528 13.962 2.4
      vertex 26.152 8.96299 2.4
      vertex 26.047 8.41899 2.4
    endloop
  endfacet
  facet normal 0 0 1
    outer loop
      vertex 34.528 13.962 2.4
      vertex 26.047 8.41899 2.4
      vertex 25.808 7.537 2.4
    endloop
  endfacet
  facet normal 0 0 1
    outer loop
      vertex 37.582 13.306 2.4
      vertex 25.808 7.537 2.4
      vertex 25.459 5.914 2.4
    endloop
  endfacet
  facet normal 0 0 1
    outer loop
      vertex 37.582 13.306 2.4
      vertex 25.459 5.914 2.4
      vertex 25.413 5.59999 2.4
    endloop
  endfacet
  facet normal 0 0 1
    outer loop
      vertex 44.571 12.724 2.4
      vertex 31.0382 -16.7086 2.4
      vertex 59.5101 -16.7086 2.4
    endloop
  endfacet
  facet normal 0 0 1
    outer loop
      vertex 37.879 13.266 2.4
      vertex 25.331 5.386 2.4
      vertex 31.0382 -16.7086 2.4
    endloop
  endfacet
  facet normal -0 0 1
    outer loop
      vertex 25.16 5.19099 2.4
      vertex 31.0382 -16.7086 2.4
      vertex 25.331 5.386 2.4
    endloop
  endfacet
  facet normal -0 0 1
    outer loop
      vertex 25.004 5.08599 2.4
      vertex 31.0382 -16.7086 2.4
      vertex 25.16 5.19099 2.4
    endloop
  endfacet
  facet normal -0 0 1
    outer loop
      vertex 24.787 5.01799 2.4
      vertex 31.0382 -16.7086 2.4
      vertex 25.004 5.08599 2.4
    endloop
  endfacet
  facet normal 0 0 1
    outer loop
      vertex 14.808 -0.370014 2.4
      vertex 24.787 5.01799 2.4
      vertex 24.442 5.03298 2.4
    endloop
  endfacet
  facet normal 0 0 1
    outer loop
      vertex 20.586 4.47799 2.4
      vertex 24.442 5.03298 2.4
      vertex 24.174 5.18199 2.4
    endloop
  endfacet
  facet normal 0 0 1
    outer loop
      vertex 20.771 4.677 2.4
      vertex 24.174 5.18199 2.4
      vertex 23.937 5.457 2.4
    endloop
  endfacet
  facet normal 0 0 1
    outer loop
      vertex 23.649 6.12399 2.4
      vertex 23.937 5.457 2.4
      vertex 23.751 5.97698 2.4
    endloop
  endfacet
  facet normal 0 0 1
    outer loop
      vertex 20.846 5.12599 2.4
      vertex 23.937 5.457 2.4
      vertex 23.649 6.12399 2.4
    endloop
  endfacet
  facet normal 0 0 1
    outer loop
      vertex 20.846 5.12599 2.4
      vertex 23.649 6.12399 2.4
      vertex 22.395 6.99499 2.4
    endloop
  endfacet
  facet normal 0 0 1
    outer loop
      vertex 20.846 5.12599 2.4
      vertex 22.395 6.99499 2.4
      vertex 21.938 7.41699 2.4
    endloop
  endfacet
  facet normal 0 0 1
    outer loop
      vertex 20.846 5.12599 2.4
      vertex 21.938 7.41699 2.4
      vertex 21.706 7.69899 2.4
    endloop
  endfacet
  facet normal 0 0 1
    outer loop
      vertex 20.846 5.12599 2.4
      vertex 21.706 7.69899 2.4
      vertex 21.4 8.17599 2.4
    endloop
  endfacet
  facet normal 0 0 1
    outer loop
      vertex 20.846 5.12599 2.4
      vertex 21.4 8.17599 2.4
      vertex 21.1 8.845 2.4
    endloop
  endfacet
  facet normal 0 0 1
    outer loop
      vertex 20.72 5.39299 2.4
      vertex 20.987 9.188 2.4
      vertex 20.883 9.69099 2.4
    endloop
  endfacet
  facet normal 0 0 1
    outer loop
      vertex 20.846 5.12599 2.4
      vertex 21.1 8.845 2.4
      vertex 20.987 9.188 2.4
    endloop
  endfacet
  facet normal 0 0 1
    outer loop
      vertex 23.937 5.457 2.4
      vertex 20.852 4.895 2.4
      vertex 20.771 4.677 2.4
    endloop
  endfacet
  facet normal 0 0 1
    outer loop
      vertex 24.174 5.18199 2.4
      vertex 20.771 4.677 2.4
      vertex 20.586 4.47799 2.4
    endloop
  endfacet
  facet normal 0 0 1
    outer loop
      vertex 24.442 5.03298 2.4
      vertex 20.586 4.47799 2.4
      vertex 20.369 4.36698 2.4
    endloop
  endfacet
  facet normal 0 0 1
    outer loop
      vertex 24.442 5.03298 2.4
      vertex 20.369 4.36698 2.4
      vertex 14.808 -0.370014 2.4
    endloop
  endfacet
  facet normal 0 0 1
    outer loop
      vertex 14.896 -0.0990028 2.4
      vertex 20.369 4.36698 2.4
      vertex 19.947 4.32499 2.4
    endloop
  endfacet
  facet normal 0 0 1
    outer loop
      vertex 19.427 4.43199 2.4
      vertex 19.947 4.32499 2.4
      vertex 19.552 4.43099 2.4
    endloop
  endfacet
  facet normal 0 0 1
    outer loop
      vertex 19.947 4.32499 2.4
      vertex 19.427 4.43199 2.4
      vertex 18.42 4.07199 2.4
    endloop
  endfacet
  facet normal 0 0 1
    outer loop
      vertex 19.947 4.32499 2.4
      vertex 18.42 4.07199 2.4
      vertex 14.896 -0.0990028 2.4
    endloop
  endfacet
  facet normal 0 0 1
    outer loop
      vertex 14.896 -0.0990028 2.4
      vertex 18.42 4.07199 2.4
      vertex 17.914 3.96499 2.4
    endloop
  endfacet
  facet normal 0 0 1
    outer loop
      vertex 14.896 -0.0990028 2.4
      vertex 17.914 3.96499 2.4
      vertex 17.469 3.925 2.4
    endloop
  endfacet
  facet normal 0 0 1
    outer loop
      vertex 15.031 2.453 2.4
      vertex 17.469 3.925 2.4
      vertex 16.703 3.99699 2.4
    endloop
  endfacet
  facet normal 0 0 1
    outer loop
      vertex 15.031 3.235 2.4
      vertex 16.703 3.99699 2.4
      vertex 15.717 4.19899 2.4
    endloop
  endfacet
  facet normal 0 0 1
    outer loop
      vertex 14.945 4.08799 2.4
      vertex 15.324 4.31599 2.4
      vertex 15.038 4.21299 2.4
    endloop
  endfacet
  facet normal 0 0 1
    outer loop
      vertex 14.886 1.55 2.4
      vertex 17.469 3.925 2.4
      vertex 15.031 2.453 2.4
    endloop
  endfacet
  facet normal 0 0 1
    outer loop
      vertex 15.038 4.21299 2.4
      vertex 15.324 4.31599 2.4
      vertex 15.171 4.29299 2.4
    endloop
  endfacet
  facet normal 0 0 1
    outer loop
      vertex 14.907 3.899 2.4
      vertex 15.324 4.31599 2.4
      vertex 14.945 4.08799 2.4
    endloop
  endfacet
  facet normal 0 0 1
    outer loop
      vertex 16.703 3.99699 2.4
      vertex 15.031 3.235 2.4
      vertex 15.031 2.453 2.4
    endloop
  endfacet
  facet normal 0 0 1
    outer loop
      vertex 20.369 4.36698 2.4
      vertex 14.896 -0.0990028 2.4
      vertex 14.808 -0.370014 2.4
    endloop
  endfacet
  facet normal 0 0 1
    outer loop
      vertex 24.787 5.01799 2.4
      vertex 14.808 -0.370014 2.4
      vertex 31.0382 -16.7086 2.4
    endloop
  endfacet
  facet normal -0 0 1
    outer loop
      vertex 14.662 -0.542011 2.4
      vertex 31.0382 -16.7086 2.4
      vertex 14.808 -0.370014 2.4
    endloop
  endfacet
  facet normal 0 0 1
    outer loop
      vertex 31.0382 -16.7086 2.4
      vertex 14.662 -0.542011 2.4
      vertex 15.2663 -16.7051 2.4
    endloop
  endfacet
  facet normal -0 0 1
    outer loop
      vertex 14.495 -0.627003 2.4
      vertex 15.2663 -16.7051 2.4
      vertex 14.662 -0.542011 2.4
    endloop
  endfacet
  facet normal 0 0 1
    outer loop
      vertex 9.436 -12.074 2.4
      vertex 14.495 -0.627003 2.4
      vertex 14.14 -0.653004 2.4
    endloop
  endfacet
  facet normal 0 0 1
    outer loop
      vertex 9.436 -12.074 2.4
      vertex 14.14 -0.653004 2.4
      vertex 13.784 -0.57201 2.4
    endloop
  endfacet
  facet normal 0 0 1
    outer loop
      vertex 9.436 -12.074 2.4
      vertex 13.784 -0.57201 2.4
      vertex 13.512 -0.415012 2.4
    endloop
  endfacet
  facet normal 0 0 1
    outer loop
      vertex 11.597 0.949992 2.4
      vertex 13.512 -0.415012 2.4
      vertex 13.283 -0.153004 2.4
    endloop
  endfacet
  facet normal 0 0 1
    outer loop
      vertex 12.97 0.297999 2.4
      vertex 13.283 -0.153004 2.4
      vertex 13.053 0.215999 2.4
    endloop
  endfacet
  facet normal 0 0 1
    outer loop
      vertex 13.283 -0.153004 2.4
      vertex 12.97 0.297999 2.4
      vertex 11.597 0.949992 2.4
    endloop
  endfacet
  facet normal 0 0 1
    outer loop
      vertex 9.436 -12.074 2.4
      vertex 13.512 -0.415012 2.4
      vertex 11.597 0.949992 2.4
    endloop
  endfacet
  facet normal 0 0 1
    outer loop
      vertex 9.436 -12.074 2.4
      vertex 11.597 0.949992 2.4
      vertex 11.215 1.19099 2.4
    endloop
  endfacet
  facet normal 0 0 1
    outer loop
      vertex 9.436 -12.074 2.4
      vertex 11.215 1.19099 2.4
      vertex 10.827 1.524 2.4
    endloop
  endfacet
  facet normal 0 0 1
    outer loop
      vertex 9.436 -12.074 2.4
      vertex 10.827 1.524 2.4
      vertex 10.517 1.942 2.4
    endloop
  endfacet
  facet normal 0 0 1
    outer loop
      vertex 9.436 -12.074 2.4
      vertex 10.517 1.942 2.4
      vertex 10.307 2.39999 2.4
    endloop
  endfacet
  facet normal 0 0 1
    outer loop
      vertex 9.436 -12.074 2.4
      vertex 10.307 2.39999 2.4
      vertex 10.23 2.67099 2.4
    endloop
  endfacet
  facet normal -0 0 1
    outer loop
      vertex 8.29499 5.315 2.4
      vertex 10.361 4.70899 2.4
      vertex 8.35499 5.56399 2.4
    endloop
  endfacet
  facet normal 0 0 1
    outer loop
      vertex 9.84099 7.403 2.4
      vertex 10.109 7.207 2.4
      vertex 10.009 7.315 2.4
    endloop
  endfacet
  facet normal 0 0 1
    outer loop
      vertex 10.361 4.70899 2.4
      vertex 8.29499 5.315 2.4
      vertex 10.227 4.164 2.4
    endloop
  endfacet
  facet normal -0 0 1
    outer loop
      vertex 8.104 5.00099 2.4
      vertex 10.227 4.164 2.4
      vertex 8.29499 5.315 2.4
    endloop
  endfacet
  facet normal 0 0 1
    outer loop
      vertex 9.436 -12.074 2.4
      vertex 10.23 2.67099 2.4
      vertex 10.152 3.18099 2.4
    endloop
  endfacet
  facet normal -0 0 1
    outer loop
      vertex 9.436 -12.074 2.4
      vertex 15.2663 -16.7051 2.4
      vertex 14.495 -0.627003 2.4
    endloop
  endfacet
  facet normal -0 0 1
    outer loop
      vertex 9.49399 -12.662 2.4
      vertex 15.2663 -16.7051 2.4
      vertex 9.52399 -12.309 2.4
    endloop
  endfacet
  facet normal -0 0 1
    outer loop
      vertex 9.41799 -12.818 2.4
      vertex 15.2663 -16.7051 2.4
      vertex 9.49399 -12.662 2.4
    endloop
  endfacet
  facet normal -0 0 1
    outer loop
      vertex 9.281 -12.969 2.4
      vertex 15.2663 -16.7051 2.4
      vertex 9.41799 -12.818 2.4
    endloop
  endfacet
  facet normal -0 0 1
    outer loop
      vertex 8.958 -13.117 2.4
      vertex 15.2663 -16.7051 2.4
      vertex 9.281 -12.969 2.4
    endloop
  endfacet
  facet normal 0 0 1
    outer loop
      vertex 8.958 -13.117 2.4
      vertex 4.02501 -16.7014 2.4
      vertex 15.2663 -16.7051 2.4
    endloop
  endfacet
  facet normal -0 0 1
    outer loop
      vertex 0.800003 -13.1287 2.4
      vertex 4.02501 -16.7014 2.4
      vertex 8.958 -13.117 2.4
    endloop
  endfacet
  facet normal -0 0 1
    outer loop
      vertex 0.800003 -13.4751 2.4
      vertex 4.02501 -16.7014 2.4
      vertex 0.800003 -13.1287 2.4
    endloop
  endfacet
  facet normal 0 0 1
    outer loop
      vertex 4.02501 -16.7014 2.4
      vertex 0.800003 -13.4751 2.4
      vertex 3.58263 -16.6723 2.4
    endloop
  endfacet
  facet normal 0 0 1
    outer loop
      vertex 3.58263 -16.6723 2.4
      vertex 0.800003 -13.4751 2.4
      vertex 3.1722 -16.5906 2.4
    endloop
  endfacet
  facet normal 0 0 1
    outer loop
      vertex 3.1722 -16.5906 2.4
      vertex 0.800003 -13.4751 2.4
      vertex 2.77605 -16.4562 2.4
    endloop
  endfacet
  facet normal 0 0 1
    outer loop
      vertex 2.77605 -16.4562 2.4
      vertex 0.800003 -13.4751 2.4
      vertex 2.40083 -16.2711 2.4
    endloop
  endfacet
  facet normal 0 0 1
    outer loop
      vertex 2.40083 -16.2711 2.4
      vertex 0.800003 -13.4751 2.4
      vertex 2.05299 -16.0387 2.4
    endloop
  endfacet
  facet normal 0 0 1
    outer loop
      vertex 2.05299 -16.0387 2.4
      vertex 0.800003 -13.4751 2.4
      vertex 1.73846 -15.7629 2.4
    endloop
  endfacet
  facet normal 0 0 1
    outer loop
      vertex 1.46263 -15.4483 2.4
      vertex 0.800003 -13.4751 2.4
      vertex 1.23022 -15.1005 2.4
    endloop
  endfacet
  facet normal 0 0 1
    outer loop
      vertex 1.23022 -15.1005 2.4
      vertex 0.800003 -13.4751 2.4
      vertex 1.04518 -14.7253 2.4
    endloop
  endfacet
  facet normal 0 0 1
    outer loop
      vertex 1.04518 -14.7253 2.4
      vertex 0.800003 -13.4751 2.4
      vertex 0.910706 -14.3291 2.4
    endloop
  endfacet
  facet normal 0 0 1
    outer loop
      vertex 1.73846 -15.7629 2.4
      vertex 0.800003 -13.4751 2.4
      vertex 1.46263 -15.4483 2.4
    endloop
  endfacet
  facet normal 0 0 1
    outer loop
      vertex 0.910706 -14.3291 2.4
      vertex 0.800003 -13.4751 2.4
      vertex 0.829086 -13.9188 2.4
    endloop
  endfacet
  facet normal 0 0 1
    outer loop
      vertex 44.887 15.353 2.4
      vertex 44.852 14.284 2.4
      vertex 45.136 13.76 2.4
    endloop
  endfacet
  facet normal 0 -0 1
    outer loop
      vertex 44.852 14.284 2.4
      vertex 44.887 15.353 2.4
      vertex 44.802 14.475 2.4
    endloop
  endfacet
  facet normal 0 0 1
    outer loop
      vertex 0.800003 2.31361 2.4
      vertex 2.277 0.699992 2.4
      vertex 2.12 1.61299 2.4
    endloop
  endfacet
  facet normal 0 0 1
    outer loop
      vertex 2.536 3.22299 2.4
      vertex 1.14101 3.77 2.4
      vertex 2.297 2.73699 2.4
    endloop
  endfacet
  facet normal 0 0 1
    outer loop
      vertex 0.861014 2.72399 2.4
      vertex 2.297 2.73699 2.4
      vertex 1.14101 3.77 2.4
    endloop
  endfacet
  facet normal 0 0 1
    outer loop
      vertex 2.297 2.73699 2.4
      vertex 0.861014 2.72399 2.4
      vertex 2.16601 2.30999 2.4
    endloop
  endfacet
  facet normal -0 0 1
    outer loop
      vertex 0.800003 2.31361 2.4
      vertex 2.16601 2.30999 2.4
      vertex 0.861014 2.72399 2.4
    endloop
  endfacet
  facet normal 0 0 1
    outer loop
      vertex 2.16601 2.30999 2.4
      vertex 0.800003 2.31361 2.4
      vertex 2.11301 1.929 2.4
    endloop
  endfacet
  facet normal 0 0 1
    outer loop
      vertex 2.11301 1.929 2.4
      vertex 0.800003 2.31361 2.4
      vertex 2.12 1.61299 2.4
    endloop
  endfacet
  facet normal 0 0 1
    outer loop
      vertex 0.800003 -0.524975 2.4
      vertex 2.277 0.699992 2.4
      vertex 0.800003 2.31361 2.4
    endloop
  endfacet
  facet normal 0 0 1
    outer loop
      vertex 2.24201 0.504985 2.4
      vertex 0.800003 -0.524975 2.4
      vertex 1.35001 -0.546009 2.4
    endloop
  endfacet
  facet normal 0 0 1
    outer loop
      vertex 1.35001 -0.546009 2.4
      vertex 0.800003 -0.524975 2.4
      vertex 1.213 -0.625004 2.4
    endloop
  endfacet
  facet normal 0 0 1
    outer loop
      vertex 2.277 0.699992 2.4
      vertex 0.800003 -0.524975 2.4
      vertex 2.24201 0.504985 2.4
    endloop
  endfacet
  facet normal 0 0 1
    outer loop
      vertex 1.213 -0.625004 2.4
      vertex 0.800003 -0.524975 2.4
      vertex 1.05601 -0.645008 2.4
    endloop
  endfacet
  facet normal 0 0 1
    outer loop
      vertex 1.05601 -0.645008 2.4
      vertex 0.800003 -0.524975 2.4
      vertex 0.940009 -0.619007 2.4
    endloop
  endfacet
  facet normal 0 0 1
    outer loop
      vertex 0.940009 -0.619007 2.4
      vertex 0.800003 -0.524975 2.4
      vertex 0.807014 -0.534 2.4
    endloop
  endfacet
  facet normal -0 0 1
    outer loop
      vertex 4.02531 16.7012 2.4
      vertex 5.88399 16.285 2.4
      vertex 6.43503 16.7019 2.4
    endloop
  endfacet
  facet normal 0 0 1
    outer loop
      vertex 4.02531 16.7012 2.4
      vertex 5.266 15.77 2.4
      vertex 5.88399 16.285 2.4
    endloop
  endfacet
  facet normal -0 0 1
    outer loop
      vertex 3.25201 15.81 2.4
      vertex 5.266 15.77 2.4
      vertex 4.02531 16.7012 2.4
    endloop
  endfacet
  facet normal 0 0 1
    outer loop
      vertex 3.25201 15.81 2.4
      vertex 4.02531 16.7012 2.4
      vertex 3.58151 16.672 2.4
    endloop
  endfacet
  facet normal 0 0 1
    outer loop
      vertex 3.25201 15.81 2.4
      vertex 3.58151 16.672 2.4
      vertex 3.51562 16.6588 2.4
    endloop
  endfacet
  facet normal 0 0 1
    outer loop
      vertex 5.266 15.77 2.4
      vertex 3.25201 15.81 2.4
      vertex 3.64101 14.284 2.4
    endloop
  endfacet
  facet normal -0 0 1
    outer loop
      vertex 3.004 14.649 2.4
      vertex 3.64101 14.284 2.4
      vertex 3.25201 15.81 2.4
    endloop
  endfacet
  facet normal 0 0 1
    outer loop
      vertex 3.64101 14.284 2.4
      vertex 3.004 14.649 2.4
      vertex 3.426 14.204 2.4
    endloop
  endfacet
  facet normal 0 0 1
    outer loop
      vertex 3.426 14.204 2.4
      vertex 3.004 14.649 2.4
      vertex 3.273 14.225 2.4
    endloop
  endfacet
  facet normal 0 0 1
    outer loop
      vertex 3.273 14.225 2.4
      vertex 3.004 14.649 2.4
      vertex 3.11101 14.328 2.4
    endloop
  endfacet
  facet normal 0 0 1
    outer loop
      vertex 3.11101 14.328 2.4
      vertex 3.004 14.649 2.4
      vertex 3.02801 14.459 2.4
    endloop
  endfacet
  facet normal -4.14035e-05 -0.125791 0.992057
    outer loop
      vertex 15.2663 -16.7051 2.4
      vertex 4.02501 -16.7014 2.4
      vertex 15.2663 -16.9122 2.37374
    endloop
  endfacet
  facet normal 0.546072 -0.269083 0.793347
    outer loop
      vertex 83.5704 -14.9456 2.16669
      vertex 83.2089 -15.3044 2.29382
      vertex 83.3526 -15.3876 2.16669
    endloop
  endfacet
  facet normal 0.546151 -0.269195 0.793255
    outer loop
      vertex 83.417 -14.8822 2.29382
      vertex 83.2089 -15.3044 2.29382
      vertex 83.5704 -14.9456 2.16669
    endloop
  endfacet
  facet normal -0.074666 -0.375435 0.923836
    outer loop
      vertex 3.11853 -16.7911 2.37374
      vertex 3.06845 -16.9778 2.29382
      vertex 3.55548 -16.878 2.37374
    endloop
  endfacet
  facet normal -0.123035 -0.362463 0.923841
    outer loop
      vertex 3.11853 -16.7911 2.37374
      vertex 2.69666 -16.6479 2.37374
      vertex 3.06845 -16.9778 2.29382
    endloop
  endfacet
  facet normal -0.440748 -0.65964 0.608783
    outer loop
      vertex 2.1174 -16.7621 2.16669
      vertex 1.70792 -16.4885 2.16669
      vertex 2.05362 -16.8724 2.001
    endloop
  endfacet
  facet normal -0.118778 -0.597077 0.793342
    outer loop
      vertex 3.53027 -17.0697 2.29382
      vertex 3.02548 -17.1382 2.16669
      vertex 3.50856 -17.2343 2.16669
    endloop
  endfacet
  facet normal -0.254958 -0.751137 0.608925
    outer loop
      vertex 2.55911 -16.9799 2.16669
      vertex 2.51044 -17.0977 2.001
      vertex 3.02548 -17.1382 2.16669
    endloop
  endfacet
  facet normal -0.408614 -0.828662 0.382562
    outer loop
      vertex 2.51044 -17.0977 2.001
      vertex 2.01363 -16.9418 1.80805
      vertex 2.47966 -17.1716 1.80805
    endloop
  endfacet
  facet normal -0.154777 -0.778042 0.608847
    outer loop
      vertex 3.02548 -17.1382 2.16669
      vertex 2.99251 -17.2613 2.001
      vertex 3.50856 -17.2343 2.16669
    endloop
  endfacet
  facet normal -0.15473 -0.778152 0.608718
    outer loop
      vertex 3.50856 -17.2343 2.16669
      vertex 2.99251 -17.2613 2.001
      vertex 3.4919 -17.3606 2.001
    endloop
  endfacet
  facet normal 6.14e-05 -0.382587 0.92392
    outer loop
      vertex 80.0726 -16.9124 2.37374
      vertex 59.5101 -16.9157 2.37374
      vertex 80.079 -17.1054 2.29382
    endloop
  endfacet
  facet normal 2.01878e-05 -0.125791 0.992057
    outer loop
      vertex 80.0726 -16.9124 2.37374
      vertex 59.5101 -16.7086 2.4
      vertex 59.5101 -16.9157 2.37374
    endloop
  endfacet
  facet normal 0 -0.608713 0.793391
    outer loop
      vertex 31.0381 -17.1086 2.29382
      vertex 59.5102 -17.2743 2.16669
      vertex 59.5102 -17.1086 2.29382
    endloop
  endfacet
  facet normal 0 -0.608713 0.793391
    outer loop
      vertex 59.5102 -17.2743 2.16669
      vertex 31.0381 -17.1086 2.29382
      vertex 31.0381 -17.2743 2.16669
    endloop
  endfacet
  facet normal -0.000135081 -0.608713 0.793391
    outer loop
      vertex 31.0381 -17.1086 2.29382
      vertex 15.2661 -17.2708 2.16669
      vertex 31.0381 -17.2743 2.16669
    endloop
  endfacet
  facet normal 0.000123406 -0.793441 0.608648
    outer loop
      vertex 80.0846 -17.2711 2.16669
      vertex 59.5102 -17.2743 2.16669
      vertex 80.0887 -17.3982 2.001
    endloop
  endfacet
  facet normal 0.0520218 -0.791746 0.608632
    outer loop
      vertex 80.5838 -17.2383 2.16669
      vertex 80.0846 -17.2711 2.16669
      vertex 80.0887 -17.3982 2.001
    endloop
  endfacet
  facet normal -0.597058 -0.118749 0.79336
    outer loop
      vertex 0.431641 -13.9711 2.29382
      vertex 0.267029 -13.9928 2.16669
      vertex 0.363113 -14.4759 2.16669
    endloop
  endfacet
  facet normal -0.768222 -0.51325 0.382636
    outer loop
      vertex 0.911774 -15.871 2.001
      vertex 0.628967 -15.4477 2.001
      vertex 0.848206 -15.9197 1.80805
    endloop
  endfacet
  facet normal -0.523119 -0.596401 0.608812
    outer loop
      vertex 1.33762 -16.1637 2.16669
      vertex 1.24751 -16.2538 2.001
      vertex 1.70792 -16.4885 2.16669
    endloop
  endfacet
  facet normal -0.169263 -0.343226 0.923875
    outer loop
      vertex 2.29706 -16.4508 2.37374
      vertex 2.20049 -16.6183 2.29382
      vertex 2.62267 -16.8265 2.29382
    endloop
  endfacet
  facet normal -0.169312 -0.343264 0.923853
    outer loop
      vertex 2.69666 -16.6479 2.37374
      vertex 2.29706 -16.4508 2.37374
      vertex 2.62267 -16.8265 2.29382
    endloop
  endfacet
  facet normal -0.104606 -0.0699009 0.992054
    outer loop
      vertex 1.23022 -15.1005 2.4
      vertex 1.05054 -15.2043 2.37374
      vertex 1.46263 -15.4483 2.4
    endloop
  endfacet
  facet normal -0.11285 -0.0556496 0.992052
    outer loop
      vertex 1.04518 -14.7253 2.4
      vertex 0.853485 -14.8047 2.37374
      vertex 1.05054 -15.2043 2.37374
    endloop
  endfacet
  facet normal -0.576414 -0.195676 0.793384
    outer loop
      vertex 0.523499 -14.4329 2.29382
      vertex 0.363113 -14.4759 2.16669
      vertex 0.674835 -14.8787 2.29382
    endloop
  endfacet
  facet normal -0.546047 -0.269261 0.793304
    outer loop
      vertex 0.883026 -15.3009 2.29382
      vertex 0.674835 -14.8787 2.29382
      vertex 0.739258 -15.3839 2.16669
    endloop
  endfacet
  facet normal -0.287778 -0.252364 0.923849
    outer loop
      vertex 1.29802 -15.5747 2.37374
      vertex 1.14467 -15.6924 2.29382
      vertex 1.45502 -16.0463 2.29382
    endloop
  endfacet
  facet normal -0.946932 -0.321435 0
    outer loop
      vertex 0.304489 -15.0321 0.4
      vertex 0.136292 -14.5366 1.601
      vertex 0.136292 -14.5366 0.4
    endloop
  endfacet
  facet normal -0.946932 -0.321435 0
    outer loop
      vertex 0.136292 -14.5366 1.601
      vertex 0.304489 -15.0321 0.4
      vertex 0.304489 -15.0321 1.601
    endloop
  endfacet
  facet normal -0.972397 -0.193399 0.130541
    outer loop
      vertex 0.0613251 -14.02 1.80805
      vertex 0.0342255 -14.0235 1.601
      vertex 0.162659 -14.5295 1.80805
    endloop
  endfacet
  facet normal -0.906112 -0.180216 0.382732
    outer loop
      vertex 0.140717 -14.0094 2.001
      vertex 0.0613251 -14.02 1.80805
      vertex 0.162659 -14.5295 1.80805
    endloop
  endfacet
  facet normal -0.93881 -0.318721 0.130584
    outer loop
      vertex 0.329758 -15.0217 1.80805
      vertex 0.162659 -14.5295 1.80805
      vertex 0.304489 -15.0321 1.601
    endloop
  endfacet
  facet normal -0.889193 -0.438513 0.130546
    outer loop
      vertex 0.329758 -15.0217 1.80805
      vertex 0.304489 -15.0321 1.601
      vertex 0.55957 -15.4877 1.80805
    endloop
  endfacet
  facet normal -0.546018 -0.269262 0.793323
    outer loop
      vertex 0.674835 -14.8787 2.29382
      vertex 0.521439 -14.9422 2.16669
      vertex 0.739258 -15.3839 2.16669
    endloop
  endfacet
  facet normal -0.576465 -0.195731 0.793333
    outer loop
      vertex 0.674835 -14.8787 2.29382
      vertex 0.363113 -14.4759 2.16669
      vertex 0.521439 -14.9422 2.16669
    endloop
  endfacet
  facet normal -0.793359 0 0.608754
    outer loop
      vertex 0.107178 -13.1296 2.001
      vertex 0.234314 -13.4937 2.16669
      vertex 0.234314 -13.1295 2.16669
    endloop
  endfacet
  facet normal -0.793359 0 0.608754
    outer loop
      vertex 0.234314 -13.4937 2.16669
      vertex 0.107178 -13.1296 2.001
      vertex 0.107178 -13.4978 2.001
    endloop
  endfacet
  facet normal -0.938888 0.31849 0.130587
    outer loop
      vertex 0.304031 15.0308 1.601
      vertex 0.167866 14.5478 1.8
      vertex 0.328317 15.0208 1.8
    endloop
  endfacet
  facet normal -0.989327 0.0647122 0.130557
    outer loop
      vertex 0.0340729 14.0221 1.601
      vertex 0.0275176 13.5204 1.8
      vertex 0.0601181 14.0188 1.8
    endloop
  endfacet
  facet normal -0 0.608713 0.793391
    outer loop
      vertex 44.5527 17.2715 2.16669
      vertex 66.9263 17.1058 2.29382
      vertex 66.9264 17.2715 2.16669
    endloop
  endfacet
  facet normal 0 0.608713 0.793391
    outer loop
      vertex 66.9263 17.1058 2.29382
      vertex 44.5527 17.2715 2.16669
      vertex 44.5032 17.1058 2.29382
    endloop
  endfacet
  facet normal 0.609248 0.69452 0.382699
    outer loop
      vertex 82.51 16.655 1.80805
      vertex 82.4613 16.5914 2.001
      vertex 82.8441 16.2556 2.001
    endloop
  endfacet
  facet normal 0.523121 0.596339 0.608872
    outer loop
      vertex 82.4613 16.5914 2.001
      vertex 82.3837 16.4903 2.16669
      vertex 82.8441 16.2556 2.001
    endloop
  endfacet
  facet normal 0.440719 0.659628 0.608817
    outer loop
      vertex 82.038 16.8742 2.001
      vertex 81.9742 16.7639 2.16669
      vertex 82.3837 16.4903 2.16669
    endloop
  endfacet
  facet normal 0.350925 0.711507 0.608777
    outer loop
      vertex 82.038 16.8742 2.001
      vertex 81.5812 17.0995 2.001
      vertex 81.9742 16.7639 2.16669
    endloop
  endfacet
  facet normal 0.438487 0.889186 0.130677
    outer loop
      vertex 81.6224 17.1987 1.601
      vertex 81.612 17.1734 1.80805
      vertex 82.078 16.9436 1.80805
    endloop
  endfacet
  facet normal 0.118724 0.597241 0.793226
    outer loop
      vertex 81.0662 17.14 2.16669
      vertex 80.5614 17.0715 2.29382
      vertex 81.0232 16.9797 2.29382
    endloop
  endfacet
  facet normal 0.122972 0.362303 0.923913
    outer loop
      vertex 81.0232 16.9797 2.29382
      vertex 80.9731 16.7929 2.37374
      vertex 81.395 16.6497 2.37374
    endloop
  endfacet
  facet normal 0.0746344 0.375319 0.923886
    outer loop
      vertex 80.5614 17.0715 2.29382
      vertex 80.5361 16.8798 2.37374
      vertex 80.9731 16.7929 2.37374
    endloop
  endfacet
  facet normal 0.0745997 0.375274 0.923907
    outer loop
      vertex 81.0232 16.9797 2.29382
      vertex 80.5614 17.0715 2.29382
      vertex 80.9731 16.7929 2.37374
    endloop
  endfacet
  facet normal -0.194818 0.972143 0.130323
    outer loop
      vertex 3.47672 17.4668 1.601
      vertex 3.46014 17.4368 1.8
      vertex 3.4801 17.4408 1.8
    endloop
  endfacet
  facet normal -0.19366 0.972357 0.130451
    outer loop
      vertex 3.46014 17.4368 1.8
      vertex 3.47672 17.4668 1.601
      vertex 2.96358 17.3646 1.601
    endloop
  endfacet
  facet normal -0.0651837 0.989296 0.130555
    outer loop
      vertex 3.47672 17.4668 1.601
      vertex 3.50042 17.4421 1.8
      vertex 3.99881 17.5012 1.601
    endloop
  endfacet
  facet normal -0.0633011 0.989445 0.130349
    outer loop
      vertex 3.50042 17.4421 1.8
      vertex 3.47672 17.4668 1.601
      vertex 3.4801 17.4408 1.8
    endloop
  endfacet
  facet normal 0.0698787 0.104608 0.992056
    outer loop
      vertex 81.7946 16.4526 2.37374
      vertex 81.6908 16.2729 2.4
      vertex 82.0387 16.0405 2.4
    endloop
  endfacet
  facet normal 0.457666 0.401431 0.793345
    outer loop
      vertex 82.754 16.1655 2.16669
      vertex 82.6366 16.0481 2.29382
      vertex 83.0788 15.7952 2.16669
    endloop
  endfacet
  facet normal 0.401431 0.457666 0.793345
    outer loop
      vertex 82.754 16.1655 2.16669
      vertex 82.3837 16.4903 2.16669
      vertex 82.6366 16.0481 2.29382
    endloop
  endfacet
  facet normal 0.169309 0.343257 0.923856
    outer loop
      vertex 81.469 16.8283 2.29382
      vertex 81.395 16.6497 2.37374
      vertex 81.7946 16.4526 2.37374
    endloop
  endfacet
  facet normal 0.055659 0.112843 0.992053
    outer loop
      vertex 81.395 16.6497 2.37374
      vertex 81.3156 16.458 2.4
      vertex 81.7946 16.4526 2.37374
    endloop
  endfacet
  facet normal 0.094612 0.0829698 0.992051
    outer loop
      vertex 82.4999 15.9114 2.37374
      vertex 82.3532 15.7647 2.4
      vertex 82.629 15.4502 2.4
    endloop
  endfacet
  facet normal -0.0829604 -0.0946103 0.992052
    outer loop
      vertex 1.73846 -15.7629 2.4
      vertex 1.59174 -15.9096 2.37374
      vertex 2.05299 -16.0387 2.4
    endloop
  endfacet
  facet normal 0.546042 0.269189 0.793332
    outer loop
      vertex 83.5702 14.944 2.16669
      vertex 83.3524 15.3858 2.16669
      vertex 83.4168 14.8805 2.29382
    endloop
  endfacet
  facet normal 0.545891 0.269196 0.793434
    outer loop
      vertex 83.3524 15.3858 2.16669
      vertex 83.2086 15.3027 2.29382
      vertex 83.4168 14.8805 2.29382
    endloop
  endfacet
  facet normal 0.123367 0.0245591 0.992057
    outer loop
      vertex 83.3814 14.3846 2.37374
      vertex 83.1809 14.331 2.4
      vertex 83.2626 13.9206 2.4
    endloop
  endfacet
  facet normal 0.123413 0.024547 0.992052
    outer loop
      vertex 83.3814 14.3846 2.37374
      vertex 83.2626 13.9206 2.4
      vertex 83.4683 13.9477 2.37374
    endloop
  endfacet
  facet normal 0.180166 0.906093 0.382799
    outer loop
      vertex 81.1198 17.3405 1.80805
      vertex 80.5997 17.3624 2.001
      vertex 81.0991 17.2631 2.001
    endloop
  endfacet
  facet normal 0.193306 0.972405 0.130616
    outer loop
      vertex 81.1269 17.3669 1.601
      vertex 80.6138 17.4689 1.601
      vertex 81.1198 17.3405 1.80805
    endloop
  endfacet
  facet normal 0.296875 0.874839 0.382782
    outer loop
      vertex 81.1198 17.3405 1.80805
      vertex 81.0991 17.2631 2.001
      vertex 81.5812 17.0995 2.001
    endloop
  endfacet
  facet normal 0.297028 0.874908 0.382504
    outer loop
      vertex 81.612 17.1734 1.80805
      vertex 81.1198 17.3405 1.80805
      vertex 81.5812 17.0995 2.001
    endloop
  endfacet
  facet normal 0.401496 -0.457633 0.79333
    outer loop
      vertex 82.637 -16.05 2.29382
      vertex 82.2832 -16.3604 2.29382
      vertex 82.7545 -16.1673 2.16669
    endloop
  endfacet
  facet normal 0.513556 -0.768157 0.382355
    outer loop
      vertex 82.4618 -16.5932 2.001
      vertex 82.0385 -16.8762 2.001
      vertex 82.0785 -16.9455 1.80805
    endloop
  endfacet
  facet normal 0.55092 -0.824282 0.130559
    outer loop
      vertex 82.5106 -16.6567 1.80805
      vertex 82.0785 -16.9455 1.80805
      vertex 82.5272 -16.6784 1.601
    endloop
  endfacet
  facet normal 0.653903 -0.745233 0.130531
    outer loop
      vertex 82.9205 -16.3333 1.601
      vertex 82.5106 -16.6567 1.80805
      vertex 82.5272 -16.6784 1.601
    endloop
  endfacet
  facet normal 0.255126 -0.751206 0.60877
    outer loop
      vertex 81.5331 -16.9837 2.16669
      vertex 81.0667 -17.1421 2.16669
      vertex 81.5819 -17.1014 2.001
    endloop
  endfacet
  facet normal 0.25515 -0.75112 0.608865
    outer loop
      vertex 81.5819 -17.1014 2.001
      vertex 81.0667 -17.1421 2.16669
      vertex 81.0997 -17.2652 2.001
    endloop
  endfacet
  facet normal -0.751855 -0.659328 0
    outer loop
      vertex 1.17157 -16.3298 0.4
      vertex 0.826584 -15.9364 1.601
      vertex 0.826584 -15.9364 0.4
    endloop
  endfacet
  facet normal -0.751855 -0.659328 0
    outer loop
      vertex 0.826584 -15.9364 1.601
      vertex 1.17157 -16.3298 0.4
      vertex 1.17157 -16.3298 1.601
    endloop
  endfacet
  facet normal -0.440747 -0.659639 0.608784
    outer loop
      vertex 1.70792 -16.4885 2.16669
      vertex 1.63037 -16.5896 2.001
      vertex 2.05362 -16.8724 2.001
    endloop
  endfacet
  facet normal -0.254938 -0.75121 0.608843
    outer loop
      vertex 3.02548 -17.1382 2.16669
      vertex 2.51044 -17.0977 2.001
      vertex 2.99251 -17.2613 2.001
    endloop
  endfacet
  facet normal -0.000205531 -0.608709 0.793394
    outer loop
      vertex 4.01195 -17.1013 2.29382
      vertex 4.00639 -17.267 2.16669
      vertex 15.2662 -17.1051 2.29382
    endloop
  endfacet
  facet normal -0.000205432 -0.608713 0.793391
    outer loop
      vertex 15.2662 -17.1051 2.29382
      vertex 4.00639 -17.267 2.16669
      vertex 15.2661 -17.2708 2.16669
    endloop
  endfacet
  facet normal -0.19566 -0.576436 0.793372
    outer loop
      vertex 2.62267 -16.8265 2.29382
      vertex 2.55911 -16.9799 2.16669
      vertex 3.02548 -17.1382 2.16669
    endloop
  endfacet
  facet normal -0.297037 -0.874917 0.382478
    outer loop
      vertex 2.51044 -17.0977 2.001
      vertex 2.47966 -17.1716 1.80805
      vertex 2.97185 -17.3387 1.80805
    endloop
  endfacet
  facet normal -0.193326 -0.972412 0.130534
    outer loop
      vertex 3.48138 -17.44 1.80805
      vertex 2.97185 -17.3387 1.80805
      vertex 3.47789 -17.4671 1.601
    endloop
  endfacet
  facet normal -0.18015 -0.906137 0.382703
    outer loop
      vertex 3.4919 -17.3606 2.001
      vertex 2.97185 -17.3387 1.80805
      vertex 3.48138 -17.44 1.80805
    endloop
  endfacet
  facet normal -0.597032 -0.118757 0.793378
    outer loop
      vertex 0.431641 -13.9711 2.29382
      vertex 0.363113 -14.4759 2.16669
      vertex 0.523499 -14.4329 2.29382
    endloop
  endfacet
  facet normal -0.375331 -0.0746582 0.923879
    outer loop
      vertex 0.623352 -13.9459 2.37374
      vertex 0.431641 -13.9711 2.29382
      vertex 0.523499 -14.4329 2.29382
    endloop
  endfacet
  facet normal -0.745448 -0.653667 0.130489
    outer loop
      vertex 1.19089 -16.3105 1.80805
      vertex 0.848206 -15.9197 1.80805
      vertex 1.17157 -16.3298 1.601
    endloop
  endfacet
  facet normal -0.653634 -0.745478 0.13048
    outer loop
      vertex 1.19089 -16.3105 1.80805
      vertex 1.17157 -16.3298 1.601
      vertex 1.58163 -16.6531 1.80805
    endloop
  endfacet
  facet normal -0.0829588 -0.0946047 0.992052
    outer loop
      vertex 2.05299 -16.0387 2.4
      vertex 1.59174 -15.9096 2.37374
      vertex 1.92667 -16.2033 2.37374
    endloop
  endfacet
  facet normal -0.119147 -0.0404459 0.992052
    outer loop
      vertex 1.04518 -14.7253 2.4
      vertex 0.710266 -14.3828 2.37374
      vertex 0.853485 -14.8047 2.37374
    endloop
  endfacet
  facet normal -0.362349 -0.123004 0.92389
    outer loop
      vertex 0.710266 -14.3828 2.37374
      vertex 0.523499 -14.4329 2.29382
      vertex 0.853485 -14.8047 2.37374
    endloop
  endfacet
  facet normal -0.506077 -0.338217 0.793408
    outer loop
      vertex 1.14467 -15.6924 2.29382
      vertex 0.883026 -15.3009 2.29382
      vertex 1.01286 -15.7934 2.16669
    endloop
  endfacet
  facet normal -0.318235 -0.21268 0.923847
    outer loop
      vertex 1.29802 -15.5747 2.37374
      vertex 0.883026 -15.3009 2.29382
      vertex 1.14467 -15.6924 2.29382
    endloop
  endfacet
  facet normal -0.659628 -0.440698 0.608832
    outer loop
      vertex 1.01286 -15.7934 2.16669
      vertex 0.628967 -15.4477 2.001
      vertex 0.911774 -15.871 2.001
    endloop
  endfacet
  facet normal -0.694608 -0.609208 0.382603
    outer loop
      vertex 0.911774 -15.871 2.001
      vertex 0.848206 -15.9197 1.80805
      vertex 1.24751 -16.2538 2.001
    endloop
  endfacet
  facet normal -0.874865 -0.297012 0.382616
    outer loop
      vertex 0.403687 -14.9909 2.001
      vertex 0.162659 -14.5295 1.80805
      vertex 0.329758 -15.0217 1.80805
    endloop
  endfacet
  facet normal -0.828591 -0.408627 0.382703
    outer loop
      vertex 0.403687 -14.9909 2.001
      vertex 0.329758 -15.0217 1.80805
      vertex 0.55957 -15.4877 1.80805
    endloop
  endfacet
  facet normal -0.608759 0 0.793355
    outer loop
      vertex 0.234314 -13.1295 2.16669
      vertex 0.399994 -13.4882 2.29382
      vertex 0.399994 -13.1292 2.29382
    endloop
  endfacet
  facet normal -0.608759 0 0.793355
    outer loop
      vertex 0.399994 -13.4882 2.29382
      vertex 0.234314 -13.1295 2.16669
      vertex 0.234314 -13.4937 2.16669
    endloop
  endfacet
  facet normal -0.938932 0.318432 0.130416
    outer loop
      vertex 0.135986 14.5353 1.601
      vertex 0.167866 14.5478 1.8
      vertex 0.304031 15.0308 1.601
    endloop
  endfacet
  facet normal -0.939037 0.318105 0.130453
    outer loop
      vertex 0.167866 14.5478 1.8
      vertex 0.135986 14.5353 1.601
      vertex 0.161328 14.5285 1.8
    endloop
  endfacet
  facet normal -0.972529 0.192804 0.130437
    outer loop
      vertex 0.135986 14.5353 1.601
      vertex 0.157363 14.5085 1.8
      vertex 0.161328 14.5285 1.8
    endloop
  endfacet
  facet normal -0.972463 0.193115 0.130471
    outer loop
      vertex 0.157363 14.5085 1.8
      vertex 0.135986 14.5353 1.601
      vertex 0.0340729 14.0221 1.601
    endloop
  endfacet
  facet normal 0.269241 0.545982 0.793355
    outer loop
      vertex 81.9742 16.7639 2.16669
      vertex 81.469 16.8283 2.29382
      vertex 81.8912 16.6201 2.29382
    endloop
  endfacet
  facet normal 0.338195 0.50618 0.793352
    outer loop
      vertex 81.9742 16.7639 2.16669
      vertex 81.8912 16.6201 2.29382
      vertex 82.3837 16.4903 2.16669
    endloop
  endfacet
  facet normal 0.550746 0.824402 0.130541
    outer loop
      vertex 82.0916 16.9673 1.601
      vertex 82.078 16.9436 1.80805
      vertex 82.51 16.655 1.80805
    endloop
  endfacet
  facet normal 0.438526 0.889181 0.130585
    outer loop
      vertex 82.0916 16.9673 1.601
      vertex 81.6224 17.1987 1.601
      vertex 82.078 16.9436 1.80805
    endloop
  endfacet
  facet normal 0.318686 0.938816 0.130632
    outer loop
      vertex 81.1269 17.3669 1.601
      vertex 81.1198 17.3405 1.80805
      vertex 81.6224 17.1987 1.601
    endloop
  endfacet
  facet normal 0.318716 0.938793 0.130723
    outer loop
      vertex 81.6224 17.1987 1.601
      vertex 81.1198 17.3405 1.80805
      vertex 81.612 17.1734 1.80805
    endloop
  endfacet
  facet normal 0.0245398 0.123421 0.992051
    outer loop
      vertex 80.9731 16.7929 2.37374
      vertex 80.509 16.6741 2.4
      vertex 80.9194 16.5925 2.4
    endloop
  endfacet
  facet normal 0.0404508 0.119157 0.992051
    outer loop
      vertex 80.9731 16.7929 2.37374
      vertex 80.9194 16.5925 2.4
      vertex 81.3156 16.458 2.4
    endloop
  endfacet
  facet normal -0.318941 0.938721 0.130687
    outer loop
      vertex 2.95117 17.3327 1.8
      vertex 2.46817 17.1963 1.601
      vertex 2.47819 17.172 1.8
    endloop
  endfacet
  facet normal -0.316872 0.939402 0.130827
    outer loop
      vertex 2.96358 17.3646 1.601
      vertex 2.95117 17.3327 1.8
      vertex 2.97044 17.3392 1.8
    endloop
  endfacet
  facet normal -0.318909 0.938745 0.130594
    outer loop
      vertex 2.95117 17.3327 1.8
      vertex 2.96358 17.3646 1.601
      vertex 2.46817 17.1963 1.601
    endloop
  endfacet
  facet normal 0.0829685 0.0946072 0.992051
    outer loop
      vertex 82.165 16.2051 2.37374
      vertex 82.0387 16.0405 2.4
      vertex 82.4999 15.9114 2.37374
    endloop
  endfacet
  facet normal 0.252347 0.287711 0.923874
    outer loop
      vertex 82.2827 16.3585 2.29382
      vertex 82.165 16.2051 2.37374
      vertex 82.6366 16.0481 2.29382
    endloop
  endfacet
  facet normal 0.401402 0.457655 0.793365
    outer loop
      vertex 82.3837 16.4903 2.16669
      vertex 82.2827 16.3585 2.29382
      vertex 82.6366 16.0481 2.29382
    endloop
  endfacet
  facet normal 0.269273 -0.545965 0.793356
    outer loop
      vertex 81.8917 -16.6221 2.29382
      vertex 81.5331 -16.9837 2.16669
      vertex 81.9747 -16.7659 2.16669
    endloop
  endfacet
  facet normal 0.26921 -0.54592 0.793408
    outer loop
      vertex 81.8917 -16.6221 2.29382
      vertex 81.4695 -16.8303 2.29382
      vertex 81.5331 -16.9837 2.16669
    endloop
  endfacet
  facet normal 0.457786 -0.401274 0.793355
    outer loop
      vertex 82.9473 -15.696 2.29382
      vertex 82.637 -16.05 2.29382
      vertex 82.7545 -16.1673 2.16669
    endloop
  endfacet
  facet normal 0.287741 -0.252221 0.923899
    outer loop
      vertex 82.9473 -15.696 2.29382
      vertex 82.5003 -15.9132 2.37374
      vertex 82.637 -16.05 2.29382
    endloop
  endfacet
  facet normal 0.513389 -0.768128 0.382636
    outer loop
      vertex 82.4618 -16.5932 2.001
      vertex 82.0785 -16.9455 1.80805
      vertex 82.5106 -16.6567 1.80805
    endloop
  endfacet
  facet normal 0.609245 -0.694543 0.382662
    outer loop
      vertex 82.8445 -16.2575 2.001
      vertex 82.4618 -16.5932 2.001
      vertex 82.5106 -16.6567 1.80805
    endloop
  endfacet
  facet normal -0.287733 -0.252352 0.923866
    outer loop
      vertex 1.59174 -15.9096 2.37374
      vertex 1.29802 -15.5747 2.37374
      vertex 1.45502 -16.0463 2.29382
    endloop
  endfacet
  facet normal -0.33815 -0.506165 0.79338
    outer loop
      vertex 1.80891 -16.3567 2.29382
      vertex 1.70792 -16.4885 2.16669
      vertex 2.20049 -16.6183 2.29382
    endloop
  endfacet
  facet normal -0.269207 -0.545967 0.793378
    outer loop
      vertex 2.62267 -16.8265 2.29382
      vertex 2.1174 -16.7621 2.16669
      vertex 2.55911 -16.9799 2.16669
    endloop
  endfacet
  facet normal -0.26921 -0.545894 0.793426
    outer loop
      vertex 2.20049 -16.6183 2.29382
      vertex 2.1174 -16.7621 2.16669
      vertex 2.62267 -16.8265 2.29382
    endloop
  endfacet
  facet normal -0.350815 -0.711472 0.608881
    outer loop
      vertex 2.55911 -16.9799 2.16669
      vertex 2.1174 -16.7621 2.16669
      vertex 2.51044 -17.0977 2.001
    endloop
  endfacet
  facet normal -0.350922 -0.711532 0.60875
    outer loop
      vertex 2.1174 -16.7621 2.16669
      vertex 2.05362 -16.8724 2.001
      vertex 2.51044 -17.0977 2.001
    endloop
  endfacet
  facet normal -0.694603 -0.609083 0.382811
    outer loop
      vertex 1.24751 -16.2538 2.001
      vertex 0.848206 -15.9197 1.80805
      vertex 1.19089 -16.3105 1.80805
    endloop
  endfacet
  facet normal -0.609043 -0.694622 0.382841
    outer loop
      vertex 1.24751 -16.2538 2.001
      vertex 1.19089 -16.3105 1.80805
      vertex 1.58163 -16.6531 1.80805
    endloop
  endfacet
  facet normal -0.252333 -0.287756 0.923864
    outer loop
      vertex 1.59174 -15.9096 2.37374
      vertex 1.45502 -16.0463 2.29382
      vertex 1.92667 -16.2033 2.37374
    endloop
  endfacet
  facet normal -0.0945716 -0.0829429 0.992057
    outer loop
      vertex 1.46263 -15.4483 2.4
      vertex 1.29802 -15.5747 2.37374
      vertex 1.59174 -15.9096 2.37374
    endloop
  endfacet
  facet normal -0.442613 0.896713 0
    outer loop
      vertex 2.46817 17.1963 0.4
      vertex 1.99896 16.9647 1.601
      vertex 2.46817 17.1963 1.601
    endloop
  endfacet
  facet normal -0.442613 0.896713 0
    outer loop
      vertex 1.99896 16.9647 1.601
      vertex 2.46817 17.1963 0.4
      vertex 1.99896 16.9647 0.4
    endloop
  endfacet
  facet normal 0.212625 -0.318079 0.923913
    outer loop
      vertex 82.1654 -16.207 2.37374
      vertex 81.795 -16.4546 2.37374
      vertex 81.8917 -16.6221 2.29382
    endloop
  endfacet
  facet normal 0.169244 -0.343125 0.923916
    outer loop
      vertex 81.795 -16.4546 2.37374
      vertex 81.3954 -16.6517 2.37374
      vertex 81.8917 -16.6221 2.29382
    endloop
  endfacet
  facet normal 0.350923 -0.711508 0.608777
    outer loop
      vertex 81.9747 -16.7659 2.16669
      vertex 81.5819 -17.1014 2.001
      vertex 82.0385 -16.8762 2.001
    endloop
  endfacet
  facet normal 0.408723 -0.828698 0.382367
    outer loop
      vertex 82.0385 -16.8762 2.001
      vertex 81.5819 -17.1014 2.001
      vertex 82.0785 -16.9455 1.80805
    endloop
  endfacet
  facet normal -0.457672 -0.401353 0.79338
    outer loop
      vertex 1.14467 -15.6924 2.29382
      vertex 1.01286 -15.7934 2.16669
      vertex 1.45502 -16.0463 2.29382
    endloop
  endfacet
  facet normal -0.457691 -0.401404 0.793343
    outer loop
      vertex 1.45502 -16.0463 2.29382
      vertex 1.01286 -15.7934 2.16669
      vertex 1.33762 -16.1637 2.16669
    endloop
  endfacet
  facet normal 0.338383 -0.506217 0.793247
    outer loop
      vertex 82.2832 -16.3604 2.29382
      vertex 81.8917 -16.6221 2.29382
      vertex 82.3842 -16.4921 2.16669
    endloop
  endfacet
  facet normal 0.401528 -0.457777 0.793231
    outer loop
      vertex 82.7545 -16.1673 2.16669
      vertex 82.2832 -16.3604 2.29382
      vertex 82.3842 -16.4921 2.16669
    endloop
  endfacet
  facet normal 0 0 1
    outer loop
      vertex 42.268 13.8 1.8
      vertex 44.887 15.353 1.8
      vertex 44.804 16.117 1.8
    endloop
  endfacet
  facet normal 0 0 1
    outer loop
      vertex 42.268 13.8 1.8
      vertex 44.804 16.117 1.8
      vertex 44.6 16.797 1.8
    endloop
  endfacet
  facet normal 0 0 1
    outer loop
      vertex 44.041 12.897 1.8
      vertex 45.201 13.401 1.8
      vertex 45.136 13.76 1.8
    endloop
  endfacet
  facet normal 0 0 1
    outer loop
      vertex 45.201 13.401 1.8
      vertex 44.323 12.754 1.8
      vertex 45.157 13.16 1.8
    endloop
  endfacet
  facet normal 0 0 1
    outer loop
      vertex 43.729 13.3 1.8
      vertex 45.136 13.76 1.8
      vertex 44.852 14.284 1.8
    endloop
  endfacet
  facet normal 0 0 1
    outer loop
      vertex 45.201 13.401 1.8
      vertex 44.041 12.897 1.8
      vertex 44.323 12.754 1.8
    endloop
  endfacet
  facet normal 0 0 1
    outer loop
      vertex 43.63 13.376 1.8
      vertex 44.852 14.284 1.8
      vertex 44.802 14.475 1.8
    endloop
  endfacet
  facet normal 0 0 1
    outer loop
      vertex 44.887 15.353 1.8
      vertex 42.268 13.8 1.8
      vertex 44.802 14.475 1.8
    endloop
  endfacet
  facet normal 0 0 1
    outer loop
      vertex 45.136 13.76 1.8
      vertex 43.729 13.3 1.8
      vertex 44.041 12.897 1.8
    endloop
  endfacet
  facet normal 0 0 1
    outer loop
      vertex 41.269 17.4796 1.8
      vertex 44.6 16.797 1.8
      vertex 44.486 17.048 1.8
    endloop
  endfacet
  facet normal 0 -0 1
    outer loop
      vertex 44.571 12.724 1.8
      vertex 45.157 13.16 1.8
      vertex 44.323 12.754 1.8
    endloop
  endfacet
  facet normal 0 0 1
    outer loop
      vertex 45.157 13.16 1.8
      vertex 44.571 12.724 1.8
      vertex 45.027 12.937 1.8
    endloop
  endfacet
  facet normal 0 0 1
    outer loop
      vertex 45.027 12.937 1.8
      vertex 44.571 12.724 1.8
      vertex 44.821 12.783 1.8
    endloop
  endfacet
  facet normal 0 0 1
    outer loop
      vertex 44.852 14.284 1.8
      vertex 43.63 13.376 1.8
      vertex 43.729 13.3 1.8
    endloop
  endfacet
  facet normal 0 0 1
    outer loop
      vertex 44.802 14.475 1.8
      vertex 42.268 13.8 1.8
      vertex 43.63 13.376 1.8
    endloop
  endfacet
  facet normal 0 0 1
    outer loop
      vertex 41.269 17.4796 1.8
      vertex 44.486 17.048 1.8
      vertex 44.566 17.316 1.8
    endloop
  endfacet
  facet normal 0 0 1
    outer loop
      vertex 44.6 16.797 1.8
      vertex 41.269 17.4796 1.8
      vertex 42.268 13.8 1.8
    endloop
  endfacet
  facet normal -0 0 1
    outer loop
      vertex 41.269 17.4796 1.8
      vertex 44.566 17.316 1.8
      vertex 44.763 17.4796 1.8
    endloop
  endfacet
  facet normal 0 0 1
    outer loop
      vertex 42.268 13.8 1.8
      vertex 41.269 17.4796 1.8
      vertex 41.393 14.18 1.8
    endloop
  endfacet
  facet normal 0 0 1
    outer loop
      vertex 41.269 17.4796 1.8
      vertex 40.832 14.536 1.8
      vertex 41.393 14.18 1.8
    endloop
  endfacet
  facet normal 0 0 1
    outer loop
      vertex 41.269 17.4796 1.8
      vertex 40.484 14.878 1.8
      vertex 40.832 14.536 1.8
    endloop
  endfacet
  facet normal 0 0 1
    outer loop
      vertex 39.911 16.181 1.8
      vertex 41.269 17.4796 1.8
      vertex 40.3553 17.4796 1.8
    endloop
  endfacet
  facet normal 0 0 1
    outer loop
      vertex 41.269 17.4796 1.8
      vertex 40.294 15.124 1.8
      vertex 40.484 14.878 1.8
    endloop
  endfacet
  facet normal 0 0 1
    outer loop
      vertex 41.269 17.4796 1.8
      vertex 40.079 15.516 1.8
      vertex 40.294 15.124 1.8
    endloop
  endfacet
  facet normal 0 0 1
    outer loop
      vertex 41.269 17.4796 1.8
      vertex 39.978 15.816 1.8
      vertex 40.079 15.516 1.8
    endloop
  endfacet
  facet normal 0 0 1
    outer loop
      vertex 39.874 17.108 1.8
      vertex 40.3553 17.4796 1.8
      vertex 39.9203 17.4796 1.8
    endloop
  endfacet
  facet normal 0 0 1
    outer loop
      vertex 41.269 17.4796 1.8
      vertex 39.911 16.181 1.8
      vertex 39.978 15.816 1.8
    endloop
  endfacet
  facet normal 0 0 1
    outer loop
      vertex 40.3553 17.4796 1.8
      vertex 39.874 17.108 1.8
      vertex 39.911 16.181 1.8
    endloop
  endfacet
  facet normal 0 0 1
    outer loop
      vertex 38.343 14.664 1.8
      vertex 36.801 13.977 1.8
      vertex 37.244 13.484 1.8
    endloop
  endfacet
  facet normal 0 0 1
    outer loop
      vertex 37.605 16.709 1.8
      vertex 36.572 14.034 1.8
      vertex 36.801 13.977 1.8
    endloop
  endfacet
  facet normal 0 0 1
    outer loop
      vertex 37.605 16.709 1.8
      vertex 35.291 13.92 1.8
      vertex 36.572 14.034 1.8
    endloop
  endfacet
  facet normal 0 0 1
    outer loop
      vertex 31.3057 17.4793 1.8
      vertex 37.483 17.095 1.8
      vertex 37.59 17.35 1.8
    endloop
  endfacet
  facet normal 0 0 1
    outer loop
      vertex 37.483 17.095 1.8
      vertex 34.528 13.962 1.8
      vertex 35.291 13.92 1.8
    endloop
  endfacet
  facet normal 0 0 1
    outer loop
      vertex 37.483 17.095 1.8
      vertex 34.094 14.07 1.8
      vertex 34.528 13.962 1.8
    endloop
  endfacet
  facet normal 0 0 1
    outer loop
      vertex 37.483 17.095 1.8
      vertex 33.596 14.26 1.8
      vertex 34.094 14.07 1.8
    endloop
  endfacet
  facet normal 0 0 1
    outer loop
      vertex 37.483 17.095 1.8
      vertex 32.833 14.731 1.8
      vertex 33.596 14.26 1.8
    endloop
  endfacet
  facet normal -0 0 1
    outer loop
      vertex 31.3057 17.4793 1.8
      vertex 37.59 17.35 1.8
      vertex 37.76 17.4795 1.8
    endloop
  endfacet
  facet normal 0 0 1
    outer loop
      vertex 37.483 17.095 1.8
      vertex 32.431 15.056 1.8
      vertex 32.833 14.731 1.8
    endloop
  endfacet
  facet normal 0 0 1
    outer loop
      vertex 37.483 17.095 1.8
      vertex 31.3057 17.4793 1.8
      vertex 32.431 15.056 1.8
    endloop
  endfacet
  facet normal 0 0 1
    outer loop
      vertex 32.431 15.056 1.8
      vertex 31.3057 17.4793 1.8
      vertex 31.96 15.53 1.8
    endloop
  endfacet
  facet normal -0 -0 1
    outer loop
      vertex 31.383 16.723 1.8
      vertex 31.96 15.53 1.8
      vertex 31.3057 17.4793 1.8
    endloop
  endfacet
  facet normal 0 0 1
    outer loop
      vertex 31.688 15.927 1.8
      vertex 31.383 16.723 1.8
      vertex 31.527 16.252 1.8
    endloop
  endfacet
  facet normal 0 0 1
    outer loop
      vertex 31.96 15.53 1.8
      vertex 31.383 16.723 1.8
      vertex 31.688 15.927 1.8
    endloop
  endfacet
  facet normal 0 0 1
    outer loop
      vertex 31.383 16.723 1.8
      vertex 31.3057 17.4793 1.8
      vertex 31.307 17.203 1.8
    endloop
  endfacet
  facet normal 0 0 1
    outer loop
      vertex 37.582 13.306 1.8
      vertex 38.534 13.882 1.8
      vertex 38.507 14.342 1.8
    endloop
  endfacet
  facet normal 0 0 1
    outer loop
      vertex 37.244 13.484 1.8
      vertex 38.507 14.342 1.8
      vertex 38.343 14.664 1.8
    endloop
  endfacet
  facet normal 0 -0 1
    outer loop
      vertex 37.879 13.266 1.8
      vertex 38.534 13.882 1.8
      vertex 37.582 13.306 1.8
    endloop
  endfacet
  facet normal 0 0 1
    outer loop
      vertex 36.801 13.977 1.8
      vertex 38.343 14.664 1.8
      vertex 37.955 15.109 1.8
    endloop
  endfacet
  facet normal 0 0 1
    outer loop
      vertex 38.507 14.342 1.8
      vertex 37.244 13.484 1.8
      vertex 37.582 13.306 1.8
    endloop
  endfacet
  facet normal 0 0 1
    outer loop
      vertex 36.801 13.977 1.8
      vertex 37.955 15.109 1.8
      vertex 37.857 15.289 1.8
    endloop
  endfacet
  facet normal 0 0 1
    outer loop
      vertex 36.801 13.977 1.8
      vertex 37.857 15.289 1.8
      vertex 37.784 15.519 1.8
    endloop
  endfacet
  facet normal 0 0 1
    outer loop
      vertex 36.801 13.977 1.8
      vertex 37.784 15.519 1.8
      vertex 37.605 16.709 1.8
    endloop
  endfacet
  facet normal 0 0 1
    outer loop
      vertex 38.534 13.882 1.8
      vertex 37.879 13.266 1.8
      vertex 38.451 13.623 1.8
    endloop
  endfacet
  facet normal 0 0 1
    outer loop
      vertex 35.291 13.92 1.8
      vertex 37.605 16.709 1.8
      vertex 37.483 17.095 1.8
    endloop
  endfacet
  facet normal 0 0 1
    outer loop
      vertex 38.451 13.623 1.8
      vertex 37.879 13.266 1.8
      vertex 38.249 13.393 1.8
    endloop
  endfacet
  facet normal -0 -0 1
    outer loop
      vertex 2.12 1.61299 1.8
      vertex 4.26299 -0.0290108 1.8
      vertex 2.11301 1.929 1.8
    endloop
  endfacet
  facet normal 0 0 1
    outer loop
      vertex 3.79401 -0.0970039 1.8
      vertex 2.12 1.61299 1.8
      vertex 2.277 0.699992 1.8
    endloop
  endfacet
  facet normal 0 0 1
    outer loop
      vertex 4.26299 -0.0290108 1.8
      vertex 2.12 1.61299 1.8
      vertex 3.79401 -0.0970039 1.8
    endloop
  endfacet
  facet normal 0 0 1
    outer loop
      vertex 7.81599 6.17999 1.8
      vertex 8.35499 5.56399 1.8
      vertex 8.322 5.802 1.8
    endloop
  endfacet
  facet normal 0 0 1
    outer loop
      vertex 7.81599 6.17999 1.8
      vertex 8.322 5.802 1.8
      vertex 8.208 5.994 1.8
    endloop
  endfacet
  facet normal -0 0 1
    outer loop
      vertex 7.60599 6.15798 1.8
      vertex 8.35499 5.56399 1.8
      vertex 7.81599 6.17999 1.8
    endloop
  endfacet
  facet normal 0 0 1
    outer loop
      vertex 7.81599 6.17999 1.8
      vertex 8.208 5.994 1.8
      vertex 8.029 6.12599 1.8
    endloop
  endfacet
  facet normal 0 0 1
    outer loop
      vertex 8.29499 5.315 1.8
      vertex 7.60599 6.15798 1.8
      vertex 8.104 5.00099 1.8
    endloop
  endfacet
  facet normal 0 0 1
    outer loop
      vertex 8.35499 5.56399 1.8
      vertex 7.60599 6.15798 1.8
      vertex 8.29499 5.315 1.8
    endloop
  endfacet
  facet normal -0 0 1
    outer loop
      vertex 7.21 5.99699 1.8
      vertex 8.104 5.00099 1.8
      vertex 7.60599 6.15798 1.8
    endloop
  endfacet
  facet normal 0 0 1
    outer loop
      vertex 8.104 5.00099 1.8
      vertex 7.21 5.99699 1.8
      vertex 7.835 4.72 1.8
    endloop
  endfacet
  facet normal 0 0 1
    outer loop
      vertex 4.878 5.328 1.8
      vertex 7.66 3.02899 1.8
      vertex 7.66199 3.791 1.8
    endloop
  endfacet
  facet normal -0 0 1
    outer loop
      vertex 6.852 5.716 1.8
      vertex 7.835 4.72 1.8
      vertex 7.21 5.99699 1.8
    endloop
  endfacet
  facet normal 0 0 1
    outer loop
      vertex 7.835 4.72 1.8
      vertex 6.852 5.716 1.8
      vertex 7.73299 4.481 1.8
    endloop
  endfacet
  facet normal 0 0 1
    outer loop
      vertex 7.73299 4.481 1.8
      vertex 6.52799 5.58599 1.8
      vertex 7.66199 3.791 1.8
    endloop
  endfacet
  facet normal -0 0 1
    outer loop
      vertex 5.47599 5.47698 1.8
      vertex 7.66199 3.791 1.8
      vertex 6.52799 5.58599 1.8
    endloop
  endfacet
  facet normal -0 0 1
    outer loop
      vertex 6.52799 5.58599 1.8
      vertex 7.73299 4.481 1.8
      vertex 6.852 5.716 1.8
    endloop
  endfacet
  facet normal -0 0 1
    outer loop
      vertex 4.878 5.328 1.8
      vertex 7.66199 3.791 1.8
      vertex 5.47599 5.47698 1.8
    endloop
  endfacet
  facet normal -0 0 1
    outer loop
      vertex 4.36899 5.091 1.8
      vertex 7.66 3.02899 1.8
      vertex 4.878 5.328 1.8
    endloop
  endfacet
  facet normal -0 0 1
    outer loop
      vertex 3.80401 4.67999 1.8
      vertex 7.66 3.02899 1.8
      vertex 4.36899 5.091 1.8
    endloop
  endfacet
  facet normal 0 0 1
    outer loop
      vertex 7.66 3.02899 1.8
      vertex 3.80401 4.67999 1.8
      vertex 7.61999 2.58499 1.8
    endloop
  endfacet
  facet normal 0 -0 1
    outer loop
      vertex 7.02 1.26699 1.8
      vertex 7.61999 2.58499 1.8
      vertex 3.80401 4.67999 1.8
    endloop
  endfacet
  facet normal 0 0 1
    outer loop
      vertex 7.61999 2.58499 1.8
      vertex 7.02 1.26699 1.8
      vertex 7.51299 2.07699 1.8
    endloop
  endfacet
  facet normal 0 0 1
    outer loop
      vertex 7.51299 2.07699 1.8
      vertex 7.02 1.26699 1.8
      vertex 7.35499 1.71299 1.8
    endloop
  endfacet
  facet normal 0 0 1
    outer loop
      vertex 7.02 1.26699 1.8
      vertex 3.80401 4.67999 1.8
      vertex 6.76699 1.00999 1.8
    endloop
  endfacet
  facet normal -0 0 1
    outer loop
      vertex 3.217 4.093 1.8
      vertex 6.76699 1.00999 1.8
      vertex 3.80401 4.67999 1.8
    endloop
  endfacet
  facet normal 0 0 1
    outer loop
      vertex 6.76699 1.00999 1.8
      vertex 3.217 4.093 1.8
      vertex 6.11599 0.431987 1.8
    endloop
  endfacet
  facet normal -0 0 1
    outer loop
      vertex 2.83501 3.638 1.8
      vertex 6.11599 0.431987 1.8
      vertex 3.217 4.093 1.8
    endloop
  endfacet
  facet normal 0 -0 1
    outer loop
      vertex 4.26299 -0.0290108 1.8
      vertex 6.11599 0.431987 1.8
      vertex 2.83501 3.638 1.8
    endloop
  endfacet
  facet normal 0 0 1
    outer loop
      vertex 6.11599 0.431987 1.8
      vertex 5.18299 -0.022007 1.8
      vertex 5.66099 0.128993 1.8
    endloop
  endfacet
  facet normal 0 0 1
    outer loop
      vertex 6.11599 0.431987 1.8
      vertex 4.26299 -0.0290108 1.8
      vertex 5.18299 -0.022007 1.8
    endloop
  endfacet
  facet normal -0 0 1
    outer loop
      vertex 2.536 3.22299 1.8
      vertex 4.26299 -0.0290108 1.8
      vertex 2.83501 3.638 1.8
    endloop
  endfacet
  facet normal -0 0 1
    outer loop
      vertex 2.297 2.73699 1.8
      vertex 4.26299 -0.0290108 1.8
      vertex 2.536 3.22299 1.8
    endloop
  endfacet
  facet normal -0 0 1
    outer loop
      vertex 2.16601 2.30999 1.8
      vertex 4.26299 -0.0290108 1.8
      vertex 2.297 2.73699 1.8
    endloop
  endfacet
  facet normal -0 0 1
    outer loop
      vertex 2.11301 1.929 1.8
      vertex 4.26299 -0.0290108 1.8
      vertex 2.16601 2.30999 1.8
    endloop
  endfacet
  facet normal 0 0 1
    outer loop
      vertex 3.79401 -0.0970039 1.8
      vertex 2.277 0.699992 1.8
      vertex 3.573 -0.209003 1.8
    endloop
  endfacet
  facet normal 0 0 1
    outer loop
      vertex 3.573 -0.209003 1.8
      vertex 2.24201 0.504985 1.8
      vertex 3.36201 -0.422001 1.8
    endloop
  endfacet
  facet normal 0 0 1
    outer loop
      vertex 3.36201 -0.422001 1.8
      vertex 2.24201 0.504985 1.8
      vertex 2.95701 -0.960011 1.8
    endloop
  endfacet
  facet normal -0 0 1
    outer loop
      vertex 2.24201 0.504985 1.8
      vertex 3.573 -0.209003 1.8
      vertex 2.277 0.699992 1.8
    endloop
  endfacet
  facet normal -0 0 1
    outer loop
      vertex 1.35001 -0.546009 1.8
      vertex 2.95701 -0.960011 1.8
      vertex 2.24201 0.504985 1.8
    endloop
  endfacet
  facet normal 0 0 1
    outer loop
      vertex 2.95701 -0.960011 1.8
      vertex 1.35001 -0.546009 1.8
      vertex 2.49801 -1.922 1.8
    endloop
  endfacet
  facet normal -0 0 1
    outer loop
      vertex 1.213 -0.625004 1.8
      vertex 2.49801 -1.922 1.8
      vertex 1.35001 -0.546009 1.8
    endloop
  endfacet
  facet normal 0 0 1
    outer loop
      vertex 2.49801 -1.922 1.8
      vertex 1.213 -0.625004 1.8
      vertex 2.325 -2.448 1.8
    endloop
  endfacet
  facet normal 0 0 1
    outer loop
      vertex 2.325 -2.448 1.8
      vertex 1.05601 -0.645008 1.8
      vertex 2.213 -2.93401 1.8
    endloop
  endfacet
  facet normal -0 0 1
    outer loop
      vertex 1.05601 -0.645008 1.8
      vertex 2.325 -2.448 1.8
      vertex 1.213 -0.625004 1.8
    endloop
  endfacet
  facet normal -0 0 1
    outer loop
      vertex 3.50042 17.4421 1.8
      vertex 3.57001 16.834 1.8
      vertex 3.81885 17.4631 1.8
    endloop
  endfacet
  facet normal 0 0 1
    outer loop
      vertex 3.46014 17.4368 1.8
      vertex 3.50042 17.4421 1.8
      vertex 3.4801 17.4408 1.8
    endloop
  endfacet
  facet normal 0 0 1
    outer loop
      vertex 3.50042 17.4421 1.8
      vertex 3.46014 17.4368 1.8
      vertex 3.57001 16.834 1.8
    endloop
  endfacet
  facet normal -0 0 1
    outer loop
      vertex 2.97044 17.3392 1.8
      vertex 3.57001 16.834 1.8
      vertex 3.46014 17.4368 1.8
    endloop
  endfacet
  facet normal -0 0 1
    outer loop
      vertex 2.95117 17.3327 1.8
      vertex 3.57001 16.834 1.8
      vertex 2.97044 17.3392 1.8
    endloop
  endfacet
  facet normal -0 0 1
    outer loop
      vertex 2.47819 17.172 1.8
      vertex 3.57001 16.834 1.8
      vertex 2.95117 17.3327 1.8
    endloop
  endfacet
  facet normal 0 0 1
    outer loop
      vertex 29.7254 17.4793 1.8
      vertex 29.734 17.217 1.8
      vertex 29.73 17.465 1.8
    endloop
  endfacet
  facet normal 0 0 1
    outer loop
      vertex 29.7254 17.4793 1.8
      vertex 29.569 16.821 1.8
      vertex 29.734 17.217 1.8
    endloop
  endfacet
  facet normal 0 0 1
    outer loop
      vertex 29.7254 17.4793 1.8
      vertex 29.426 16.67 1.8
      vertex 29.569 16.821 1.8
    endloop
  endfacet
  facet normal 0 0 1
    outer loop
      vertex 29.7254 17.4793 1.8
      vertex 28.992 16.385 1.8
      vertex 29.426 16.67 1.8
    endloop
  endfacet
  facet normal 0 0 1
    outer loop
      vertex 29.7254 17.4793 1.8
      vertex 28.878 16.275 1.8
      vertex 28.992 16.385 1.8
    endloop
  endfacet
  facet normal 0 0 1
    outer loop
      vertex 25.884 14.22 1.8
      vertex 28.541 15.691 1.8
      vertex 28.878 16.275 1.8
    endloop
  endfacet
  facet normal 0 0 1
    outer loop
      vertex 28.541 15.691 1.8
      vertex 26.766 14.37 1.8
      vertex 28.199 15.235 1.8
    endloop
  endfacet
  facet normal 0 0 1
    outer loop
      vertex 22.985 15.356 1.8
      vertex 28.878 16.275 1.8
      vertex 29.7254 17.4793 1.8
    endloop
  endfacet
  facet normal 0 -0 1
    outer loop
      vertex 23.519 14.909 1.8
      vertex 28.878 16.275 1.8
      vertex 22.985 15.356 1.8
    endloop
  endfacet
  facet normal 0 -0 1
    outer loop
      vertex 25.884 14.22 1.8
      vertex 28.878 16.275 1.8
      vertex 23.519 14.909 1.8
    endloop
  endfacet
  facet normal 0 0 1
    outer loop
      vertex 27.933 14.977 1.8
      vertex 26.766 14.37 1.8
      vertex 27.454 14.645 1.8
    endloop
  endfacet
  facet normal 0 0 1
    outer loop
      vertex 27.454 14.645 1.8
      vertex 26.766 14.37 1.8
      vertex 27.178 14.508 1.8
    endloop
  endfacet
  facet normal 0 0 1
    outer loop
      vertex 28.541 15.691 1.8
      vertex 25.884 14.22 1.8
      vertex 26.766 14.37 1.8
    endloop
  endfacet
  facet normal 0 0 1
    outer loop
      vertex 25.884 14.22 1.8
      vertex 23.519 14.909 1.8
      vertex 25.122 14.219 1.8
    endloop
  endfacet
  facet normal 0 0 1
    outer loop
      vertex 25.122 14.219 1.8
      vertex 23.519 14.909 1.8
      vertex 24.869 14.259 1.8
    endloop
  endfacet
  facet normal -0 -0 1
    outer loop
      vertex 24.003 14.574 1.8
      vertex 24.869 14.259 1.8
      vertex 23.519 14.909 1.8
    endloop
  endfacet
  facet normal 0 0 1
    outer loop
      vertex 24.869 14.259 1.8
      vertex 24.003 14.574 1.8
      vertex 24.357 14.402 1.8
    endloop
  endfacet
  facet normal 0 0 1
    outer loop
      vertex 28.199 15.235 1.8
      vertex 26.766 14.37 1.8
      vertex 27.933 14.977 1.8
    endloop
  endfacet
  facet normal 0 0 1
    outer loop
      vertex 29.7254 17.4793 1.8
      vertex 22.825 15.387 1.8
      vertex 22.985 15.356 1.8
    endloop
  endfacet
  facet normal -0 0 1
    outer loop
      vertex 17.7825 17.479 1.8
      vertex 22.825 15.387 1.8
      vertex 29.7254 17.4793 1.8
    endloop
  endfacet
  facet normal 0 0 1
    outer loop
      vertex 26.047 8.41899 1.8
      vertex 21.938 7.41699 1.8
      vertex 22.395 6.99499 1.8
    endloop
  endfacet
  facet normal 0 0 1
    outer loop
      vertex 21.641 12.573 1.8
      vertex 22.449 14.836 1.8
      vertex 21.69 12.802 1.8
    endloop
  endfacet
  facet normal 0 0 1
    outer loop
      vertex 22.449 14.836 1.8
      vertex 21.641 12.573 1.8
      vertex 21.938 7.41699 1.8
    endloop
  endfacet
  facet normal -0 0 1
    outer loop
      vertex 20.6 15.059 1.8
      vertex 22.419 14.99 1.8
      vertex 22.451 15.144 1.8
    endloop
  endfacet
  facet normal 0 0 1
    outer loop
      vertex 22.449 14.836 1.8
      vertex 21.651 13.03 1.8
      vertex 21.69 12.802 1.8
    endloop
  endfacet
  facet normal 0 0 1
    outer loop
      vertex 22.449 14.836 1.8
      vertex 21.062 14.384 1.8
      vertex 21.651 13.03 1.8
    endloop
  endfacet
  facet normal 0 0 1
    outer loop
      vertex 20.6 15.059 1.8
      vertex 22.451 15.144 1.8
      vertex 22.539 15.273 1.8
    endloop
  endfacet
  facet normal 0 0 1
    outer loop
      vertex 19.801 15.827 1.8
      vertex 22.539 15.273 1.8
      vertex 22.671 15.359 1.8
    endloop
  endfacet
  facet normal 0 0 1
    outer loop
      vertex 22.419 14.99 1.8
      vertex 20.6 15.059 1.8
      vertex 21.062 14.384 1.8
    endloop
  endfacet
  facet normal -0 -0 1
    outer loop
      vertex 19.552 16.011 1.8
      vertex 22.825 15.387 1.8
      vertex 17.7825 17.479 1.8
    endloop
  endfacet
  facet normal 0 0 1
    outer loop
      vertex 22.539 15.273 1.8
      vertex 19.801 15.827 1.8
      vertex 20.6 15.059 1.8
    endloop
  endfacet
  facet normal 0 0 1
    outer loop
      vertex 22.671 15.359 1.8
      vertex 19.552 16.011 1.8
      vertex 19.801 15.827 1.8
    endloop
  endfacet
  facet normal 0 0 1
    outer loop
      vertex 22.825 15.387 1.8
      vertex 19.552 16.011 1.8
      vertex 22.671 15.359 1.8
    endloop
  endfacet
  facet normal 0 0 1
    outer loop
      vertex 19.552 16.011 1.8
      vertex 17.7825 17.479 1.8
      vertex 19.075 16.286 1.8
    endloop
  endfacet
  facet normal 0 0 1
    outer loop
      vertex 19.075 16.286 1.8
      vertex 17.7825 17.479 1.8
      vertex 18.544 16.514 1.8
    endloop
  endfacet
  facet normal 0 0 1
    outer loop
      vertex 17.7825 17.479 1.8
      vertex 17.718 16.733 1.8
      vertex 18.544 16.514 1.8
    endloop
  endfacet
  facet normal 0 0 1
    outer loop
      vertex 17.7825 17.479 1.8
      vertex 17.197 16.809 1.8
      vertex 17.718 16.733 1.8
    endloop
  endfacet
  facet normal -0 0 1
    outer loop
      vertex 17.1272 17.4789 1.8
      vertex 17.197 16.809 1.8
      vertex 17.7825 17.479 1.8
    endloop
  endfacet
  facet normal 0 0 1
    outer loop
      vertex 17.1272 17.4789 1.8
      vertex 16.781 16.842 1.8
      vertex 17.197 16.809 1.8
    endloop
  endfacet
  facet normal -0 0 1
    outer loop
      vertex 16.6165 17.4788 1.8
      vertex 16.781 16.842 1.8
      vertex 17.1272 17.4789 1.8
    endloop
  endfacet
  facet normal 0 0 1
    outer loop
      vertex 16.6165 17.4788 1.8
      vertex 15.402 16.836 1.8
      vertex 16.781 16.842 1.8
    endloop
  endfacet
  facet normal 0 0 1
    outer loop
      vertex 16.6165 17.4788 1.8
      vertex 13.593 16.597 1.8
      vertex 15.402 16.836 1.8
    endloop
  endfacet
  facet normal -0 0 1
    outer loop
      vertex 6.44709 17.4757 1.8
      vertex 13.593 16.597 1.8
      vertex 16.6165 17.4788 1.8
    endloop
  endfacet
  facet normal 0 0 1
    outer loop
      vertex 5.88399 16.285 1.8
      vertex 9.34499 13.121 1.8
      vertex 9.92399 14.233 1.8
    endloop
  endfacet
  facet normal 0 0 1
    outer loop
      vertex 9.34499 13.121 1.8
      vertex 5.88399 16.285 1.8
      vertex 9.074 12.694 1.8
    endloop
  endfacet
  facet normal -0 0 1
    outer loop
      vertex 5.266 15.77 1.8
      vertex 9.074 12.694 1.8
      vertex 5.88399 16.285 1.8
    endloop
  endfacet
  facet normal 0 0 1
    outer loop
      vertex 9.074 12.694 1.8
      vertex 5.266 15.77 1.8
      vertex 8.686 12.195 1.8
    endloop
  endfacet
  facet normal 0 0 1
    outer loop
      vertex 6.63999 16.857 1.8
      vertex 9.92399 14.233 1.8
      vertex 10.19 14.627 1.8
    endloop
  endfacet
  facet normal 0 0 1
    outer loop
      vertex 8.686 12.195 1.8
      vertex 5.266 15.77 1.8
      vertex 8.462 11.974 1.8
    endloop
  endfacet
  facet normal 0 0 1
    outer loop
      vertex 8.462 11.974 1.8
      vertex 5.266 15.77 1.8
      vertex 8.126 11.713 1.8
    endloop
  endfacet
  facet normal 0 0 1
    outer loop
      vertex 6.63999 16.857 1.8
      vertex 10.19 14.627 1.8
      vertex 10.566 15.097 1.8
    endloop
  endfacet
  facet normal 0 -0 1
    outer loop
      vertex 7.326 11.378 1.8
      vertex 8.126 11.713 1.8
      vertex 5.266 15.77 1.8
    endloop
  endfacet
  facet normal -0 0 1
    outer loop
      vertex 6.63999 16.857 1.8
      vertex 10.566 15.097 1.8
      vertex 6.695 17.05 1.8
    endloop
  endfacet
  facet normal 0 0 1
    outer loop
      vertex 11.09 15.587 1.8
      vertex 6.695 17.05 1.8
      vertex 10.566 15.097 1.8
    endloop
  endfacet
  facet normal 0 0 1
    outer loop
      vertex 6.671 17.246 1.8
      vertex 11.09 15.587 1.8
      vertex 11.442 15.814 1.8
    endloop
  endfacet
  facet normal 0 0 1
    outer loop
      vertex 6.671 17.246 1.8
      vertex 11.442 15.814 1.8
      vertex 11.769 15.979 1.8
    endloop
  endfacet
  facet normal 0 0 1
    outer loop
      vertex 6.58399 17.379 1.8
      vertex 11.769 15.979 1.8
      vertex 12.425 16.252 1.8
    endloop
  endfacet
  facet normal 0 0 1
    outer loop
      vertex 6.58399 17.379 1.8
      vertex 12.425 16.252 1.8
      vertex 13.068 16.465 1.8
    endloop
  endfacet
  facet normal 0 0 1
    outer loop
      vertex 13.593 16.597 1.8
      vertex 6.44709 17.4757 1.8
      vertex 13.068 16.465 1.8
    endloop
  endfacet
  facet normal 0 0 1
    outer loop
      vertex 11.09 15.587 1.8
      vertex 6.671 17.246 1.8
      vertex 6.695 17.05 1.8
    endloop
  endfacet
  facet normal 0 0 1
    outer loop
      vertex 11.769 15.979 1.8
      vertex 6.58399 17.379 1.8
      vertex 6.671 17.246 1.8
    endloop
  endfacet
  facet normal 0 0 1
    outer loop
      vertex 13.068 16.465 1.8
      vertex 6.44709 17.4757 1.8
      vertex 6.58399 17.379 1.8
    endloop
  endfacet
  facet normal 0 0 1
    outer loop
      vertex 21.938 7.41699 1.8
      vertex 26.18 9.319 1.8
      vertex 26.156 9.735 1.8
    endloop
  endfacet
  facet normal 0 0 1
    outer loop
      vertex 21.938 7.41699 1.8
      vertex 26.156 9.735 1.8
      vertex 26.052 10.264 1.8
    endloop
  endfacet
  facet normal 0 0 1
    outer loop
      vertex 21.938 7.41699 1.8
      vertex 26.152 8.96299 1.8
      vertex 26.18 9.319 1.8
    endloop
  endfacet
  facet normal 0 0 1
    outer loop
      vertex 21.938 7.41699 1.8
      vertex 26.047 8.41899 1.8
      vertex 26.152 8.96299 1.8
    endloop
  endfacet
  facet normal 0 0 1
    outer loop
      vertex 21.938 7.41699 1.8
      vertex 26.052 10.264 1.8
      vertex 25.712 11.209 1.8
    endloop
  endfacet
  facet normal 0 0 1
    outer loop
      vertex 21.938 7.41699 1.8
      vertex 25.712 11.209 1.8
      vertex 25.472 11.651 1.8
    endloop
  endfacet
  facet normal 0 0 1
    outer loop
      vertex 26.047 8.41899 1.8
      vertex 22.395 6.99499 1.8
      vertex 25.808 7.537 1.8
    endloop
  endfacet
  facet normal 0 0 1
    outer loop
      vertex 25.459 5.914 1.8
      vertex 25.331 5.386 1.8
      vertex 25.413 5.59999 1.8
    endloop
  endfacet
  facet normal 0 -0 1
    outer loop
      vertex 23.649 6.12399 1.8
      vertex 25.808 7.537 1.8
      vertex 22.395 6.99499 1.8
    endloop
  endfacet
  facet normal 0 0 1
    outer loop
      vertex 24.946 12.269 1.8
      vertex 25.472 11.651 1.8
      vertex 25.234 11.982 1.8
    endloop
  endfacet
  facet normal 0 -0 1
    outer loop
      vertex 23.751 5.97698 1.8
      vertex 25.418 6.48399 1.8
      vertex 23.649 6.12399 1.8
    endloop
  endfacet
  facet normal 0 0 1
    outer loop
      vertex 25.459 5.914 1.8
      vertex 23.751 5.97698 1.8
      vertex 23.937 5.457 1.8
    endloop
  endfacet
  facet normal 0 0 1
    outer loop
      vertex 24.618 12.519 1.8
      vertex 25.472 11.651 1.8
      vertex 24.946 12.269 1.8
    endloop
  endfacet
  facet normal 0 0 1
    outer loop
      vertex 25.459 5.914 1.8
      vertex 23.937 5.457 1.8
      vertex 25.331 5.386 1.8
    endloop
  endfacet
  facet normal 0 0 1
    outer loop
      vertex 21.938 7.41699 1.8
      vertex 25.472 11.651 1.8
      vertex 24.618 12.519 1.8
    endloop
  endfacet
  facet normal 0 -0 1
    outer loop
      vertex 24.174 5.18199 1.8
      vertex 25.331 5.386 1.8
      vertex 23.937 5.457 1.8
    endloop
  endfacet
  facet normal 0 0 1
    outer loop
      vertex 21.938 7.41699 1.8
      vertex 24.618 12.519 1.8
      vertex 24.366 12.683 1.8
    endloop
  endfacet
  facet normal 0 -0 1
    outer loop
      vertex 24.787 5.01799 1.8
      vertex 25.16 5.19099 1.8
      vertex 24.174 5.18199 1.8
    endloop
  endfacet
  facet normal 0 0 1
    outer loop
      vertex 25.16 5.19099 1.8
      vertex 24.787 5.01799 1.8
      vertex 25.004 5.08599 1.8
    endloop
  endfacet
  facet normal 0 0 1
    outer loop
      vertex 24.787 5.01799 1.8
      vertex 24.174 5.18199 1.8
      vertex 24.442 5.03298 1.8
    endloop
  endfacet
  facet normal 0 0 1
    outer loop
      vertex 25.331 5.386 1.8
      vertex 24.174 5.18199 1.8
      vertex 25.16 5.19099 1.8
    endloop
  endfacet
  facet normal 0 0 1
    outer loop
      vertex 21.938 7.41699 1.8
      vertex 24.366 12.683 1.8
      vertex 23.581 13.081 1.8
    endloop
  endfacet
  facet normal 0 0 1
    outer loop
      vertex 21.938 7.41699 1.8
      vertex 23.581 13.081 1.8
      vertex 23.073 13.505 1.8
    endloop
  endfacet
  facet normal 0 0 1
    outer loop
      vertex 21.938 7.41699 1.8
      vertex 23.073 13.505 1.8
      vertex 22.905 13.795 1.8
    endloop
  endfacet
  facet normal 0 0 1
    outer loop
      vertex 21.938 7.41699 1.8
      vertex 22.905 13.795 1.8
      vertex 22.449 14.836 1.8
    endloop
  endfacet
  facet normal 0 0 1
    outer loop
      vertex 21.062 14.384 1.8
      vertex 22.449 14.836 1.8
      vertex 22.419 14.99 1.8
    endloop
  endfacet
  facet normal 0 0 1
    outer loop
      vertex 25.808 7.537 1.8
      vertex 23.649 6.12399 1.8
      vertex 25.418 6.48399 1.8
    endloop
  endfacet
  facet normal -0 0 1
    outer loop
      vertex 23.751 5.97698 1.8
      vertex 25.459 5.914 1.8
      vertex 25.418 6.48399 1.8
    endloop
  endfacet
  facet normal -0 0 1
    outer loop
      vertex 21.088 11.421 1.8
      vertex 21.938 7.41699 1.8
      vertex 21.641 12.573 1.8
    endloop
  endfacet
  facet normal 0 0 1
    outer loop
      vertex 21.938 7.41699 1.8
      vertex 21.088 11.421 1.8
      vertex 21.706 7.69899 1.8
    endloop
  endfacet
  facet normal 0 0 1
    outer loop
      vertex 21.706 7.69899 1.8
      vertex 21.088 11.421 1.8
      vertex 21.4 8.17599 1.8
    endloop
  endfacet
  facet normal 0 0 1
    outer loop
      vertex 21.4 8.17599 1.8
      vertex 21.088 11.421 1.8
      vertex 21.1 8.845 1.8
    endloop
  endfacet
  facet normal 0 0 1
    outer loop
      vertex 21.088 11.421 1.8
      vertex 20.987 9.188 1.8
      vertex 21.1 8.845 1.8
    endloop
  endfacet
  facet normal -0 0 1
    outer loop
      vertex 20.954 10.97 1.8
      vertex 20.987 9.188 1.8
      vertex 21.088 11.421 1.8
    endloop
  endfacet
  facet normal 0 0 1
    outer loop
      vertex 20.954 10.97 1.8
      vertex 20.883 9.69099 1.8
      vertex 20.987 9.188 1.8
    endloop
  endfacet
  facet normal 0 -0 1
    outer loop
      vertex 20.883 9.69099 1.8
      vertex 20.954 10.97 1.8
      vertex 20.845 10.175 1.8
    endloop
  endfacet
  facet normal 0 0 1
    outer loop
      vertex 9.92399 14.233 1.8
      vertex 6.63999 16.857 1.8
      vertex 5.88399 16.285 1.8
    endloop
  endfacet
  facet normal 0 0 1
    outer loop
      vertex 8.126 11.713 1.8
      vertex 7.326 11.378 1.8
      vertex 7.796 11.524 1.8
    endloop
  endfacet
  facet normal 0 0 1
    outer loop
      vertex 7.326 11.378 1.8
      vertex 5.266 15.77 1.8
      vertex 6.75899 11.295 1.8
    endloop
  endfacet
  facet normal -0 0 1
    outer loop
      vertex 3.64101 14.284 1.8
      vertex 6.75899 11.295 1.8
      vertex 5.266 15.77 1.8
    endloop
  endfacet
  facet normal 0 0 1
    outer loop
      vertex 18.778 14.554 1.8
      vertex 18.927 14.121 1.8
      vertex 18.882 14.388 1.8
    endloop
  endfacet
  facet normal 0 0 1
    outer loop
      vertex 18.927 14.121 1.8
      vertex 18.778 14.554 1.8
      vertex 18.525 14.73 1.8
    endloop
  endfacet
  facet normal 0 0 1
    outer loop
      vertex 18.273 14.777 1.8
      vertex 18.927 14.121 1.8
      vertex 18.525 14.73 1.8
    endloop
  endfacet
  facet normal 0 0 1
    outer loop
      vertex 18.927 14.121 1.8
      vertex 18.273 14.777 1.8
      vertex 18.849 13.798 1.8
    endloop
  endfacet
  facet normal -0 0 1
    outer loop
      vertex 18.001 14.726 1.8
      vertex 18.849 13.798 1.8
      vertex 18.273 14.777 1.8
    endloop
  endfacet
  facet normal 0 0 1
    outer loop
      vertex 18.849 13.798 1.8
      vertex 18.001 14.726 1.8
      vertex 18.693 13.568 1.8
    endloop
  endfacet
  facet normal -0 0 1
    outer loop
      vertex 17.327 14.407 1.8
      vertex 18.693 13.568 1.8
      vertex 18.001 14.726 1.8
    endloop
  endfacet
  facet normal 0 0 1
    outer loop
      vertex 18.693 13.568 1.8
      vertex 17.327 14.407 1.8
      vertex 18.168 13.037 1.8
    endloop
  endfacet
  facet normal 0 0 1
    outer loop
      vertex 16.052 14.517 1.8
      vertex 18.168 13.037 1.8
      vertex 17.327 14.407 1.8
    endloop
  endfacet
  facet normal 0 0 1
    outer loop
      vertex 18.168 13.037 1.8
      vertex 16.052 14.517 1.8
      vertex 17.69 11.749 1.8
    endloop
  endfacet
  facet normal -0 0 1
    outer loop
      vertex 15.592 14.516 1.8
      vertex 17.69 11.749 1.8
      vertex 16.052 14.517 1.8
    endloop
  endfacet
  facet normal 0 0 1
    outer loop
      vertex 17.69 11.749 1.8
      vertex 15.592 14.516 1.8
      vertex 17.36 11.156 1.8
    endloop
  endfacet
  facet normal -0 0 1
    outer loop
      vertex 15.204 14.476 1.8
      vertex 17.36 11.156 1.8
      vertex 15.592 14.516 1.8
    endloop
  endfacet
  facet normal 0 0 1
    outer loop
      vertex 17.36 11.156 1.8
      vertex 15.204 14.476 1.8
      vertex 17.082 10.794 1.8
    endloop
  endfacet
  facet normal -0 0 1
    outer loop
      vertex 14.566 14.336 1.8
      vertex 17.082 10.794 1.8
      vertex 15.204 14.476 1.8
    endloop
  endfacet
  facet normal 0 0 1
    outer loop
      vertex 17.082 10.794 1.8
      vertex 14.566 14.336 1.8
      vertex 16.408 10.16 1.8
    endloop
  endfacet
  facet normal -0 0 1
    outer loop
      vertex 13.986 14.103 1.8
      vertex 16.408 10.16 1.8
      vertex 14.566 14.336 1.8
    endloop
  endfacet
  facet normal 0 -0 1
    outer loop
      vertex 15.482 9.68199 1.8
      vertex 16.408 10.16 1.8
      vertex 13.986 14.103 1.8
    endloop
  endfacet
  facet normal 0 0 1
    outer loop
      vertex 16.408 10.16 1.8
      vertex 15.482 9.68199 1.8
      vertex 16.048 9.90599 1.8
    endloop
  endfacet
  facet normal 0 0 1
    outer loop
      vertex 16.048 9.90599 1.8
      vertex 15.482 9.68199 1.8
      vertex 15.823 9.79299 1.8
    endloop
  endfacet
  facet normal -0 0 1
    outer loop
      vertex 13.449 13.781 1.8
      vertex 15.482 9.68199 1.8
      vertex 13.986 14.103 1.8
    endloop
  endfacet
  facet normal 0 0 1
    outer loop
      vertex 15.482 9.68199 1.8
      vertex 13.449 13.781 1.8
      vertex 15.046 9.606 1.8
    endloop
  endfacet
  facet normal 0 0 1
    outer loop
      vertex 15.046 9.606 1.8
      vertex 13.449 13.781 1.8
      vertex 14.465 9.604 1.8
    endloop
  endfacet
  facet normal -0 0 1
    outer loop
      vertex 12.696 12.981 1.8
      vertex 14.465 9.604 1.8
      vertex 13.449 13.781 1.8
    endloop
  endfacet
  facet normal 0 0 1
    outer loop
      vertex 12.696 12.981 1.8
      vertex 13.449 13.781 1.8
      vertex 13.118 13.524 1.8
    endloop
  endfacet
  facet normal -0 0 1
    outer loop
      vertex 12.422 12.313 1.8
      vertex 14.465 9.604 1.8
      vertex 12.696 12.981 1.8
    endloop
  endfacet
  facet normal -0 0 1
    outer loop
      vertex 12.344 11.868 1.8
      vertex 14.465 9.604 1.8
      vertex 12.422 12.313 1.8
    endloop
  endfacet
  facet normal -0 0 1
    outer loop
      vertex 12.321 11.273 1.8
      vertex 14.465 9.604 1.8
      vertex 12.344 11.868 1.8
    endloop
  endfacet
  facet normal 0 0 1
    outer loop
      vertex 14.465 9.604 1.8
      vertex 12.321 11.273 1.8
      vertex 13.235 9.79599 1.8
    endloop
  endfacet
  facet normal -0 0 1
    outer loop
      vertex 12.219 11.061 1.8
      vertex 13.235 9.79599 1.8
      vertex 12.321 11.273 1.8
    endloop
  endfacet
  facet normal 0 0 1
    outer loop
      vertex 13.235 9.79599 1.8
      vertex 12.219 11.061 1.8
      vertex 12.956 9.78099 1.8
    endloop
  endfacet
  facet normal -0 0 1
    outer loop
      vertex 12.127 10.987 1.8
      vertex 12.956 9.78099 1.8
      vertex 12.219 11.061 1.8
    endloop
  endfacet
  facet normal -0 0 1
    outer loop
      vertex 11.733 10.788 1.8
      vertex 12.956 9.78099 1.8
      vertex 12.127 10.987 1.8
    endloop
  endfacet
  facet normal 0 0 1
    outer loop
      vertex 12.956 9.78099 1.8
      vertex 11.733 10.788 1.8
      vertex 12.13 9.38699 1.8
    endloop
  endfacet
  facet normal -0 0 1
    outer loop
      vertex 10.888 10.478 1.8
      vertex 12.13 9.38699 1.8
      vertex 11.733 10.788 1.8
    endloop
  endfacet
  facet normal 0 0 1
    outer loop
      vertex 12.13 9.38699 1.8
      vertex 10.888 10.478 1.8
      vertex 12.014 9.27899 1.8
    endloop
  endfacet
  facet normal 0 0 1
    outer loop
      vertex 12.014 9.27899 1.8
      vertex 10.888 10.478 1.8
      vertex 11.96 9.173 1.8
    endloop
  endfacet
  facet normal 0 0 1
    outer loop
      vertex 20.846 5.12599 1.8
      vertex 20.771 4.677 1.8
      vertex 20.852 4.895 1.8
    endloop
  endfacet
  facet normal 0 0 1
    outer loop
      vertex 20.72 5.39299 1.8
      vertex 20.771 4.677 1.8
      vertex 20.846 5.12599 1.8
    endloop
  endfacet
  facet normal 0 0 1
    outer loop
      vertex 20.72 5.39299 1.8
      vertex 20.586 4.47799 1.8
      vertex 20.771 4.677 1.8
    endloop
  endfacet
  facet normal 0 0 1
    outer loop
      vertex 20.509 5.578 1.8
      vertex 20.586 4.47799 1.8
      vertex 20.72 5.39299 1.8
    endloop
  endfacet
  facet normal 0 0 1
    outer loop
      vertex 20.509 5.578 1.8
      vertex 20.369 4.36698 1.8
      vertex 20.586 4.47799 1.8
    endloop
  endfacet
  facet normal 0 0 1
    outer loop
      vertex 20.228 5.69499 1.8
      vertex 20.369 4.36698 1.8
      vertex 20.509 5.578 1.8
    endloop
  endfacet
  facet normal 0 0 1
    outer loop
      vertex 20.228 5.69499 1.8
      vertex 19.947 4.32499 1.8
      vertex 20.369 4.36698 1.8
    endloop
  endfacet
  facet normal 0 0 1
    outer loop
      vertex 19.552 4.43099 1.8
      vertex 20.228 5.69499 1.8
      vertex 19.831 5.763 1.8
    endloop
  endfacet
  facet normal 0 0 1
    outer loop
      vertex 19.427 4.43199 1.8
      vertex 19.831 5.763 1.8
      vertex 19.675 5.86399 1.8
    endloop
  endfacet
  facet normal 0 0 1
    outer loop
      vertex 20.228 5.69499 1.8
      vertex 19.552 4.43099 1.8
      vertex 19.947 4.32499 1.8
    endloop
  endfacet
  facet normal 0 0 1
    outer loop
      vertex 19.831 5.763 1.8
      vertex 19.427 4.43199 1.8
      vertex 19.552 4.43099 1.8
    endloop
  endfacet
  facet normal 0 0 1
    outer loop
      vertex 18.42 4.07199 1.8
      vertex 19.675 5.86399 1.8
      vertex 19.132 6.86599 1.8
    endloop
  endfacet
  facet normal 0 0 1
    outer loop
      vertex 16.703 3.99699 1.8
      vertex 19.132 6.86599 1.8
      vertex 18.78 7.40499 1.8
    endloop
  endfacet
  facet normal 0 0 1
    outer loop
      vertex 16.703 3.99699 1.8
      vertex 18.78 7.40499 1.8
      vertex 18.505 7.679 1.8
    endloop
  endfacet
  facet normal 0 0 1
    outer loop
      vertex 19.675 5.86399 1.8
      vertex 18.42 4.07199 1.8
      vertex 19.427 4.43199 1.8
    endloop
  endfacet
  facet normal 0 0 1
    outer loop
      vertex 16.703 3.99699 1.8
      vertex 18.505 7.679 1.8
      vertex 17.964 8.04599 1.8
    endloop
  endfacet
  facet normal 0 0 1
    outer loop
      vertex 19.132 6.86599 1.8
      vertex 17.914 3.96499 1.8
      vertex 18.42 4.07199 1.8
    endloop
  endfacet
  facet normal 0 0 1
    outer loop
      vertex 19.132 6.86599 1.8
      vertex 17.469 3.925 1.8
      vertex 17.914 3.96499 1.8
    endloop
  endfacet
  facet normal 0 0 1
    outer loop
      vertex 19.132 6.86599 1.8
      vertex 16.703 3.99699 1.8
      vertex 17.469 3.925 1.8
    endloop
  endfacet
  facet normal 0 0 1
    outer loop
      vertex 15.717 4.19899 1.8
      vertex 17.964 8.04599 1.8
      vertex 16.436 8.65499 1.8
    endloop
  endfacet
  facet normal 0 0 1
    outer loop
      vertex 15.324 4.31599 1.8
      vertex 16.436 8.65499 1.8
      vertex 16.086 8.731 1.8
    endloop
  endfacet
  facet normal 0 0 1
    outer loop
      vertex 17.964 8.04599 1.8
      vertex 15.717 4.19899 1.8
      vertex 16.703 3.99699 1.8
    endloop
  endfacet
  facet normal 0 0 1
    outer loop
      vertex 15.256 8.69699 1.8
      vertex 16.086 8.731 1.8
      vertex 15.68 8.77099 1.8
    endloop
  endfacet
  facet normal 0 0 1
    outer loop
      vertex 16.436 8.65499 1.8
      vertex 15.324 4.31599 1.8
      vertex 15.717 4.19899 1.8
    endloop
  endfacet
  facet normal 0 0 1
    outer loop
      vertex 16.086 8.731 1.8
      vertex 15.256 8.69699 1.8
      vertex 15.324 4.31599 1.8
    endloop
  endfacet
  facet normal -0 0 1
    outer loop
      vertex 14.895 8.578 1.8
      vertex 15.324 4.31599 1.8
      vertex 15.256 8.69699 1.8
    endloop
  endfacet
  facet normal -0 0 1
    outer loop
      vertex 14.511 8.38699 1.8
      vertex 15.324 4.31599 1.8
      vertex 14.895 8.578 1.8
    endloop
  endfacet
  facet normal -0 0 1
    outer loop
      vertex 14.02 8.07499 1.8
      vertex 15.324 4.31599 1.8
      vertex 14.511 8.38699 1.8
    endloop
  endfacet
  facet normal 0 0 1
    outer loop
      vertex 15.324 4.31599 1.8
      vertex 14.02 8.07499 1.8
      vertex 15.171 4.29299 1.8
    endloop
  endfacet
  facet normal -0 0 1
    outer loop
      vertex 13.869 8.03298 1.8
      vertex 15.171 4.29299 1.8
      vertex 14.02 8.07499 1.8
    endloop
  endfacet
  facet normal 0 0 1
    outer loop
      vertex 11.215 1.19099 1.8
      vertex 15.031 3.235 1.8
      vertex 14.907 3.899 1.8
    endloop
  endfacet
  facet normal 0 0 1
    outer loop
      vertex 15.031 3.235 1.8
      vertex 11.597 0.949992 1.8
      vertex 15.031 2.453 1.8
    endloop
  endfacet
  facet normal 0 0 1
    outer loop
      vertex 15.171 4.29299 1.8
      vertex 13.869 8.03298 1.8
      vertex 15.038 4.21299 1.8
    endloop
  endfacet
  facet normal 0 0 1
    outer loop
      vertex 13.752 8.041 1.8
      vertex 15.038 4.21299 1.8
      vertex 13.869 8.03298 1.8
    endloop
  endfacet
  facet normal -0 0 1
    outer loop
      vertex 10.744 5.90899 1.8
      vertex 15.038 4.21299 1.8
      vertex 13.752 8.041 1.8
    endloop
  endfacet
  facet normal 0 0 1
    outer loop
      vertex 15.038 4.21299 1.8
      vertex 10.744 5.90899 1.8
      vertex 14.945 4.08799 1.8
    endloop
  endfacet
  facet normal 0 0 1
    outer loop
      vertex 14.945 4.08799 1.8
      vertex 10.564 5.358 1.8
      vertex 14.907 3.899 1.8
    endloop
  endfacet
  facet normal 0 -0 1
    outer loop
      vertex 13.053 0.215999 1.8
      vertex 14.671 0.830989 1.8
      vertex 12.97 0.297999 1.8
    endloop
  endfacet
  facet normal 0 -0 1
    outer loop
      vertex 13.283 -0.153004 1.8
      vertex 14.671 0.830989 1.8
      vertex 13.053 0.215999 1.8
    endloop
  endfacet
  facet normal -0 0 1
    outer loop
      vertex 10.361 4.70899 1.8
      vertex 14.907 3.899 1.8
      vertex 10.564 5.358 1.8
    endloop
  endfacet
  facet normal 0 -0 1
    outer loop
      vertex 14.14 -0.653004 1.8
      vertex 14.671 0.830989 1.8
      vertex 13.784 -0.57201 1.8
    endloop
  endfacet
  facet normal -0 0 1
    outer loop
      vertex 10.728 5.75599 1.8
      vertex 14.945 4.08799 1.8
      vertex 10.744 5.90899 1.8
    endloop
  endfacet
  facet normal 0 0 1
    outer loop
      vertex 14.662 -0.542011 1.8
      vertex 14.14 -0.653004 1.8
      vertex 14.495 -0.627003 1.8
    endloop
  endfacet
  facet normal 0 0 1
    outer loop
      vertex 14.671 0.830989 1.8
      vertex 14.14 -0.653004 1.8
      vertex 14.662 -0.542011 1.8
    endloop
  endfacet
  facet normal 0 0 1
    outer loop
      vertex 14.671 0.830989 1.8
      vertex 13.512 -0.415012 1.8
      vertex 13.784 -0.57201 1.8
    endloop
  endfacet
  facet normal 0 -0 1
    outer loop
      vertex 13.512 -0.415012 1.8
      vertex 14.671 0.830989 1.8
      vertex 13.283 -0.153004 1.8
    endloop
  endfacet
  facet normal 0 0 1
    outer loop
      vertex 10.702 6.05599 1.8
      vertex 13.752 8.041 1.8
      vertex 12.114 8.716 1.8
    endloop
  endfacet
  facet normal 0 0 1
    outer loop
      vertex 10.109 7.207 1.8
      vertex 12.114 8.716 1.8
      vertex 11.967 8.89999 1.8
    endloop
  endfacet
  facet normal 0 0 1
    outer loop
      vertex 9.84099 7.403 1.8
      vertex 11.967 8.89999 1.8
      vertex 11.939 9.05599 1.8
    endloop
  endfacet
  facet normal -0 0 1
    outer loop
      vertex 10.41 10.375 1.8
      vertex 11.96 9.173 1.8
      vertex 10.888 10.478 1.8
    endloop
  endfacet
  facet normal -0 0 1
    outer loop
      vertex 10.564 5.358 1.8
      vertex 14.945 4.08799 1.8
      vertex 10.728 5.75599 1.8
    endloop
  endfacet
  facet normal -0 0 1
    outer loop
      vertex 10.227 4.164 1.8
      vertex 14.907 3.899 1.8
      vertex 10.361 4.70899 1.8
    endloop
  endfacet
  facet normal 0 0 1
    outer loop
      vertex 11.96 9.173 1.8
      vertex 10.41 10.375 1.8
      vertex 11.939 9.05599 1.8
    endloop
  endfacet
  facet normal 0 0 1
    outer loop
      vertex 10.151 3.621 1.8
      vertex 14.907 3.899 1.8
      vertex 10.227 4.164 1.8
    endloop
  endfacet
  facet normal 0 -0 1
    outer loop
      vertex 10.152 3.18099 1.8
      vertex 14.907 3.899 1.8
      vertex 10.151 3.621 1.8
    endloop
  endfacet
  facet normal 0 0 1
    outer loop
      vertex 13.752 8.041 1.8
      vertex 10.702 6.05599 1.8
      vertex 10.744 5.90899 1.8
    endloop
  endfacet
  facet normal 0 0 1
    outer loop
      vertex 9.84099 7.403 1.8
      vertex 11.939 9.05599 1.8
      vertex 10.41 10.375 1.8
    endloop
  endfacet
  facet normal 0 0 1
    outer loop
      vertex 12.114 8.716 1.8
      vertex 10.109 7.207 1.8
      vertex 10.702 6.05599 1.8
    endloop
  endfacet
  facet normal 0 0 1
    outer loop
      vertex 9.84099 7.403 1.8
      vertex 10.41 10.375 1.8
      vertex 10.039 10.335 1.8
    endloop
  endfacet
  facet normal 0 0 1
    outer loop
      vertex 11.967 8.89999 1.8
      vertex 10.009 7.315 1.8
      vertex 10.109 7.207 1.8
    endloop
  endfacet
  facet normal 0 0 1
    outer loop
      vertex 11.967 8.89999 1.8
      vertex 9.84099 7.403 1.8
      vertex 10.009 7.315 1.8
    endloop
  endfacet
  facet normal 0 0 1
    outer loop
      vertex 8.46 7.89599 1.8
      vertex 10.039 10.335 1.8
      vertex 8.811 10.301 1.8
    endloop
  endfacet
  facet normal 0 0 1
    outer loop
      vertex 10.039 10.335 1.8
      vertex 8.46 7.89599 1.8
      vertex 9.84099 7.403 1.8
    endloop
  endfacet
  facet normal 0 0 1
    outer loop
      vertex 8.811 10.301 1.8
      vertex 7.949 8.041 1.8
      vertex 8.46 7.89599 1.8
    endloop
  endfacet
  facet normal 0 0 1
    outer loop
      vertex 8.811 10.301 1.8
      vertex 7.32899 8.16499 1.8
      vertex 7.949 8.041 1.8
    endloop
  endfacet
  facet normal 0 0 1
    outer loop
      vertex 6.79999 10.51 1.8
      vertex 7.32899 8.16499 1.8
      vertex 8.811 10.301 1.8
    endloop
  endfacet
  facet normal 0 0 1
    outer loop
      vertex 7.32899 8.16499 1.8
      vertex 6.79999 10.51 1.8
      vertex 6.90099 8.19599 1.8
    endloop
  endfacet
  facet normal 0 0 1
    outer loop
      vertex 6.576 8.17199 1.8
      vertex 6.79999 10.51 1.8
      vertex 6.61799 10.583 1.8
    endloop
  endfacet
  facet normal 0 0 1
    outer loop
      vertex 6.79999 10.51 1.8
      vertex 6.576 8.17199 1.8
      vertex 6.90099 8.19599 1.8
    endloop
  endfacet
  facet normal 0 0 1
    outer loop
      vertex 5.79299 7.968 1.8
      vertex 6.61799 10.583 1.8
      vertex 6.47799 10.77 1.8
    endloop
  endfacet
  facet normal 0 0 1
    outer loop
      vertex 4.48499 7.40499 1.8
      vertex 6.47799 10.77 1.8
      vertex 6.458 10.965 1.8
    endloop
  endfacet
  facet normal 0 0 1
    outer loop
      vertex 6.75899 11.295 1.8
      vertex 3.64101 14.284 1.8
      vertex 6.55799 11.176 1.8
    endloop
  endfacet
  facet normal 0 0 1
    outer loop
      vertex 6.55799 11.176 1.8
      vertex 3.64101 14.284 1.8
      vertex 6.458 10.965 1.8
    endloop
  endfacet
  facet normal -0 0 1
    outer loop
      vertex 3.426 14.204 1.8
      vertex 6.458 10.965 1.8
      vertex 3.64101 14.284 1.8
    endloop
  endfacet
  facet normal 0 0 1
    outer loop
      vertex 6.61799 10.583 1.8
      vertex 5.79299 7.968 1.8
      vertex 6.576 8.17199 1.8
    endloop
  endfacet
  facet normal 0 -0 1
    outer loop
      vertex 4.48499 7.40499 1.8
      vertex 6.458 10.965 1.8
      vertex 3.426 14.204 1.8
    endloop
  endfacet
  facet normal 0 0 1
    outer loop
      vertex 6.47799 10.77 1.8
      vertex 5.268 7.77 1.8
      vertex 5.79299 7.968 1.8
    endloop
  endfacet
  facet normal 0 0 1
    outer loop
      vertex 6.47799 10.77 1.8
      vertex 4.48499 7.40499 1.8
      vertex 5.268 7.77 1.8
    endloop
  endfacet
  facet normal 0 0 1
    outer loop
      vertex 3.273 14.225 1.8
      vertex 4.48499 7.40499 1.8
      vertex 3.426 14.204 1.8
    endloop
  endfacet
  facet normal 0 0 1
    outer loop
      vertex 4.48499 7.40499 1.8
      vertex 3.273 14.225 1.8
      vertex 3.97501 7.11499 1.8
    endloop
  endfacet
  facet normal -0 0 1
    outer loop
      vertex 0.0261919 13.5001 1.8
      vertex 3.97501 7.11499 1.8
      vertex 3.273 14.225 1.8
    endloop
  endfacet
  facet normal 0 0 1
    outer loop
      vertex 0.0261919 13.5001 1.8
      vertex 3.273 14.225 1.8
      vertex 3.11101 14.328 1.8
    endloop
  endfacet
  facet normal 0 0 1
    outer loop
      vertex 0.0275176 13.5204 1.8
      vertex 3.11101 14.328 1.8
      vertex 3.02801 14.459 1.8
    endloop
  endfacet
  facet normal 0 0 1
    outer loop
      vertex 3.97501 7.11499 1.8
      vertex 0.0261919 13.5001 1.8
      vertex 3.47301 6.77899 1.8
    endloop
  endfacet
  facet normal 0 0 1
    outer loop
      vertex 0.328317 15.0208 1.8
      vertex 3.02801 14.459 1.8
      vertex 3.004 14.649 1.8
    endloop
  endfacet
  facet normal 0 0 1
    outer loop
      vertex 3.57001 16.834 1.8
      vertex 2.47819 17.172 1.8
      vertex 3.25201 15.81 1.8
    endloop
  endfacet
  facet normal -0 0 1
    outer loop
      vertex 2.45993 17.163 1.8
      vertex 3.25201 15.81 1.8
      vertex 2.47819 17.172 1.8
    endloop
  endfacet
  facet normal -0 0 1
    outer loop
      vertex 2.01207 16.9419 1.8
      vertex 3.25201 15.81 1.8
      vertex 2.45993 17.163 1.8
    endloop
  endfacet
  facet normal -0 0 1
    outer loop
      vertex 1.99515 16.9306 1.8
      vertex 3.25201 15.81 1.8
      vertex 2.01207 16.9419 1.8
    endloop
  endfacet
  facet normal 0 0 1
    outer loop
      vertex 3.47301 6.77899 1.8
      vertex 0.0261919 13.5001 1.8
      vertex 3.021 6.42999 1.8
    endloop
  endfacet
  facet normal -0 0 1
    outer loop
      vertex 1.58 16.653 1.8
      vertex 3.25201 15.81 1.8
      vertex 1.99515 16.9306 1.8
    endloop
  endfacet
  facet normal -0 0 1
    outer loop
      vertex 1.56469 16.6396 1.8
      vertex 3.25201 15.81 1.8
      vertex 1.58 16.653 1.8
    endloop
  endfacet
  facet normal 0 0 1
    outer loop
      vertex 3.021 6.42999 1.8
      vertex 0.0261919 13.5001 1.8
      vertex 2.34901 5.82199 1.8
    endloop
  endfacet
  facet normal 0 0 1
    outer loop
      vertex 2.34901 5.82199 1.8
      vertex 0.0261919 13.5001 1.8
      vertex 1.96101 5.36999 1.8
    endloop
  endfacet
  facet normal -0 0 1
    outer loop
      vertex 1.18931 16.3102 1.8
      vertex 3.25201 15.81 1.8
      vertex 1.56469 16.6396 1.8
    endloop
  endfacet
  facet normal 0 0 1
    outer loop
      vertex 3.25201 15.81 1.8
      vertex 1.18931 16.3102 1.8
      vertex 3.004 14.649 1.8
    endloop
  endfacet
  facet normal 0 0 1
    outer loop
      vertex 1.96101 5.36999 1.8
      vertex 0.0261919 13.5001 1.8
      vertex 1.71801 5.026 1.8
    endloop
  endfacet
  facet normal -0 0 1
    outer loop
      vertex 0.860138 15.9346 1.8
      vertex 3.004 14.649 1.8
      vertex 1.18931 16.3102 1.8
    endloop
  endfacet
  facet normal 0 0 1
    outer loop
      vertex 1.71801 5.026 1.8
      vertex 0.0261919 13.5001 1.8
      vertex 1.43101 4.524 1.8
    endloop
  endfacet
  facet normal 0 0 1
    outer loop
      vertex 1.43101 4.524 1.8
      vertex 0.0261919 13.5001 1.8
      vertex 1.14101 3.77 1.8
    endloop
  endfacet
  facet normal -0 0 1
    outer loop
      vertex 0.835416 15.9024 1.8
      vertex 3.004 14.649 1.8
      vertex 0.860138 15.9346 1.8
    endloop
  endfacet
  facet normal 0 0 1
    outer loop
      vertex 0.835416 15.9024 1.8
      vertex 0.860138 15.9346 1.8
      vertex 0.846721 15.9193 1.8
    endloop
  endfacet
  facet normal -0 0 1
    outer loop
      vertex 0.558025 15.487 1.8
      vertex 3.004 14.649 1.8
      vertex 0.835416 15.9024 1.8
    endloop
  endfacet
  facet normal 0 0 1
    outer loop
      vertex 1.14101 3.77 1.8
      vertex 0.0261919 13.5001 1.8
      vertex 0.861014 2.72399 1.8
    endloop
  endfacet
  facet normal 0 0 1
    outer loop
      vertex 0.861014 2.72399 1.8
      vertex 0.0261919 13.5001 1.8
      vertex 0.700004 1.64099 1.8
    endloop
  endfacet
  facet normal 0 0 1
    outer loop
      vertex 0.700004 1.64099 1.8
      vertex 0.0261919 13.5001 1.8
      vertex 0.653007 1.12399 1.8
    endloop
  endfacet
  facet normal -0 0 1
    outer loop
      vertex 0.549027 15.4687 1.8
      vertex 3.004 14.649 1.8
      vertex 0.558025 15.487 1.8
    endloop
  endfacet
  facet normal 0 0 1
    outer loop
      vertex 14.662 -0.542011 1.8
      vertex 14.896 -0.0990028 1.8
      vertex 14.847 0.278987 1.8
    endloop
  endfacet
  facet normal 0 0 1
    outer loop
      vertex 14.662 -0.542011 1.8
      vertex 14.847 0.278987 1.8
      vertex 14.685 0.715999 1.8
    endloop
  endfacet
  facet normal 0 0 1
    outer loop
      vertex 14.662 -0.542011 1.8
      vertex 14.685 0.715999 1.8
      vertex 14.671 0.830989 1.8
    endloop
  endfacet
  facet normal 0 0 1
    outer loop
      vertex 14.896 -0.0990028 1.8
      vertex 14.662 -0.542011 1.8
      vertex 14.808 -0.370014 1.8
    endloop
  endfacet
  facet normal 0 0 1
    outer loop
      vertex 14.886 1.55 1.8
      vertex 12.97 0.297999 1.8
      vertex 14.671 0.830989 1.8
    endloop
  endfacet
  facet normal 0 -0 1
    outer loop
      vertex 12.97 0.297999 1.8
      vertex 14.886 1.55 1.8
      vertex 11.597 0.949992 1.8
    endloop
  endfacet
  facet normal 0 -0 1
    outer loop
      vertex 10.23 2.67099 1.8
      vertex 14.907 3.899 1.8
      vertex 10.152 3.18099 1.8
    endloop
  endfacet
  facet normal 0 0 1
    outer loop
      vertex 15.031 2.453 1.8
      vertex 11.597 0.949992 1.8
      vertex 14.886 1.55 1.8
    endloop
  endfacet
  facet normal 0 0 1
    outer loop
      vertex 15.031 3.235 1.8
      vertex 11.215 1.19099 1.8
      vertex 11.597 0.949992 1.8
    endloop
  endfacet
  facet normal 0 0 1
    outer loop
      vertex 14.907 3.899 1.8
      vertex 10.23 2.67099 1.8
      vertex 11.215 1.19099 1.8
    endloop
  endfacet
  facet normal 0 0 1
    outer loop
      vertex 10.517 1.942 1.8
      vertex 10.23 2.67099 1.8
      vertex 10.307 2.39999 1.8
    endloop
  endfacet
  facet normal 0 0 1
    outer loop
      vertex 11.215 1.19099 1.8
      vertex 10.517 1.942 1.8
      vertex 10.827 1.524 1.8
    endloop
  endfacet
  facet normal -0 -0 1
    outer loop
      vertex 10.517 1.942 1.8
      vertex 11.215 1.19099 1.8
      vertex 10.23 2.67099 1.8
    endloop
  endfacet
  facet normal 0 0 1
    outer loop
      vertex 9.436 -12.074 1.8
      vertex 9.49399 -12.662 1.8
      vertex 9.52399 -12.309 1.8
    endloop
  endfacet
  facet normal 0 0 1
    outer loop
      vertex 9.281 -12.969 1.8
      vertex 9.49399 -12.662 1.8
      vertex 9.436 -12.074 1.8
    endloop
  endfacet
  facet normal 0 0 1
    outer loop
      vertex 9.14699 -11.804 1.8
      vertex 9.436 -12.074 1.8
      vertex 9.32799 -11.932 1.8
    endloop
  endfacet
  facet normal 0 0 1
    outer loop
      vertex 9.49399 -12.662 1.8
      vertex 9.281 -12.969 1.8
      vertex 9.41799 -12.818 1.8
    endloop
  endfacet
  facet normal 0 0 1
    outer loop
      vertex 9.436 -12.074 1.8
      vertex 9.14699 -11.804 1.8
      vertex 9.281 -12.969 1.8
    endloop
  endfacet
  facet normal 0 0 1
    outer loop
      vertex 9.14699 -11.804 1.8
      vertex 8.958 -13.117 1.8
      vertex 9.281 -12.969 1.8
    endloop
  endfacet
  facet normal 0 0 1
    outer loop
      vertex 8.37099 -11.462 1.8
      vertex 8.958 -13.117 1.8
      vertex 9.14699 -11.804 1.8
    endloop
  endfacet
  facet normal 0 0 1
    outer loop
      vertex 7.46 -10.856 1.8
      vertex 8.958 -13.117 1.8
      vertex 8.37099 -11.462 1.8
    endloop
  endfacet
  facet normal 0 0 1
    outer loop
      vertex 0.0261919 -13.1298 1.8
      vertex 7.46 -10.856 1.8
      vertex 6.34699 -9.91901 1.8
    endloop
  endfacet
  facet normal 0 0 1
    outer loop
      vertex 0.0261919 -13.1298 1.8
      vertex 6.34699 -9.91901 1.8
      vertex 5.18899 -9.05201 1.8
    endloop
  endfacet
  facet normal 0 0 1
    outer loop
      vertex 0.0261919 -13.1298 1.8
      vertex 5.18899 -9.05201 1.8
      vertex 4.64899 -8.54201 1.8
    endloop
  endfacet
  facet normal 0 0 1
    outer loop
      vertex 0.940009 -0.619007 1.8
      vertex 2.213 -2.93401 1.8
      vertex 1.05601 -0.645008 1.8
    endloop
  endfacet
  facet normal 0 0 1
    outer loop
      vertex 2.213 -2.93401 1.8
      vertex 0.940009 -0.619007 1.8
      vertex 2.18 -3.20301 1.8
    endloop
  endfacet
  facet normal 0 0 1
    outer loop
      vertex 0.807014 -0.534 1.8
      vertex 2.18 -3.20301 1.8
      vertex 0.940009 -0.619007 1.8
    endloop
  endfacet
  facet normal 0 0 1
    outer loop
      vertex 2.18 -3.20301 1.8
      vertex 0.807014 -0.534 1.8
      vertex 2.18 -3.85901 1.8
    endloop
  endfacet
  facet normal 0 0 1
    outer loop
      vertex 0.734 -0.440006 1.8
      vertex 2.18 -3.85901 1.8
      vertex 0.807014 -0.534 1.8
    endloop
  endfacet
  facet normal 0 0 1
    outer loop
      vertex 2.18 -3.85901 1.8
      vertex 0.734 -0.440006 1.8
      vertex 2.288 -4.67501 1.8
    endloop
  endfacet
  facet normal 0 0 1
    outer loop
      vertex 0.0261919 -13.1298 1.8
      vertex 2.288 -4.67501 1.8
      vertex 0.734 -0.440006 1.8
    endloop
  endfacet
  facet normal -0 0 1
    outer loop
      vertex 0.328317 15.0208 1.8
      vertex 3.004 14.649 1.8
      vertex 0.549027 15.4687 1.8
    endloop
  endfacet
  facet normal 0 0 1
    outer loop
      vertex 3.02801 14.459 1.8
      vertex 0.328317 15.0208 1.8
      vertex 0.167866 14.5478 1.8
    endloop
  endfacet
  facet normal 0 0 1
    outer loop
      vertex 3.02801 14.459 1.8
      vertex 0.167866 14.5478 1.8
      vertex 0.157363 14.5085 1.8
    endloop
  endfacet
  facet normal 0 0 1
    outer loop
      vertex 0.157363 14.5085 1.8
      vertex 0.167866 14.5478 1.8
      vertex 0.161328 14.5285 1.8
    endloop
  endfacet
  facet normal 0 0 1
    outer loop
      vertex 3.02801 14.459 1.8
      vertex 0.157363 14.5085 1.8
      vertex 0.0601181 14.0188 1.8
    endloop
  endfacet
  facet normal 0 0 1
    outer loop
      vertex 3.02801 14.459 1.8
      vertex 0.0601181 14.0188 1.8
      vertex 0.0275176 13.5204 1.8
    endloop
  endfacet
  facet normal 0 0 1
    outer loop
      vertex 3.11101 14.328 1.8
      vertex 0.0275176 13.5204 1.8
      vertex 0.0261919 13.5001 1.8
    endloop
  endfacet
  facet normal 0 0 1
    outer loop
      vertex 0.653007 1.12399 1.8
      vertex 0.0261919 13.5001 1.8
      vertex 0.653007 0.055995 1.8
    endloop
  endfacet
  facet normal 0 0 1
    outer loop
      vertex 7.46 -10.856 1.8
      vertex 0.0261919 -13.1298 1.8
      vertex 8.958 -13.117 1.8
    endloop
  endfacet
  facet normal 0 0 1
    outer loop
      vertex 3.88901 -7.478 1.8
      vertex 0.0261919 -13.1298 1.8
      vertex 4.64899 -8.54201 1.8
    endloop
  endfacet
  facet normal 0 0 1
    outer loop
      vertex 2.39501 -5.05201 1.8
      vertex 0.0261919 -13.1298 1.8
      vertex 3.88901 -7.478 1.8
    endloop
  endfacet
  facet normal 0 0 1
    outer loop
      vertex 2.288 -4.67501 1.8
      vertex 0.0261919 -13.1298 1.8
      vertex 2.39501 -5.05201 1.8
    endloop
  endfacet
  facet normal 0 0 1
    outer loop
      vertex 0.687003 -0.289005 1.8
      vertex 0.0261919 -13.1298 1.8
      vertex 0.734 -0.440006 1.8
    endloop
  endfacet
  facet normal 0 0 1
    outer loop
      vertex 0.653007 0.055995 1.8
      vertex 0.0261919 -13.1298 1.8
      vertex 0.687003 -0.289005 1.8
    endloop
  endfacet
  facet normal 0 0 1
    outer loop
      vertex 0.0261919 -13.1298 1.8
      vertex 0.653007 0.055995 1.8
      vertex 0.0261919 13.5001 1.8
    endloop
  endfacet
  facet normal -0.598755 0.800932 0
    outer loop
      vertex 45.027 12.937 1.8
      vertex 44.821 12.783 2.4
      vertex 45.027 12.937 2.4
    endloop
  endfacet
  facet normal -0.598755 0.800932 0
    outer loop
      vertex 44.821 12.783 2.4
      vertex 45.027 12.937 1.8
      vertex 44.821 12.783 1.8
    endloop
  endfacet
  facet normal -0.863919 0.50363 0
    outer loop
      vertex 45.027 12.937 1.8
      vertex 45.157 13.16 2.4
      vertex 45.157 13.16 1.8
    endloop
  endfacet
  facet normal -0.863919 0.50363 0
    outer loop
      vertex 45.157 13.16 2.4
      vertex 45.027 12.937 1.8
      vertex 45.027 12.937 2.4
    endloop
  endfacet
  facet normal -0.983739 0.179604 0
    outer loop
      vertex 45.157 13.16 1.8
      vertex 45.201 13.401 2.4
      vertex 45.201 13.401 1.8
    endloop
  endfacet
  facet normal -0.983739 0.179604 0
    outer loop
      vertex 45.201 13.401 2.4
      vertex 45.157 13.16 1.8
      vertex 45.157 13.16 2.4
    endloop
  endfacet
  facet normal -0.984001 -0.178162 0
    outer loop
      vertex 45.201 13.401 1.8
      vertex 45.136 13.76 2.4
      vertex 45.136 13.76 1.8
    endloop
  endfacet
  facet normal -0.984001 -0.178162 0
    outer loop
      vertex 45.136 13.76 2.4
      vertex 45.201 13.401 1.8
      vertex 45.201 13.401 2.4
    endloop
  endfacet
  facet normal -0.879175 -0.476499 0
    outer loop
      vertex 45.136 13.76 1.8
      vertex 44.852 14.284 2.4
      vertex 44.852 14.284 1.8
    endloop
  endfacet
  facet normal -0.879175 -0.476499 0
    outer loop
      vertex 44.852 14.284 2.4
      vertex 45.136 13.76 1.8
      vertex 45.136 13.76 2.4
    endloop
  endfacet
  facet normal -0.967402 -0.253247 0
    outer loop
      vertex 44.852 14.284 1.8
      vertex 44.802 14.475 2.4
      vertex 44.802 14.475 1.8
    endloop
  endfacet
  facet normal -0.967402 -0.253247 0
    outer loop
      vertex 44.802 14.475 2.4
      vertex 44.852 14.284 1.8
      vertex 44.852 14.284 2.4
    endloop
  endfacet
  facet normal -0.995347 0.0963604 0
    outer loop
      vertex 44.802 14.475 1.8
      vertex 44.887 15.353 2.4
      vertex 44.887 15.353 1.8
    endloop
  endfacet
  facet normal -0.995347 0.0963604 0
    outer loop
      vertex 44.887 15.353 2.4
      vertex 44.802 14.475 1.8
      vertex 44.802 14.475 2.4
    endloop
  endfacet
  facet normal -0.994151 -0.108003 0
    outer loop
      vertex 44.887 15.353 1.8
      vertex 44.804 16.117 2.4
      vertex 44.804 16.117 1.8
    endloop
  endfacet
  facet normal -0.994151 -0.108003 0
    outer loop
      vertex 44.804 16.117 2.4
      vertex 44.887 15.353 1.8
      vertex 44.887 15.353 2.4
    endloop
  endfacet
  facet normal -0.957711 -0.287733 0
    outer loop
      vertex 44.6 16.797 1.8
      vertex 44.6274 16.7058 2.4
      vertex 44.6 16.797 2.38843
    endloop
  endfacet
  facet normal -0.957826 -0.287348 6.38551e-05
    outer loop
      vertex 44.804 16.117 1.8
      vertex 44.6274 16.7058 2.4
      vertex 44.6 16.797 1.8
    endloop
  endfacet
  facet normal -0.957844 -0.287288 0
    outer loop
      vertex 44.6274 16.7058 2.4
      vertex 44.804 16.117 1.8
      vertex 44.804 16.117 2.4
    endloop
  endfacet
  facet normal -0.910491 -0.41353 0
    outer loop
      vertex 44.6 16.797 1.8
      vertex 44.486 17.048 2.31776
      vertex 44.486 17.048 1.8
    endloop
  endfacet
  facet normal -0.910502 -0.413504 -1.51656e-05
    outer loop
      vertex 44.486 17.048 2.31776
      vertex 44.6 16.797 1.8
      vertex 44.5474 16.9128 2.37374
    endloop
  endfacet
  facet normal -0.910474 -0.413566 0
    outer loop
      vertex 44.5474 16.9128 2.37374
      vertex 44.6 16.797 1.8
      vertex 44.6 16.797 2.38843
    endloop
  endfacet
  facet normal -0.958219 0.286036 0
    outer loop
      vertex 44.486 17.048 1.8
      vertex 44.566 17.316 2.10867
      vertex 44.566 17.316 1.8
    endloop
  endfacet
  facet normal -0.958174 0.286188 -0.000143962
    outer loop
      vertex 44.566 17.316 2.10867
      vertex 44.486 17.048 1.8
      vertex 44.5527 17.2715 2.16669
    endloop
  endfacet
  facet normal -0.958185 0.28615 -0.000118841
    outer loop
      vertex 44.5527 17.2715 2.16669
      vertex 44.486 17.048 1.8
      vertex 44.5032 17.1058 2.29382
    endloop
  endfacet
  facet normal -0.958463 0.285217 0
    outer loop
      vertex 44.5032 17.1058 2.29382
      vertex 44.486 17.048 1.8
      vertex 44.486 17.048 2.31776
    endloop
  endfacet
  facet normal -0.638635 0.76951 -8.64218e-05
    outer loop
      vertex 44.566 17.316 1.8
      vertex 44.6655 17.3986 2.001
      vertex 44.7618 17.4785 1.80805
    endloop
  endfacet
  facet normal -0.638846 0.769271 0.00988602
    outer loop
      vertex 44.566 17.316 1.8
      vertex 44.7618 17.4785 1.80805
      vertex 44.763 17.4796 1.8
    endloop
  endfacet
  facet normal -0.638738 0.769424 0
    outer loop
      vertex 44.6655 17.3986 2.001
      vertex 44.566 17.316 1.8
      vertex 44.566 17.316 2.10867
    endloop
  endfacet
  facet normal 0.992348 -0.12347 -0.000212417
    outer loop
      vertex 39.874 17.108 1.8
      vertex 39.9201 17.4785 1.80805
      vertex 39.9102 17.3986 2.001
    endloop
  endfacet
  facet normal 0.992334 -0.123583 -4.57624e-05
    outer loop
      vertex 39.874 17.108 1.8
      vertex 39.9102 17.3986 2.001
      vertex 39.8953 17.2789 2.15699
    endloop
  endfacet
  facet normal 0.991652 -0.128922 0.00255052
    outer loop
      vertex 39.874 17.108 1.8
      vertex 39.8953 17.2789 2.15699
      vertex 39.8943 17.2714 2.16669
    endloop
  endfacet
  facet normal 0.992371 -0.123287 0
    outer loop
      vertex 39.874 17.108 1.8
      vertex 39.8943 17.2714 2.16669
      vertex 39.874 17.108 2.2921
    endloop
  endfacet
  facet normal 0.992297 -0.123637 0.0077589
    outer loop
      vertex 39.9201 17.4785 1.80805
      vertex 39.874 17.108 1.8
      vertex 39.9203 17.4796 1.8
    endloop
  endfacet
  facet normal 0.998969 0.0454077 0
    outer loop
      vertex 39.8741 17.1058 2.29382
      vertex 39.874 17.108 1.8
      vertex 39.874 17.108 2.2921
    endloop
  endfacet
  facet normal 0.999215 0.0396057 -2.58979e-05
    outer loop
      vertex 39.8813 16.9242 2.36902
      vertex 39.874 17.108 1.8
      vertex 39.8741 17.1058 2.29382
    endloop
  endfacet
  facet normal 0.99901 0.0444552 0.00154315
    outer loop
      vertex 39.8818 16.9128 2.37374
      vertex 39.874 17.108 1.8
      vertex 39.8813 16.9242 2.36902
    endloop
  endfacet
  facet normal 0.9992 0.0399913 2.18524e-05
    outer loop
      vertex 39.8896 16.7179 2.39846
      vertex 39.874 17.108 1.8
      vertex 39.8818 16.9128 2.37374
    endloop
  endfacet
  facet normal 0.999471 0.0321241 -0.00511336
    outer loop
      vertex 39.89 16.7057 2.4
      vertex 39.874 17.108 1.8
      vertex 39.8896 16.7179 2.39846
    endloop
  endfacet
  facet normal 0.9992 0.0399909 -0
    outer loop
      vertex 39.911 16.181 1.8
      vertex 39.89 16.7057 2.4
      vertex 39.911 16.181 2.4
    endloop
  endfacet
  facet normal 0.999204 0.0398819 9.53933e-05
    outer loop
      vertex 39.89 16.7057 2.4
      vertex 39.911 16.181 1.8
      vertex 39.874 17.108 1.8
    endloop
  endfacet
  facet normal 0.983567 0.180545 0
    outer loop
      vertex 39.978 15.816 2.4
      vertex 39.911 16.181 1.8
      vertex 39.911 16.181 2.4
    endloop
  endfacet
  facet normal 0.983567 0.180545 0
    outer loop
      vertex 39.911 16.181 1.8
      vertex 39.978 15.816 2.4
      vertex 39.978 15.816 1.8
    endloop
  endfacet
  facet normal 0.947731 0.31907 0
    outer loop
      vertex 40.079 15.516 2.4
      vertex 39.978 15.816 1.8
      vertex 39.978 15.816 2.4
    endloop
  endfacet
  facet normal 0.947731 0.31907 0
    outer loop
      vertex 39.978 15.816 1.8
      vertex 40.079 15.516 2.4
      vertex 40.079 15.516 1.8
    endloop
  endfacet
  facet normal 0.876782 0.480888 0
    outer loop
      vertex 40.294 15.124 2.4
      vertex 40.079 15.516 1.8
      vertex 40.079 15.516 2.4
    endloop
  endfacet
  facet normal 0.876782 0.480888 0
    outer loop
      vertex 40.079 15.516 1.8
      vertex 40.294 15.124 2.4
      vertex 40.294 15.124 1.8
    endloop
  endfacet
  facet normal 0.791426 0.611264 0
    outer loop
      vertex 40.484 14.878 2.4
      vertex 40.294 15.124 1.8
      vertex 40.294 15.124 2.4
    endloop
  endfacet
  facet normal 0.791426 0.611264 0
    outer loop
      vertex 40.294 15.124 1.8
      vertex 40.484 14.878 2.4
      vertex 40.484 14.878 1.8
    endloop
  endfacet
  facet normal 0.700932 0.713229 -0
    outer loop
      vertex 40.832 14.536 1.8
      vertex 40.484 14.878 2.4
      vertex 40.832 14.536 2.4
    endloop
  endfacet
  facet normal 0.700932 0.713229 0
    outer loop
      vertex 40.484 14.878 2.4
      vertex 40.832 14.536 1.8
      vertex 40.484 14.878 1.8
    endloop
  endfacet
  facet normal 0.535804 0.844343 -0
    outer loop
      vertex 41.393 14.18 1.8
      vertex 40.832 14.536 2.4
      vertex 41.393 14.18 2.4
    endloop
  endfacet
  facet normal 0.535804 0.844343 0
    outer loop
      vertex 40.832 14.536 2.4
      vertex 41.393 14.18 1.8
      vertex 40.832 14.536 1.8
    endloop
  endfacet
  facet normal 0.398343 0.917237 -0
    outer loop
      vertex 42.268 13.8 1.8
      vertex 41.393 14.18 2.4
      vertex 42.268 13.8 2.4
    endloop
  endfacet
  facet normal 0.398343 0.917237 0
    outer loop
      vertex 41.393 14.18 2.4
      vertex 42.268 13.8 1.8
      vertex 41.393 14.18 1.8
    endloop
  endfacet
  facet normal 0.297237 0.954804 -0
    outer loop
      vertex 43.63 13.376 1.8
      vertex 42.268 13.8 2.4
      vertex 43.63 13.376 2.4
    endloop
  endfacet
  facet normal 0.297237 0.954804 0
    outer loop
      vertex 42.268 13.8 2.4
      vertex 43.63 13.376 1.8
      vertex 42.268 13.8 1.8
    endloop
  endfacet
  facet normal 0.608936 0.793219 -0
    outer loop
      vertex 43.729 13.3 1.8
      vertex 43.63 13.376 2.4
      vertex 43.729 13.3 2.4
    endloop
  endfacet
  facet normal 0.608936 0.793219 0
    outer loop
      vertex 43.63 13.376 2.4
      vertex 43.729 13.3 1.8
      vertex 43.63 13.376 1.8
    endloop
  endfacet
  facet normal 0.790724 0.612173 0
    outer loop
      vertex 44.041 12.897 2.4
      vertex 43.729 13.3 1.8
      vertex 43.729 13.3 2.4
    endloop
  endfacet
  facet normal 0.790724 0.612173 0
    outer loop
      vertex 43.729 13.3 1.8
      vertex 44.041 12.897 2.4
      vertex 44.041 12.897 1.8
    endloop
  endfacet
  facet normal 0.452267 0.891883 -0
    outer loop
      vertex 44.323 12.754 1.8
      vertex 44.041 12.897 2.4
      vertex 44.323 12.754 2.4
    endloop
  endfacet
  facet normal 0.452267 0.891883 0
    outer loop
      vertex 44.041 12.897 2.4
      vertex 44.323 12.754 1.8
      vertex 44.041 12.897 1.8
    endloop
  endfacet
  facet normal 0.120092 0.992763 -0
    outer loop
      vertex 44.571 12.724 1.8
      vertex 44.323 12.754 2.4
      vertex 44.571 12.724 2.4
    endloop
  endfacet
  facet normal 0.120092 0.992763 0
    outer loop
      vertex 44.323 12.754 2.4
      vertex 44.571 12.724 1.8
      vertex 44.323 12.754 1.8
    endloop
  endfacet
  facet normal -0.22969 0.973264 0
    outer loop
      vertex 44.821 12.783 1.8
      vertex 44.571 12.724 2.4
      vertex 44.821 12.783 2.4
    endloop
  endfacet
  facet normal -0.22969 0.973264 0
    outer loop
      vertex 44.571 12.724 2.4
      vertex 44.821 12.783 1.8
      vertex 44.571 12.724 1.8
    endloop
  endfacet
  facet normal -0.416558 0.909109 0
    outer loop
      vertex 9.281 -12.969 1.8
      vertex 8.958 -13.117 2.4
      vertex 9.281 -12.969 2.4
    endloop
  endfacet
  facet normal -0.416558 0.909109 0
    outer loop
      vertex 8.958 -13.117 2.4
      vertex 9.281 -12.969 1.8
      vertex 8.958 -13.117 1.8
    endloop
  endfacet
  facet normal -0.74063 0.671913 0
    outer loop
      vertex 9.281 -12.969 1.8
      vertex 9.41799 -12.818 2.4
      vertex 9.41799 -12.818 1.8
    endloop
  endfacet
  facet normal -0.74063 0.671913 0
    outer loop
      vertex 9.41799 -12.818 2.4
      vertex 9.281 -12.969 1.8
      vertex 9.281 -12.969 2.4
    endloop
  endfacet
  facet normal -0.89899 0.437969 0
    outer loop
      vertex 9.41799 -12.818 1.8
      vertex 9.49399 -12.662 2.4
      vertex 9.49399 -12.662 1.8
    endloop
  endfacet
  facet normal -0.89899 0.437969 0
    outer loop
      vertex 9.49399 -12.662 2.4
      vertex 9.41799 -12.818 1.8
      vertex 9.41799 -12.818 2.4
    endloop
  endfacet
  facet normal -0.996408 0.0846806 0
    outer loop
      vertex 9.49399 -12.662 1.8
      vertex 9.52399 -12.309 2.4
      vertex 9.52399 -12.309 1.8
    endloop
  endfacet
  facet normal -0.996408 0.0846806 0
    outer loop
      vertex 9.52399 -12.309 2.4
      vertex 9.49399 -12.662 1.8
      vertex 9.49399 -12.662 2.4
    endloop
  endfacet
  facet normal -0.936506 -0.350652 0
    outer loop
      vertex 9.52399 -12.309 1.8
      vertex 9.436 -12.074 2.4
      vertex 9.436 -12.074 1.8
    endloop
  endfacet
  facet normal -0.936506 -0.350652 0
    outer loop
      vertex 9.436 -12.074 2.4
      vertex 9.52399 -12.309 1.8
      vertex 9.52399 -12.309 2.4
    endloop
  endfacet
  facet normal -0.795919 -0.605403 0
    outer loop
      vertex 9.436 -12.074 1.8
      vertex 9.32799 -11.932 2.4
      vertex 9.32799 -11.932 1.8
    endloop
  endfacet
  facet normal -0.795919 -0.605403 0
    outer loop
      vertex 9.32799 -11.932 2.4
      vertex 9.436 -12.074 1.8
      vertex 9.436 -12.074 2.4
    endloop
  endfacet
  facet normal -0.577391 -0.816468 0
    outer loop
      vertex 9.14699 -11.804 1.8
      vertex 9.32799 -11.932 2.4
      vertex 9.14699 -11.804 2.4
    endloop
  endfacet
  facet normal -0.577391 -0.816468 -0
    outer loop
      vertex 9.32799 -11.932 2.4
      vertex 9.14699 -11.804 1.8
      vertex 9.32799 -11.932 1.8
    endloop
  endfacet
  facet normal -0.403292 -0.915071 0
    outer loop
      vertex 8.37099 -11.462 1.8
      vertex 9.14699 -11.804 2.4
      vertex 8.37099 -11.462 2.4
    endloop
  endfacet
  facet normal -0.403292 -0.915071 -0
    outer loop
      vertex 9.14699 -11.804 2.4
      vertex 8.37099 -11.462 1.8
      vertex 9.14699 -11.804 1.8
    endloop
  endfacet
  facet normal -0.55386 -0.832609 0
    outer loop
      vertex 7.46 -10.856 1.8
      vertex 8.37099 -11.462 2.4
      vertex 7.46 -10.856 2.4
    endloop
  endfacet
  facet normal -0.55386 -0.832609 -0
    outer loop
      vertex 8.37099 -11.462 2.4
      vertex 7.46 -10.856 1.8
      vertex 8.37099 -11.462 1.8
    endloop
  endfacet
  facet normal -0.644023 -0.765007 0
    outer loop
      vertex 6.34699 -9.91901 1.8
      vertex 7.46 -10.856 2.4
      vertex 6.34699 -9.91901 2.4
    endloop
  endfacet
  facet normal -0.644023 -0.765007 -0
    outer loop
      vertex 7.46 -10.856 2.4
      vertex 6.34699 -9.91901 1.8
      vertex 7.46 -10.856 1.8
    endloop
  endfacet
  facet normal -0.599336 -0.800497 0
    outer loop
      vertex 5.18899 -9.05201 1.8
      vertex 6.34699 -9.91901 2.4
      vertex 5.18899 -9.05201 2.4
    endloop
  endfacet
  facet normal -0.599336 -0.800497 -0
    outer loop
      vertex 6.34699 -9.91901 2.4
      vertex 5.18899 -9.05201 1.8
      vertex 6.34699 -9.91901 1.8
    endloop
  endfacet
  facet normal -0.686624 -0.727013 0
    outer loop
      vertex 4.64899 -8.54201 1.8
      vertex 5.18899 -9.05201 2.4
      vertex 4.64899 -8.54201 2.4
    endloop
  endfacet
  facet normal -0.686624 -0.727013 -0
    outer loop
      vertex 5.18899 -9.05201 2.4
      vertex 4.64899 -8.54201 1.8
      vertex 5.18899 -9.05201 1.8
    endloop
  endfacet
  facet normal -0.813743 -0.581224 0
    outer loop
      vertex 4.64899 -8.54201 1.8
      vertex 3.88901 -7.478 2.4
      vertex 3.88901 -7.478 1.8
    endloop
  endfacet
  facet normal -0.813743 -0.581224 0
    outer loop
      vertex 3.88901 -7.478 2.4
      vertex 4.64899 -8.54201 1.8
      vertex 4.64899 -8.54201 2.4
    endloop
  endfacet
  facet normal -0.851489 -0.524373 0
    outer loop
      vertex 3.88901 -7.478 1.8
      vertex 2.39501 -5.05201 2.4
      vertex 2.39501 -5.05201 1.8
    endloop
  endfacet
  facet normal -0.851489 -0.524373 0
    outer loop
      vertex 2.39501 -5.05201 2.4
      vertex 3.88901 -7.478 1.8
      vertex 3.88901 -7.478 2.4
    endloop
  endfacet
  facet normal -0.961997 -0.273059 0
    outer loop
      vertex 2.39501 -5.05201 1.8
      vertex 2.288 -4.67501 2.4
      vertex 2.288 -4.67501 1.8
    endloop
  endfacet
  facet normal -0.961997 -0.273059 0
    outer loop
      vertex 2.288 -4.67501 2.4
      vertex 2.39501 -5.05201 1.8
      vertex 2.39501 -5.05201 2.4
    endloop
  endfacet
  facet normal -0.991355 -0.131209 0
    outer loop
      vertex 2.288 -4.67501 1.8
      vertex 2.18 -3.85901 2.4
      vertex 2.18 -3.85901 1.8
    endloop
  endfacet
  facet normal -0.991355 -0.131209 0
    outer loop
      vertex 2.18 -3.85901 2.4
      vertex 2.288 -4.67501 1.8
      vertex 2.288 -4.67501 2.4
    endloop
  endfacet
  facet normal -1 0 0
    outer loop
      vertex 2.18 -3.85901 1.8
      vertex 2.18 -3.20301 2.4
      vertex 2.18 -3.20301 1.8
    endloop
  endfacet
  facet normal -1 -0 0
    outer loop
      vertex 2.18 -3.20301 2.4
      vertex 2.18 -3.85901 1.8
      vertex 2.18 -3.85901 2.4
    endloop
  endfacet
  facet normal -0.992559 0.121764 0
    outer loop
      vertex 2.18 -3.20301 1.8
      vertex 2.213 -2.93401 2.4
      vertex 2.213 -2.93401 1.8
    endloop
  endfacet
  facet normal -0.992559 0.121764 0
    outer loop
      vertex 2.213 -2.93401 2.4
      vertex 2.18 -3.20301 1.8
      vertex 2.18 -3.20301 2.4
    endloop
  endfacet
  facet normal -0.97446 0.224562 0
    outer loop
      vertex 2.213 -2.93401 1.8
      vertex 2.325 -2.448 2.4
      vertex 2.325 -2.448 1.8
    endloop
  endfacet
  facet normal -0.97446 0.224562 0
    outer loop
      vertex 2.325 -2.448 2.4
      vertex 2.213 -2.93401 1.8
      vertex 2.213 -2.93401 2.4
    endloop
  endfacet
  facet normal -0.949935 0.312449 0
    outer loop
      vertex 2.325 -2.448 1.8
      vertex 2.49801 -1.922 2.4
      vertex 2.49801 -1.922 1.8
    endloop
  endfacet
  facet normal -0.949935 0.312449 0
    outer loop
      vertex 2.49801 -1.922 2.4
      vertex 2.325 -2.448 1.8
      vertex 2.325 -2.448 2.4
    endloop
  endfacet
  facet normal -0.902529 0.430629 0
    outer loop
      vertex 2.49801 -1.922 1.8
      vertex 2.95701 -0.960011 2.4
      vertex 2.95701 -0.960011 1.8
    endloop
  endfacet
  facet normal -0.902529 0.430629 0
    outer loop
      vertex 2.95701 -0.960011 2.4
      vertex 2.49801 -1.922 1.8
      vertex 2.49801 -1.922 2.4
    endloop
  endfacet
  facet normal -0.798935 0.601418 0
    outer loop
      vertex 2.95701 -0.960011 1.8
      vertex 3.36201 -0.422001 2.4
      vertex 3.36201 -0.422001 1.8
    endloop
  endfacet
  facet normal -0.798935 0.601418 0
    outer loop
      vertex 3.36201 -0.422001 2.4
      vertex 2.95701 -0.960011 1.8
      vertex 2.95701 -0.960011 2.4
    endloop
  endfacet
  facet normal -0.710448 0.70375 0
    outer loop
      vertex 3.36201 -0.422001 1.8
      vertex 3.573 -0.209003 2.4
      vertex 3.573 -0.209003 1.8
    endloop
  endfacet
  facet normal -0.710448 0.70375 0
    outer loop
      vertex 3.573 -0.209003 2.4
      vertex 3.36201 -0.422001 1.8
      vertex 3.36201 -0.422001 2.4
    endloop
  endfacet
  facet normal -0.452031 0.892002 0
    outer loop
      vertex 3.79401 -0.0970039 1.8
      vertex 3.573 -0.209003 2.4
      vertex 3.79401 -0.0970039 2.4
    endloop
  endfacet
  facet normal -0.452031 0.892002 0
    outer loop
      vertex 3.573 -0.209003 2.4
      vertex 3.79401 -0.0970039 1.8
      vertex 3.573 -0.209003 1.8
    endloop
  endfacet
  facet normal -0.143481 0.989653 0
    outer loop
      vertex 4.26299 -0.0290108 1.8
      vertex 3.79401 -0.0970039 2.4
      vertex 4.26299 -0.0290108 2.4
    endloop
  endfacet
  facet normal -0.143481 0.989653 0
    outer loop
      vertex 3.79401 -0.0970039 2.4
      vertex 4.26299 -0.0290108 1.8
      vertex 3.79401 -0.0970039 1.8
    endloop
  endfacet
  facet normal -0.00761261 0.999971 0
    outer loop
      vertex 5.18299 -0.022007 1.8
      vertex 4.26299 -0.0290108 2.4
      vertex 5.18299 -0.022007 2.4
    endloop
  endfacet
  facet normal -0.00761261 0.999971 0
    outer loop
      vertex 4.26299 -0.0290108 2.4
      vertex 5.18299 -0.022007 1.8
      vertex 4.26299 -0.0290108 1.8
    endloop
  endfacet
  facet normal -0.301227 0.953553 0
    outer loop
      vertex 5.66099 0.128993 1.8
      vertex 5.18299 -0.022007 2.4
      vertex 5.66099 0.128993 2.4
    endloop
  endfacet
  facet normal -0.301227 0.953553 0
    outer loop
      vertex 5.18299 -0.022007 2.4
      vertex 5.66099 0.128993 1.8
      vertex 5.18299 -0.022007 1.8
    endloop
  endfacet
  facet normal -0.55427 0.832337 0
    outer loop
      vertex 6.11599 0.431987 1.8
      vertex 5.66099 0.128993 2.4
      vertex 6.11599 0.431987 2.4
    endloop
  endfacet
  facet normal -0.55427 0.832337 0
    outer loop
      vertex 5.66099 0.128993 2.4
      vertex 6.11599 0.431987 1.8
      vertex 5.66099 0.128993 1.8
    endloop
  endfacet
  facet normal -0.663938 0.747788 0
    outer loop
      vertex 6.76699 1.00999 1.8
      vertex 6.11599 0.431987 2.4
      vertex 6.76699 1.00999 2.4
    endloop
  endfacet
  facet normal -0.663938 0.747788 0
    outer loop
      vertex 6.11599 0.431987 2.4
      vertex 6.76699 1.00999 1.8
      vertex 6.11599 0.431987 1.8
    endloop
  endfacet
  facet normal -0.712617 0.701553 0
    outer loop
      vertex 6.76699 1.00999 1.8
      vertex 7.02 1.26699 2.4
      vertex 7.02 1.26699 1.8
    endloop
  endfacet
  facet normal -0.712617 0.701553 0
    outer loop
      vertex 7.02 1.26699 2.4
      vertex 6.76699 1.00999 1.8
      vertex 6.76699 1.00999 2.4
    endloop
  endfacet
  facet normal -0.799578 0.600562 0
    outer loop
      vertex 7.02 1.26699 1.8
      vertex 7.35499 1.71299 2.4
      vertex 7.35499 1.71299 1.8
    endloop
  endfacet
  facet normal -0.799578 0.600562 0
    outer loop
      vertex 7.35499 1.71299 2.4
      vertex 7.02 1.26699 1.8
      vertex 7.02 1.26699 2.4
    endloop
  endfacet
  facet normal -0.91731 0.398173 0
    outer loop
      vertex 7.35499 1.71299 1.8
      vertex 7.51299 2.07699 2.4
      vertex 7.51299 2.07699 1.8
    endloop
  endfacet
  facet normal -0.91731 0.398173 0
    outer loop
      vertex 7.51299 2.07699 2.4
      vertex 7.35499 1.71299 1.8
      vertex 7.35499 1.71299 2.4
    endloop
  endfacet
  facet normal -0.978529 0.206108 0
    outer loop
      vertex 7.51299 2.07699 1.8
      vertex 7.61999 2.58499 2.4
      vertex 7.61999 2.58499 1.8
    endloop
  endfacet
  facet normal -0.978529 0.206108 0
    outer loop
      vertex 7.61999 2.58499 2.4
      vertex 7.51299 2.07699 1.8
      vertex 7.51299 2.07699 2.4
    endloop
  endfacet
  facet normal -0.995964 0.089749 0
    outer loop
      vertex 7.61999 2.58499 1.8
      vertex 7.66 3.02899 2.4
      vertex 7.66 3.02899 1.8
    endloop
  endfacet
  facet normal -0.995964 0.089749 0
    outer loop
      vertex 7.66 3.02899 2.4
      vertex 7.61999 2.58499 1.8
      vertex 7.61999 2.58499 2.4
    endloop
  endfacet
  facet normal -0.999997 0.00261151 0
    outer loop
      vertex 7.66 3.02899 1.8
      vertex 7.66199 3.791 2.4
      vertex 7.66199 3.791 1.8
    endloop
  endfacet
  facet normal -0.999997 0.00261151 0
    outer loop
      vertex 7.66199 3.791 2.4
      vertex 7.66 3.02899 1.8
      vertex 7.66 3.02899 2.4
    endloop
  endfacet
  facet normal -0.994748 0.102358 0
    outer loop
      vertex 7.66199 3.791 1.8
      vertex 7.73299 4.481 2.4
      vertex 7.73299 4.481 1.8
    endloop
  endfacet
  facet normal -0.994748 0.102358 0
    outer loop
      vertex 7.73299 4.481 2.4
      vertex 7.66199 3.791 1.8
      vertex 7.66199 3.791 2.4
    endloop
  endfacet
  facet normal -0.919727 0.392558 0
    outer loop
      vertex 7.73299 4.481 1.8
      vertex 7.835 4.72 2.4
      vertex 7.835 4.72 1.8
    endloop
  endfacet
  facet normal -0.919727 0.392558 0
    outer loop
      vertex 7.835 4.72 2.4
      vertex 7.73299 4.481 1.8
      vertex 7.73299 4.481 2.4
    endloop
  endfacet
  facet normal -0.72235 0.691527 0
    outer loop
      vertex 7.835 4.72 1.8
      vertex 8.104 5.00099 2.4
      vertex 8.104 5.00099 1.8
    endloop
  endfacet
  facet normal -0.72235 0.691527 0
    outer loop
      vertex 8.104 5.00099 2.4
      vertex 7.835 4.72 1.8
      vertex 7.835 4.72 2.4
    endloop
  endfacet
  facet normal -0.854376 0.519656 0
    outer loop
      vertex 8.104 5.00099 1.8
      vertex 8.29499 5.315 2.4
      vertex 8.29499 5.315 1.8
    endloop
  endfacet
  facet normal -0.854376 0.519656 0
    outer loop
      vertex 8.29499 5.315 2.4
      vertex 8.104 5.00099 1.8
      vertex 8.104 5.00099 2.4
    endloop
  endfacet
  facet normal -0.972172 0.234268 0
    outer loop
      vertex 8.29499 5.315 1.8
      vertex 8.35499 5.56399 2.4
      vertex 8.35499 5.56399 1.8
    endloop
  endfacet
  facet normal -0.972172 0.234268 0
    outer loop
      vertex 8.35499 5.56399 2.4
      vertex 8.29499 5.315 1.8
      vertex 8.29499 5.315 2.4
    endloop
  endfacet
  facet normal -0.99053 -0.137295 0
    outer loop
      vertex 8.35499 5.56399 1.8
      vertex 8.322 5.802 2.4
      vertex 8.322 5.802 1.8
    endloop
  endfacet
  facet normal -0.99053 -0.137295 0
    outer loop
      vertex 8.322 5.802 2.4
      vertex 8.35499 5.56399 1.8
      vertex 8.35499 5.56399 2.4
    endloop
  endfacet
  facet normal -0.859855 -0.510539 0
    outer loop
      vertex 8.322 5.802 1.8
      vertex 8.208 5.994 2.4
      vertex 8.208 5.994 1.8
    endloop
  endfacet
  facet normal -0.859855 -0.510539 0
    outer loop
      vertex 8.208 5.994 2.4
      vertex 8.322 5.802 1.8
      vertex 8.322 5.802 2.4
    endloop
  endfacet
  facet normal -0.593477 -0.804851 0
    outer loop
      vertex 8.029 6.12599 1.8
      vertex 8.208 5.994 2.4
      vertex 8.029 6.12599 2.4
    endloop
  endfacet
  facet normal -0.593477 -0.804851 -0
    outer loop
      vertex 8.208 5.994 2.4
      vertex 8.029 6.12599 1.8
      vertex 8.208 5.994 1.8
    endloop
  endfacet
  facet normal -0.245736 -0.969337 0
    outer loop
      vertex 7.81599 6.17999 1.8
      vertex 8.029 6.12599 2.4
      vertex 7.81599 6.17999 2.4
    endloop
  endfacet
  facet normal -0.245736 -0.969337 -0
    outer loop
      vertex 8.029 6.12599 2.4
      vertex 7.81599 6.17999 1.8
      vertex 8.029 6.12599 1.8
    endloop
  endfacet
  facet normal 0.104239 -0.994552 0
    outer loop
      vertex 7.60599 6.15798 1.8
      vertex 7.81599 6.17999 2.4
      vertex 7.60599 6.15798 2.4
    endloop
  endfacet
  facet normal 0.104239 -0.994552 0
    outer loop
      vertex 7.81599 6.17999 2.4
      vertex 7.60599 6.15798 1.8
      vertex 7.81599 6.17999 1.8
    endloop
  endfacet
  facet normal 0.376616 -0.926369 0
    outer loop
      vertex 7.21 5.99699 1.8
      vertex 7.60599 6.15798 2.4
      vertex 7.21 5.99699 2.4
    endloop
  endfacet
  facet normal 0.376616 -0.926369 0
    outer loop
      vertex 7.60599 6.15798 2.4
      vertex 7.21 5.99699 1.8
      vertex 7.60599 6.15798 1.8
    endloop
  endfacet
  facet normal 0.61742 -0.786634 0
    outer loop
      vertex 6.852 5.716 1.8
      vertex 7.21 5.99699 2.4
      vertex 6.852 5.716 2.4
    endloop
  endfacet
  facet normal 0.61742 -0.786634 0
    outer loop
      vertex 7.21 5.99699 2.4
      vertex 6.852 5.716 1.8
      vertex 7.21 5.99699 1.8
    endloop
  endfacet
  facet normal 0.372393 -0.928075 0
    outer loop
      vertex 6.52799 5.58599 1.8
      vertex 6.852 5.716 2.4
      vertex 6.52799 5.58599 2.4
    endloop
  endfacet
  facet normal 0.372393 -0.928075 0
    outer loop
      vertex 6.852 5.716 2.4
      vertex 6.52799 5.58599 1.8
      vertex 6.852 5.716 1.8
    endloop
  endfacet
  facet normal 0.10307 -0.994674 0
    outer loop
      vertex 5.47599 5.47698 1.8
      vertex 6.52799 5.58599 2.4
      vertex 5.47599 5.47698 2.4
    endloop
  endfacet
  facet normal 0.10307 -0.994674 0
    outer loop
      vertex 6.52799 5.58599 2.4
      vertex 5.47599 5.47698 1.8
      vertex 6.52799 5.58599 1.8
    endloop
  endfacet
  facet normal 0.241745 -0.97034 0
    outer loop
      vertex 4.878 5.328 1.8
      vertex 5.47599 5.47698 2.4
      vertex 4.878 5.328 2.4
    endloop
  endfacet
  facet normal 0.241745 -0.97034 0
    outer loop
      vertex 5.47599 5.47698 2.4
      vertex 4.878 5.328 1.8
      vertex 5.47599 5.47698 1.8
    endloop
  endfacet
  facet normal 0.422098 -0.90655 0
    outer loop
      vertex 4.36899 5.091 1.8
      vertex 4.878 5.328 2.4
      vertex 4.36899 5.091 2.4
    endloop
  endfacet
  facet normal 0.422098 -0.90655 0
    outer loop
      vertex 4.878 5.328 2.4
      vertex 4.36899 5.091 1.8
      vertex 4.878 5.328 1.8
    endloop
  endfacet
  facet normal 0.58828 -0.808657 0
    outer loop
      vertex 3.80401 4.67999 1.8
      vertex 4.36899 5.091 2.4
      vertex 3.80401 4.67999 2.4
    endloop
  endfacet
  facet normal 0.58828 -0.808657 0
    outer loop
      vertex 4.36899 5.091 2.4
      vertex 3.80401 4.67999 1.8
      vertex 4.36899 5.091 1.8
    endloop
  endfacet
  facet normal 0.707095 -0.707119 0
    outer loop
      vertex 3.217 4.093 1.8
      vertex 3.80401 4.67999 2.4
      vertex 3.217 4.093 2.4
    endloop
  endfacet
  facet normal 0.707095 -0.707119 0
    outer loop
      vertex 3.80401 4.67999 2.4
      vertex 3.217 4.093 1.8
      vertex 3.80401 4.67999 1.8
    endloop
  endfacet
  facet normal 0.765879 -0.642985 0
    outer loop
      vertex 2.83501 3.638 2.4
      vertex 3.217 4.093 1.8
      vertex 3.217 4.093 2.4
    endloop
  endfacet
  facet normal 0.765879 -0.642985 0
    outer loop
      vertex 3.217 4.093 1.8
      vertex 2.83501 3.638 2.4
      vertex 2.83501 3.638 1.8
    endloop
  endfacet
  facet normal 0.811346 -0.584566 0
    outer loop
      vertex 2.536 3.22299 2.4
      vertex 2.83501 3.638 1.8
      vertex 2.83501 3.638 2.4
    endloop
  endfacet
  facet normal 0.811346 -0.584566 0
    outer loop
      vertex 2.83501 3.638 1.8
      vertex 2.536 3.22299 2.4
      vertex 2.536 3.22299 1.8
    endloop
  endfacet
  facet normal 0.897362 -0.441295 0
    outer loop
      vertex 2.297 2.73699 2.4
      vertex 2.536 3.22299 1.8
      vertex 2.536 3.22299 2.4
    endloop
  endfacet
  facet normal 0.897362 -0.441295 0
    outer loop
      vertex 2.536 3.22299 1.8
      vertex 2.297 2.73699 2.4
      vertex 2.297 2.73699 1.8
    endloop
  endfacet
  facet normal 0.956027 -0.293279 0
    outer loop
      vertex 2.16601 2.30999 2.4
      vertex 2.297 2.73699 1.8
      vertex 2.297 2.73699 2.4
    endloop
  endfacet
  facet normal 0.956027 -0.293279 0
    outer loop
      vertex 2.297 2.73699 1.8
      vertex 2.16601 2.30999 2.4
      vertex 2.16601 2.30999 1.8
    endloop
  endfacet
  facet normal 0.990462 -0.137784 0
    outer loop
      vertex 2.11301 1.929 2.4
      vertex 2.16601 2.30999 1.8
      vertex 2.16601 2.30999 2.4
    endloop
  endfacet
  facet normal 0.990462 -0.137784 0
    outer loop
      vertex 2.16601 2.30999 1.8
      vertex 2.11301 1.929 2.4
      vertex 2.11301 1.929 1.8
    endloop
  endfacet
  facet normal 0.999755 0.0221141 0
    outer loop
      vertex 2.12 1.61299 2.4
      vertex 2.11301 1.929 1.8
      vertex 2.11301 1.929 2.4
    endloop
  endfacet
  facet normal 0.999755 0.0221141 0
    outer loop
      vertex 2.11301 1.929 1.8
      vertex 2.12 1.61299 2.4
      vertex 2.12 1.61299 1.8
    endloop
  endfacet
  facet normal 0.985535 0.169473 0
    outer loop
      vertex 2.277 0.699992 2.4
      vertex 2.12 1.61299 1.8
      vertex 2.12 1.61299 2.4
    endloop
  endfacet
  facet normal 0.985535 0.169473 0
    outer loop
      vertex 2.12 1.61299 1.8
      vertex 2.277 0.699992 2.4
      vertex 2.277 0.699992 1.8
    endloop
  endfacet
  facet normal 0.984281 -0.176609 0
    outer loop
      vertex 2.24201 0.504985 2.4
      vertex 2.277 0.699992 1.8
      vertex 2.277 0.699992 2.4
    endloop
  endfacet
  facet normal 0.984281 -0.176609 0
    outer loop
      vertex 2.277 0.699992 1.8
      vertex 2.24201 0.504985 2.4
      vertex 2.24201 0.504985 1.8
    endloop
  endfacet
  facet normal 0.762421 -0.647082 0
    outer loop
      vertex 1.35001 -0.546009 2.4
      vertex 2.24201 0.504985 1.8
      vertex 2.24201 0.504985 2.4
    endloop
  endfacet
  facet normal 0.762421 -0.647082 0
    outer loop
      vertex 2.24201 0.504985 1.8
      vertex 1.35001 -0.546009 2.4
      vertex 1.35001 -0.546009 1.8
    endloop
  endfacet
  facet normal 0.499489 -0.86632 0
    outer loop
      vertex 1.213 -0.625004 1.8
      vertex 1.35001 -0.546009 2.4
      vertex 1.213 -0.625004 2.4
    endloop
  endfacet
  facet normal 0.499489 -0.86632 0
    outer loop
      vertex 1.35001 -0.546009 2.4
      vertex 1.213 -0.625004 1.8
      vertex 1.35001 -0.546009 1.8
    endloop
  endfacet
  facet normal 0.1264 -0.991979 0
    outer loop
      vertex 1.05601 -0.645008 1.8
      vertex 1.213 -0.625004 2.4
      vertex 1.05601 -0.645008 2.4
    endloop
  endfacet
  facet normal 0.1264 -0.991979 0
    outer loop
      vertex 1.213 -0.625004 2.4
      vertex 1.05601 -0.645008 1.8
      vertex 1.213 -0.625004 1.8
    endloop
  endfacet
  facet normal -0.218718 -0.975788 0
    outer loop
      vertex 0.940009 -0.619007 1.8
      vertex 1.05601 -0.645008 2.4
      vertex 0.940009 -0.619007 2.4
    endloop
  endfacet
  facet normal -0.218718 -0.975788 -0
    outer loop
      vertex 1.05601 -0.645008 2.4
      vertex 0.940009 -0.619007 1.8
      vertex 1.05601 -0.645008 1.8
    endloop
  endfacet
  facet normal -0.53856 -0.842587 0
    outer loop
      vertex 0.807014 -0.534 1.8
      vertex 0.940009 -0.619007 2.4
      vertex 0.807014 -0.534 2.4
    endloop
  endfacet
  facet normal -0.53856 -0.842587 -0
    outer loop
      vertex 0.940009 -0.619007 2.4
      vertex 0.807014 -0.534 1.8
      vertex 0.940009 -0.619007 1.8
    endloop
  endfacet
  facet normal -0.789728 -0.613457 0
    outer loop
      vertex 0.807014 -0.534 1.8
      vertex 0.734 -0.440006 2.39163
      vertex 0.734 -0.440006 1.8
    endloop
  endfacet
  facet normal -0.78973 -0.613454 -6.27739e-07
    outer loop
      vertex 0.734 -0.440006 2.39163
      vertex 0.807014 -0.534 1.8
      vertex 0.800003 -0.524975 2.4
    endloop
  endfacet
  facet normal -0.78971 -0.61348 0
    outer loop
      vertex 0.800003 -0.524975 2.4
      vertex 0.807014 -0.534 1.8
      vertex 0.807014 -0.534 2.4
    endloop
  endfacet
  facet normal -0.954823 -0.297176 0
    outer loop
      vertex 0.734 -0.440006 1.8
      vertex 0.687003 -0.289005 2.38567
      vertex 0.687003 -0.289005 1.8
    endloop
  endfacet
  facet normal -0.954823 -0.297176 0
    outer loop
      vertex 0.687003 -0.289005 2.38567
      vertex 0.734 -0.440006 1.8
      vertex 0.734 -0.440006 2.39163
    endloop
  endfacet
  facet normal -0.99518 -0.0980642 0
    outer loop
      vertex 0.687003 -0.289005 1.8
      vertex 0.653007 0.055995 2.38136
      vertex 0.653007 0.055995 1.8
    endloop
  endfacet
  facet normal -0.99518 -0.0980642 0
    outer loop
      vertex 0.653007 0.055995 2.38136
      vertex 0.687003 -0.289005 1.8
      vertex 0.687003 -0.289005 2.38567
    endloop
  endfacet
  facet normal -1 0 0
    outer loop
      vertex 0.653007 0.055995 1.8
      vertex 0.653007 1.12399 2.38136
      vertex 0.653007 1.12399 1.8
    endloop
  endfacet
  facet normal -1 -0 0
    outer loop
      vertex 0.653007 1.12399 2.38136
      vertex 0.653007 0.055995 1.8
      vertex 0.653007 0.055995 2.38136
    endloop
  endfacet
  facet normal -0.995894 0.09053 0
    outer loop
      vertex 0.653007 1.12399 2.38136
      vertex 0.700004 1.64099 1.8
      vertex 0.653007 1.12399 1.8
    endloop
  endfacet
  facet normal -0.995894 0.09053 0
    outer loop
      vertex 0.700004 1.64099 1.8
      vertex 0.653007 1.12399 2.38136
      vertex 0.700004 1.64099 2.38732
    endloop
  endfacet
  facet normal -0.989129 0.147053 0
    outer loop
      vertex 0.861014 2.72399 1.8
      vertex 0.800003 2.31361 2.4
      vertex 0.861014 2.72399 2.4
    endloop
  endfacet
  facet normal -0.989128 0.147054 5.64433e-07
    outer loop
      vertex 0.700004 1.64099 1.8
      vertex 0.800003 2.31361 2.4
      vertex 0.861014 2.72399 1.8
    endloop
  endfacet
  facet normal -0.989128 0.147055 0
    outer loop
      vertex 0.800003 2.31361 2.4
      vertex 0.700004 1.64099 1.8
      vertex 0.700004 1.64099 2.38732
    endloop
  endfacet
  facet normal -0.965991 0.258576 0
    outer loop
      vertex 0.861014 2.72399 1.8
      vertex 1.14101 3.77 2.4
      vertex 1.14101 3.77 1.8
    endloop
  endfacet
  facet normal -0.965991 0.258576 0
    outer loop
      vertex 1.14101 3.77 2.4
      vertex 0.861014 2.72399 1.8
      vertex 0.861014 2.72399 2.4
    endloop
  endfacet
  facet normal -0.933346 0.358979 0
    outer loop
      vertex 1.14101 3.77 1.8
      vertex 1.43101 4.524 2.4
      vertex 1.43101 4.524 1.8
    endloop
  endfacet
  facet normal -0.933346 0.358979 0
    outer loop
      vertex 1.43101 4.524 2.4
      vertex 1.14101 3.77 1.8
      vertex 1.14101 3.77 2.4
    endloop
  endfacet
  facet normal -0.868137 0.496325 0
    outer loop
      vertex 1.43101 4.524 1.8
      vertex 1.71801 5.026 2.4
      vertex 1.71801 5.026 1.8
    endloop
  endfacet
  facet normal -0.868137 0.496325 0
    outer loop
      vertex 1.71801 5.026 2.4
      vertex 1.43101 4.524 1.8
      vertex 1.43101 4.524 2.4
    endloop
  endfacet
  facet normal -0.816763 0.576974 0
    outer loop
      vertex 1.71801 5.026 1.8
      vertex 1.96101 5.36999 2.4
      vertex 1.96101 5.36999 1.8
    endloop
  endfacet
  facet normal -0.816763 0.576974 0
    outer loop
      vertex 1.96101 5.36999 2.4
      vertex 1.71801 5.026 1.8
      vertex 1.71801 5.026 2.4
    endloop
  endfacet
  facet normal -0.758782 0.651344 0
    outer loop
      vertex 1.96101 5.36999 1.8
      vertex 2.34901 5.82199 2.4
      vertex 2.34901 5.82199 1.8
    endloop
  endfacet
  facet normal -0.758782 0.651344 0
    outer loop
      vertex 2.34901 5.82199 2.4
      vertex 1.96101 5.36999 1.8
      vertex 1.96101 5.36999 2.4
    endloop
  endfacet
  facet normal -0.670919 0.741531 0
    outer loop
      vertex 3.021 6.42999 1.8
      vertex 2.34901 5.82199 2.4
      vertex 3.021 6.42999 2.4
    endloop
  endfacet
  facet normal -0.670919 0.741531 0
    outer loop
      vertex 2.34901 5.82199 2.4
      vertex 3.021 6.42999 1.8
      vertex 2.34901 5.82199 1.8
    endloop
  endfacet
  facet normal -0.61114 0.791523 0
    outer loop
      vertex 3.47301 6.77899 1.8
      vertex 3.021 6.42999 2.4
      vertex 3.47301 6.77899 2.4
    endloop
  endfacet
  facet normal -0.61114 0.791523 0
    outer loop
      vertex 3.021 6.42999 2.4
      vertex 3.47301 6.77899 1.8
      vertex 3.021 6.42999 1.8
    endloop
  endfacet
  facet normal -0.556227 0.83103 0
    outer loop
      vertex 3.97501 7.11499 1.8
      vertex 3.47301 6.77899 2.4
      vertex 3.97501 7.11499 2.4
    endloop
  endfacet
  facet normal -0.556227 0.83103 0
    outer loop
      vertex 3.47301 6.77899 2.4
      vertex 3.97501 7.11499 1.8
      vertex 3.47301 6.77899 1.8
    endloop
  endfacet
  facet normal -0.494317 0.869282 0
    outer loop
      vertex 4.48499 7.40499 1.8
      vertex 3.97501 7.11499 2.4
      vertex 4.48499 7.40499 2.4
    endloop
  endfacet
  facet normal -0.494317 0.869282 0
    outer loop
      vertex 3.97501 7.11499 2.4
      vertex 4.48499 7.40499 1.8
      vertex 3.97501 7.11499 1.8
    endloop
  endfacet
  facet normal -0.42251 0.906358 0
    outer loop
      vertex 5.268 7.77 1.8
      vertex 4.48499 7.40499 2.4
      vertex 5.268 7.77 2.4
    endloop
  endfacet
  facet normal -0.42251 0.906358 0
    outer loop
      vertex 4.48499 7.40499 2.4
      vertex 5.268 7.77 1.8
      vertex 4.48499 7.40499 1.8
    endloop
  endfacet
  facet normal -0.352887 0.935666 0
    outer loop
      vertex 5.79299 7.968 1.8
      vertex 5.268 7.77 2.4
      vertex 5.79299 7.968 2.4
    endloop
  endfacet
  facet normal -0.352887 0.935666 0
    outer loop
      vertex 5.268 7.77 2.4
      vertex 5.79299 7.968 1.8
      vertex 5.268 7.77 1.8
    endloop
  endfacet
  facet normal -0.252105 0.9677 0
    outer loop
      vertex 6.576 8.17199 1.8
      vertex 5.79299 7.968 2.4
      vertex 6.576 8.17199 2.4
    endloop
  endfacet
  facet normal -0.252105 0.9677 0
    outer loop
      vertex 5.79299 7.968 2.4
      vertex 6.576 8.17199 1.8
      vertex 5.79299 7.968 1.8
    endloop
  endfacet
  facet normal -0.0736479 0.997284 0
    outer loop
      vertex 6.90099 8.19599 1.8
      vertex 6.576 8.17199 2.4
      vertex 6.90099 8.19599 2.4
    endloop
  endfacet
  facet normal -0.0736479 0.997284 0
    outer loop
      vertex 6.576 8.17199 2.4
      vertex 6.90099 8.19599 1.8
      vertex 6.576 8.17199 1.8
    endloop
  endfacet
  facet normal 0.0722407 0.997387 -0
    outer loop
      vertex 7.32899 8.16499 1.8
      vertex 6.90099 8.19599 2.4
      vertex 7.32899 8.16499 2.4
    endloop
  endfacet
  facet normal 0.0722407 0.997387 0
    outer loop
      vertex 6.90099 8.19599 2.4
      vertex 7.32899 8.16499 1.8
      vertex 6.90099 8.19599 1.8
    endloop
  endfacet
  facet normal 0.196098 0.980584 -0
    outer loop
      vertex 7.949 8.041 1.8
      vertex 7.32899 8.16499 2.4
      vertex 7.949 8.041 2.4
    endloop
  endfacet
  facet normal 0.196098 0.980584 0
    outer loop
      vertex 7.32899 8.16499 2.4
      vertex 7.949 8.041 1.8
      vertex 7.32899 8.16499 1.8
    endloop
  endfacet
  facet normal 0.272998 0.962015 -0
    outer loop
      vertex 8.46 7.89599 1.8
      vertex 7.949 8.041 2.4
      vertex 8.46 7.89599 2.4
    endloop
  endfacet
  facet normal 0.272998 0.962015 0
    outer loop
      vertex 7.949 8.041 2.4
      vertex 8.46 7.89599 1.8
      vertex 7.949 8.041 1.8
    endloop
  endfacet
  facet normal 0.336203 0.94179 -0
    outer loop
      vertex 9.84099 7.403 1.8
      vertex 8.46 7.89599 2.4
      vertex 9.84099 7.403 2.4
    endloop
  endfacet
  facet normal 0.336203 0.94179 0
    outer loop
      vertex 8.46 7.89599 2.4
      vertex 9.84099 7.403 1.8
      vertex 8.46 7.89599 1.8
    endloop
  endfacet
  facet normal 0.463985 0.885843 -0
    outer loop
      vertex 10.009 7.315 1.8
      vertex 9.84099 7.403 2.4
      vertex 10.009 7.315 2.4
    endloop
  endfacet
  facet normal 0.463985 0.885843 0
    outer loop
      vertex 9.84099 7.403 2.4
      vertex 10.009 7.315 1.8
      vertex 9.84099 7.403 1.8
    endloop
  endfacet
  facet normal 0.733761 0.679408 0
    outer loop
      vertex 10.109 7.207 2.4
      vertex 10.009 7.315 1.8
      vertex 10.009 7.315 2.4
    endloop
  endfacet
  facet normal 0.733761 0.679408 0
    outer loop
      vertex 10.009 7.315 1.8
      vertex 10.109 7.207 2.4
      vertex 10.109 7.207 1.8
    endloop
  endfacet
  facet normal 0.888957 0.45799 0
    outer loop
      vertex 10.702 6.05599 2.4
      vertex 10.109 7.207 1.8
      vertex 10.109 7.207 2.4
    endloop
  endfacet
  facet normal 0.888957 0.45799 0
    outer loop
      vertex 10.109 7.207 1.8
      vertex 10.702 6.05599 2.4
      vertex 10.702 6.05599 1.8
    endloop
  endfacet
  facet normal 0.961524 0.274721 0
    outer loop
      vertex 10.744 5.90899 2.4
      vertex 10.702 6.05599 1.8
      vertex 10.702 6.05599 2.4
    endloop
  endfacet
  facet normal 0.961524 0.274721 0
    outer loop
      vertex 10.702 6.05599 1.8
      vertex 10.744 5.90899 2.4
      vertex 10.744 5.90899 1.8
    endloop
  endfacet
  facet normal 0.994576 -0.104008 0
    outer loop
      vertex 10.728 5.75599 2.4
      vertex 10.744 5.90899 1.8
      vertex 10.744 5.90899 2.4
    endloop
  endfacet
  facet normal 0.994576 -0.104008 0
    outer loop
      vertex 10.744 5.90899 1.8
      vertex 10.728 5.75599 2.4
      vertex 10.728 5.75599 1.8
    endloop
  endfacet
  facet normal 0.924578 -0.380992 0
    outer loop
      vertex 10.564 5.358 2.4
      vertex 10.728 5.75599 1.8
      vertex 10.728 5.75599 2.4
    endloop
  endfacet
  facet normal 0.924578 -0.380992 0
    outer loop
      vertex 10.728 5.75599 1.8
      vertex 10.564 5.358 2.4
      vertex 10.564 5.358 1.8
    endloop
  endfacet
  facet normal 0.954403 -0.298522 0
    outer loop
      vertex 10.361 4.70899 2.4
      vertex 10.564 5.358 1.8
      vertex 10.564 5.358 2.4
    endloop
  endfacet
  facet normal 0.954403 -0.298522 0
    outer loop
      vertex 10.564 5.358 1.8
      vertex 10.361 4.70899 2.4
      vertex 10.361 4.70899 1.8
    endloop
  endfacet
  facet normal 0.971077 -0.238765 0
    outer loop
      vertex 10.227 4.164 2.4
      vertex 10.361 4.70899 1.8
      vertex 10.361 4.70899 2.4
    endloop
  endfacet
  facet normal 0.971077 -0.238765 0
    outer loop
      vertex 10.361 4.70899 1.8
      vertex 10.227 4.164 2.4
      vertex 10.227 4.164 1.8
    endloop
  endfacet
  facet normal 0.990347 -0.138612 0
    outer loop
      vertex 10.151 3.621 2.4
      vertex 10.227 4.164 1.8
      vertex 10.227 4.164 2.4
    endloop
  endfacet
  facet normal 0.990347 -0.138612 0
    outer loop
      vertex 10.227 4.164 1.8
      vertex 10.151 3.621 2.4
      vertex 10.151 3.621 1.8
    endloop
  endfacet
  facet normal 0.999997 0.00227267 0
    outer loop
      vertex 10.152 3.18099 2.4
      vertex 10.151 3.621 1.8
      vertex 10.151 3.621 2.4
    endloop
  endfacet
  facet normal 0.999997 0.00227267 0
    outer loop
      vertex 10.151 3.621 1.8
      vertex 10.152 3.18099 2.4
      vertex 10.152 3.18099 1.8
    endloop
  endfacet
  facet normal 0.988506 0.151183 0
    outer loop
      vertex 10.23 2.67099 2.4
      vertex 10.152 3.18099 1.8
      vertex 10.152 3.18099 2.4
    endloop
  endfacet
  facet normal 0.988506 0.151183 0
    outer loop
      vertex 10.152 3.18099 1.8
      vertex 10.23 2.67099 2.4
      vertex 10.23 2.67099 1.8
    endloop
  endfacet
  facet normal 0.961925 0.273314 0
    outer loop
      vertex 10.307 2.39999 2.4
      vertex 10.23 2.67099 1.8
      vertex 10.23 2.67099 2.4
    endloop
  endfacet
  facet normal 0.961925 0.273314 0
    outer loop
      vertex 10.23 2.67099 1.8
      vertex 10.307 2.39999 2.4
      vertex 10.307 2.39999 1.8
    endloop
  endfacet
  facet normal 0.908999 0.416799 0
    outer loop
      vertex 10.517 1.942 2.4
      vertex 10.307 2.39999 1.8
      vertex 10.307 2.39999 2.4
    endloop
  endfacet
  facet normal 0.908999 0.416799 0
    outer loop
      vertex 10.307 2.39999 1.8
      vertex 10.517 1.942 2.4
      vertex 10.517 1.942 1.8
    endloop
  endfacet
  facet normal 0.803217 0.595687 0
    outer loop
      vertex 10.827 1.524 2.4
      vertex 10.517 1.942 1.8
      vertex 10.517 1.942 2.4
    endloop
  endfacet
  facet normal 0.803217 0.595687 0
    outer loop
      vertex 10.517 1.942 1.8
      vertex 10.827 1.524 2.4
      vertex 10.827 1.524 1.8
    endloop
  endfacet
  facet normal 0.651286 0.758833 -0
    outer loop
      vertex 11.215 1.19099 1.8
      vertex 10.827 1.524 2.4
      vertex 11.215 1.19099 2.4
    endloop
  endfacet
  facet normal 0.651286 0.758833 0
    outer loop
      vertex 10.827 1.524 2.4
      vertex 11.215 1.19099 1.8
      vertex 10.827 1.524 1.8
    endloop
  endfacet
  facet normal 0.533573 0.845754 -0
    outer loop
      vertex 11.597 0.949992 1.8
      vertex 11.215 1.19099 2.4
      vertex 11.597 0.949992 2.4
    endloop
  endfacet
  facet normal 0.533573 0.845754 0
    outer loop
      vertex 11.215 1.19099 2.4
      vertex 11.597 0.949992 1.8
      vertex 11.215 1.19099 1.8
    endloop
  endfacet
  facet normal 0.428959 0.903324 -0
    outer loop
      vertex 12.97 0.297999 1.8
      vertex 11.597 0.949992 2.4
      vertex 12.97 0.297999 2.4
    endloop
  endfacet
  facet normal 0.428959 0.903324 0
    outer loop
      vertex 11.597 0.949992 2.4
      vertex 12.97 0.297999 1.8
      vertex 11.597 0.949992 1.8
    endloop
  endfacet
  facet normal 0.702808 0.711379 -0
    outer loop
      vertex 13.053 0.215999 1.8
      vertex 12.97 0.297999 2.4
      vertex 13.053 0.215999 2.4
    endloop
  endfacet
  facet normal 0.702808 0.711379 0
    outer loop
      vertex 12.97 0.297999 2.4
      vertex 13.053 0.215999 1.8
      vertex 12.97 0.297999 1.8
    endloop
  endfacet
  facet normal 0.848646 0.528962 0
    outer loop
      vertex 13.283 -0.153004 2.4
      vertex 13.053 0.215999 1.8
      vertex 13.053 0.215999 2.4
    endloop
  endfacet
  facet normal 0.848646 0.528962 0
    outer loop
      vertex 13.053 0.215999 1.8
      vertex 13.283 -0.153004 2.4
      vertex 13.283 -0.153004 1.8
    endloop
  endfacet
  facet normal 0.752943 0.658086 0
    outer loop
      vertex 13.512 -0.415012 2.4
      vertex 13.283 -0.153004 1.8
      vertex 13.283 -0.153004 2.4
    endloop
  endfacet
  facet normal 0.752943 0.658086 0
    outer loop
      vertex 13.283 -0.153004 1.8
      vertex 13.512 -0.415012 2.4
      vertex 13.512 -0.415012 1.8
    endloop
  endfacet
  facet normal 0.499901 0.866082 -0
    outer loop
      vertex 13.784 -0.57201 1.8
      vertex 13.512 -0.415012 2.4
      vertex 13.784 -0.57201 2.4
    endloop
  endfacet
  facet normal 0.499901 0.866082 0
    outer loop
      vertex 13.512 -0.415012 2.4
      vertex 13.784 -0.57201 1.8
      vertex 13.512 -0.415012 1.8
    endloop
  endfacet
  facet normal 0.221842 0.975083 -0
    outer loop
      vertex 14.14 -0.653004 1.8
      vertex 13.784 -0.57201 2.4
      vertex 14.14 -0.653004 2.4
    endloop
  endfacet
  facet normal 0.221842 0.975083 0
    outer loop
      vertex 13.784 -0.57201 2.4
      vertex 14.14 -0.653004 1.8
      vertex 13.784 -0.57201 1.8
    endloop
  endfacet
  facet normal -0.0730466 0.997329 0
    outer loop
      vertex 14.495 -0.627003 1.8
      vertex 14.14 -0.653004 2.4
      vertex 14.495 -0.627003 2.4
    endloop
  endfacet
  facet normal -0.0730466 0.997329 0
    outer loop
      vertex 14.14 -0.653004 2.4
      vertex 14.495 -0.627003 1.8
      vertex 14.14 -0.653004 1.8
    endloop
  endfacet
  facet normal -0.453572 0.89122 0
    outer loop
      vertex 14.662 -0.542011 1.8
      vertex 14.495 -0.627003 2.4
      vertex 14.662 -0.542011 2.4
    endloop
  endfacet
  facet normal -0.453572 0.89122 0
    outer loop
      vertex 14.495 -0.627003 2.4
      vertex 14.662 -0.542011 1.8
      vertex 14.495 -0.627003 1.8
    endloop
  endfacet
  facet normal -0.762371 0.64714 0
    outer loop
      vertex 14.662 -0.542011 1.8
      vertex 14.808 -0.370014 2.4
      vertex 14.808 -0.370014 1.8
    endloop
  endfacet
  facet normal -0.762371 0.64714 0
    outer loop
      vertex 14.808 -0.370014 2.4
      vertex 14.662 -0.542011 1.8
      vertex 14.662 -0.542011 2.4
    endloop
  endfacet
  facet normal -0.951115 0.308836 0
    outer loop
      vertex 14.808 -0.370014 1.8
      vertex 14.896 -0.0990028 2.4
      vertex 14.896 -0.0990028 1.8
    endloop
  endfacet
  facet normal -0.951115 0.308836 0
    outer loop
      vertex 14.896 -0.0990028 2.4
      vertex 14.808 -0.370014 1.8
      vertex 14.808 -0.370014 2.4
    endloop
  endfacet
  facet normal -0.991702 -0.128557 0
    outer loop
      vertex 14.896 -0.0990028 1.8
      vertex 14.847 0.278987 2.4
      vertex 14.847 0.278987 1.8
    endloop
  endfacet
  facet normal -0.991702 -0.128557 0
    outer loop
      vertex 14.847 0.278987 2.4
      vertex 14.896 -0.0990028 1.8
      vertex 14.896 -0.0990028 2.4
    endloop
  endfacet
  facet normal -0.937648 -0.347585 0
    outer loop
      vertex 14.847 0.278987 1.8
      vertex 14.685 0.715999 2.4
      vertex 14.685 0.715999 1.8
    endloop
  endfacet
  facet normal -0.937648 -0.347585 0
    outer loop
      vertex 14.685 0.715999 2.4
      vertex 14.847 0.278987 1.8
      vertex 14.847 0.278987 2.4
    endloop
  endfacet
  facet normal -0.99267 -0.120857 0
    outer loop
      vertex 14.685 0.715999 1.8
      vertex 14.671 0.830989 2.4
      vertex 14.671 0.830989 1.8
    endloop
  endfacet
  facet normal -0.99267 -0.120857 0
    outer loop
      vertex 14.671 0.830989 2.4
      vertex 14.685 0.715999 1.8
      vertex 14.685 0.715999 2.4
    endloop
  endfacet
  facet normal -0.958084 0.286488 0
    outer loop
      vertex 14.671 0.830989 1.8
      vertex 14.886 1.55 2.4
      vertex 14.886 1.55 1.8
    endloop
  endfacet
  facet normal -0.958084 0.286488 0
    outer loop
      vertex 14.886 1.55 2.4
      vertex 14.671 0.830989 1.8
      vertex 14.671 0.830989 2.4
    endloop
  endfacet
  facet normal -0.987352 0.158545 0
    outer loop
      vertex 14.886 1.55 1.8
      vertex 15.031 2.453 2.4
      vertex 15.031 2.453 1.8
    endloop
  endfacet
  facet normal -0.987352 0.158545 0
    outer loop
      vertex 15.031 2.453 2.4
      vertex 14.886 1.55 1.8
      vertex 14.886 1.55 2.4
    endloop
  endfacet
  facet normal -1 0 0
    outer loop
      vertex 15.031 2.453 1.8
      vertex 15.031 3.235 2.4
      vertex 15.031 3.235 1.8
    endloop
  endfacet
  facet normal -1 -0 0
    outer loop
      vertex 15.031 3.235 2.4
      vertex 15.031 2.453 1.8
      vertex 15.031 2.453 2.4
    endloop
  endfacet
  facet normal -0.983006 -0.183573 0
    outer loop
      vertex 15.031 3.235 1.8
      vertex 14.907 3.899 2.4
      vertex 14.907 3.899 1.8
    endloop
  endfacet
  facet normal -0.983006 -0.183573 0
    outer loop
      vertex 14.907 3.899 2.4
      vertex 15.031 3.235 1.8
      vertex 15.031 3.235 2.4
    endloop
  endfacet
  facet normal -0.980379 0.197124 0
    outer loop
      vertex 14.907 3.899 1.8
      vertex 14.945 4.08799 2.4
      vertex 14.945 4.08799 1.8
    endloop
  endfacet
  facet normal -0.980379 0.197124 0
    outer loop
      vertex 14.945 4.08799 2.4
      vertex 14.907 3.899 1.8
      vertex 14.907 3.899 2.4
    endloop
  endfacet
  facet normal -0.802305 0.596915 0
    outer loop
      vertex 14.945 4.08799 1.8
      vertex 15.038 4.21299 2.4
      vertex 15.038 4.21299 1.8
    endloop
  endfacet
  facet normal -0.802305 0.596915 0
    outer loop
      vertex 15.038 4.21299 2.4
      vertex 14.945 4.08799 1.8
      vertex 14.945 4.08799 2.4
    endloop
  endfacet
  facet normal -0.515443 0.856924 0
    outer loop
      vertex 15.171 4.29299 1.8
      vertex 15.038 4.21299 2.4
      vertex 15.171 4.29299 2.4
    endloop
  endfacet
  facet normal -0.515443 0.856924 0
    outer loop
      vertex 15.038 4.21299 2.4
      vertex 15.171 4.29299 1.8
      vertex 15.038 4.21299 1.8
    endloop
  endfacet
  facet normal -0.148657 0.988889 0
    outer loop
      vertex 15.324 4.31599 1.8
      vertex 15.171 4.29299 2.4
      vertex 15.324 4.31599 2.4
    endloop
  endfacet
  facet normal -0.148657 0.988889 0
    outer loop
      vertex 15.171 4.29299 2.4
      vertex 15.324 4.31599 1.8
      vertex 15.171 4.29299 1.8
    endloop
  endfacet
  facet normal 0.285334 0.958428 -0
    outer loop
      vertex 15.717 4.19899 1.8
      vertex 15.324 4.31599 2.4
      vertex 15.717 4.19899 2.4
    endloop
  endfacet
  facet normal 0.285334 0.958428 0
    outer loop
      vertex 15.324 4.31599 2.4
      vertex 15.717 4.19899 1.8
      vertex 15.324 4.31599 1.8
    endloop
  endfacet
  facet normal 0.2007 0.979653 -0
    outer loop
      vertex 16.703 3.99699 1.8
      vertex 15.717 4.19899 2.4
      vertex 16.703 3.99699 2.4
    endloop
  endfacet
  facet normal 0.2007 0.979653 0
    outer loop
      vertex 15.717 4.19899 2.4
      vertex 16.703 3.99699 1.8
      vertex 15.717 4.19899 1.8
    endloop
  endfacet
  facet normal 0.0935694 0.995613 -0
    outer loop
      vertex 17.469 3.925 1.8
      vertex 16.703 3.99699 2.4
      vertex 17.469 3.925 2.4
    endloop
  endfacet
  facet normal 0.0935694 0.995613 0
    outer loop
      vertex 16.703 3.99699 2.4
      vertex 17.469 3.925 1.8
      vertex 16.703 3.99699 1.8
    endloop
  endfacet
  facet normal -0.0895045 0.995986 0
    outer loop
      vertex 17.914 3.96499 1.8
      vertex 17.469 3.925 2.4
      vertex 17.914 3.96499 2.4
    endloop
  endfacet
  facet normal -0.0895045 0.995986 0
    outer loop
      vertex 17.469 3.925 2.4
      vertex 17.914 3.96499 1.8
      vertex 17.469 3.925 1.8
    endloop
  endfacet
  facet normal -0.206887 0.978365 0
    outer loop
      vertex 18.42 4.07199 1.8
      vertex 17.914 3.96499 2.4
      vertex 18.42 4.07199 2.4
    endloop
  endfacet
  facet normal -0.206887 0.978365 0
    outer loop
      vertex 17.914 3.96499 2.4
      vertex 18.42 4.07199 1.8
      vertex 17.914 3.96499 1.8
    endloop
  endfacet
  facet normal -0.336633 0.941636 0
    outer loop
      vertex 19.427 4.43199 1.8
      vertex 18.42 4.07199 2.4
      vertex 19.427 4.43199 2.4
    endloop
  endfacet
  facet normal -0.336633 0.941636 0
    outer loop
      vertex 18.42 4.07199 2.4
      vertex 19.427 4.43199 1.8
      vertex 18.42 4.07199 1.8
    endloop
  endfacet
  facet normal 0.00799974 0.999968 -0
    outer loop
      vertex 19.552 4.43099 1.8
      vertex 19.427 4.43199 2.4
      vertex 19.552 4.43099 2.4
    endloop
  endfacet
  facet normal 0.00799974 0.999968 0
    outer loop
      vertex 19.427 4.43199 2.4
      vertex 19.552 4.43099 1.8
      vertex 19.427 4.43199 1.8
    endloop
  endfacet
  facet normal 0.259184 0.965828 -0
    outer loop
      vertex 19.947 4.32499 1.8
      vertex 19.552 4.43099 2.4
      vertex 19.947 4.32499 2.4
    endloop
  endfacet
  facet normal 0.259184 0.965828 0
    outer loop
      vertex 19.552 4.43099 2.4
      vertex 19.947 4.32499 1.8
      vertex 19.552 4.43099 1.8
    endloop
  endfacet
  facet normal -0.0990134 0.995086 0
    outer loop
      vertex 20.369 4.36698 1.8
      vertex 19.947 4.32499 2.4
      vertex 20.369 4.36698 2.4
    endloop
  endfacet
  facet normal -0.0990134 0.995086 0
    outer loop
      vertex 19.947 4.32499 2.4
      vertex 20.369 4.36698 1.8
      vertex 19.947 4.32499 1.8
    endloop
  endfacet
  facet normal -0.455433 0.89027 0
    outer loop
      vertex 20.586 4.47799 1.8
      vertex 20.369 4.36698 2.4
      vertex 20.586 4.47799 2.4
    endloop
  endfacet
  facet normal -0.455433 0.89027 0
    outer loop
      vertex 20.369 4.36698 2.4
      vertex 20.586 4.47799 1.8
      vertex 20.369 4.36698 1.8
    endloop
  endfacet
  facet normal -0.732417 0.680856 0
    outer loop
      vertex 20.586 4.47799 1.8
      vertex 20.771 4.677 2.4
      vertex 20.771 4.677 1.8
    endloop
  endfacet
  facet normal -0.732417 0.680856 0
    outer loop
      vertex 20.771 4.677 2.4
      vertex 20.586 4.47799 1.8
      vertex 20.586 4.47799 2.4
    endloop
  endfacet
  facet normal -0.937385 0.348294 0
    outer loop
      vertex 20.771 4.677 1.8
      vertex 20.852 4.895 2.4
      vertex 20.852 4.895 1.8
    endloop
  endfacet
  facet normal -0.937385 0.348294 0
    outer loop
      vertex 20.852 4.895 2.4
      vertex 20.771 4.677 1.8
      vertex 20.771 4.677 2.4
    endloop
  endfacet
  facet normal -0.999663 -0.0259664 0
    outer loop
      vertex 20.852 4.895 1.8
      vertex 20.846 5.12599 2.4
      vertex 20.846 5.12599 1.8
    endloop
  endfacet
  facet normal -0.999663 -0.0259664 0
    outer loop
      vertex 20.846 5.12599 2.4
      vertex 20.852 4.895 1.8
      vertex 20.852 4.895 2.4
    endloop
  endfacet
  facet normal -0.904358 -0.426775 0
    outer loop
      vertex 20.846 5.12599 1.8
      vertex 20.72 5.39299 2.4
      vertex 20.72 5.39299 1.8
    endloop
  endfacet
  facet normal -0.904358 -0.426775 0
    outer loop
      vertex 20.72 5.39299 2.4
      vertex 20.846 5.12599 1.8
      vertex 20.846 5.12599 2.4
    endloop
  endfacet
  facet normal -0.659281 -0.751896 0
    outer loop
      vertex 20.509 5.578 1.8
      vertex 20.72 5.39299 2.4
      vertex 20.509 5.578 2.4
    endloop
  endfacet
  facet normal -0.659281 -0.751896 -0
    outer loop
      vertex 20.72 5.39299 2.4
      vertex 20.509 5.578 1.8
      vertex 20.72 5.39299 1.8
    endloop
  endfacet
  facet normal -0.384354 -0.923186 0
    outer loop
      vertex 20.228 5.69499 1.8
      vertex 20.509 5.578 2.4
      vertex 20.228 5.69499 2.4
    endloop
  endfacet
  facet normal -0.384354 -0.923186 -0
    outer loop
      vertex 20.509 5.578 2.4
      vertex 20.228 5.69499 1.8
      vertex 20.509 5.578 1.8
    endloop
  endfacet
  facet normal -0.16885 -0.985642 0
    outer loop
      vertex 19.831 5.763 1.8
      vertex 20.228 5.69499 2.4
      vertex 19.831 5.763 2.4
    endloop
  endfacet
  facet normal -0.16885 -0.985642 -0
    outer loop
      vertex 20.228 5.69499 2.4
      vertex 19.831 5.763 1.8
      vertex 20.228 5.69499 1.8
    endloop
  endfacet
  facet normal -0.543436 -0.83945 0
    outer loop
      vertex 19.675 5.86399 1.8
      vertex 19.831 5.763 2.4
      vertex 19.675 5.86399 2.4
    endloop
  endfacet
  facet normal -0.543436 -0.83945 -0
    outer loop
      vertex 19.831 5.763 2.4
      vertex 19.675 5.86399 1.8
      vertex 19.831 5.763 1.8
    endloop
  endfacet
  facet normal -0.8792 -0.476453 0
    outer loop
      vertex 19.675 5.86399 1.8
      vertex 19.132 6.86599 2.4
      vertex 19.132 6.86599 1.8
    endloop
  endfacet
  facet normal -0.8792 -0.476453 0
    outer loop
      vertex 19.132 6.86599 2.4
      vertex 19.675 5.86399 1.8
      vertex 19.675 5.86399 2.4
    endloop
  endfacet
  facet normal -0.837271 -0.546789 0
    outer loop
      vertex 19.132 6.86599 1.8
      vertex 18.78 7.40499 2.4
      vertex 18.78 7.40499 1.8
    endloop
  endfacet
  facet normal -0.837271 -0.546789 0
    outer loop
      vertex 18.78 7.40499 2.4
      vertex 19.132 6.86599 1.8
      vertex 19.132 6.86599 2.4
    endloop
  endfacet
  facet normal -0.705831 -0.708381 0
    outer loop
      vertex 18.505 7.679 1.8
      vertex 18.78 7.40499 2.4
      vertex 18.505 7.679 2.4
    endloop
  endfacet
  facet normal -0.705831 -0.708381 -0
    outer loop
      vertex 18.78 7.40499 2.4
      vertex 18.505 7.679 1.8
      vertex 18.78 7.40499 1.8
    endloop
  endfacet
  facet normal -0.561379 -0.827559 0
    outer loop
      vertex 17.964 8.04599 1.8
      vertex 18.505 7.679 2.4
      vertex 17.964 8.04599 2.4
    endloop
  endfacet
  facet normal -0.561379 -0.827559 -0
    outer loop
      vertex 18.505 7.679 2.4
      vertex 17.964 8.04599 1.8
      vertex 18.505 7.679 1.8
    endloop
  endfacet
  facet normal -0.370237 -0.928937 0
    outer loop
      vertex 16.436 8.65499 1.8
      vertex 17.964 8.04599 2.4
      vertex 16.436 8.65499 2.4
    endloop
  endfacet
  facet normal -0.370237 -0.928937 -0
    outer loop
      vertex 17.964 8.04599 2.4
      vertex 16.436 8.65499 1.8
      vertex 17.964 8.04599 1.8
    endloop
  endfacet
  facet normal -0.212224 -0.977221 0
    outer loop
      vertex 16.086 8.731 1.8
      vertex 16.436 8.65499 2.4
      vertex 16.086 8.731 2.4
    endloop
  endfacet
  facet normal -0.212224 -0.977221 -0
    outer loop
      vertex 16.436 8.65499 2.4
      vertex 16.086 8.731 1.8
      vertex 16.436 8.65499 1.8
    endloop
  endfacet
  facet normal -0.0980232 -0.995184 0
    outer loop
      vertex 15.68 8.77099 1.8
      vertex 16.086 8.731 2.4
      vertex 15.68 8.77099 2.4
    endloop
  endfacet
  facet normal -0.0980232 -0.995184 -0
    outer loop
      vertex 16.086 8.731 2.4
      vertex 15.68 8.77099 1.8
      vertex 16.086 8.731 1.8
    endloop
  endfacet
  facet normal 0.171929 -0.985109 0
    outer loop
      vertex 15.256 8.69699 1.8
      vertex 15.68 8.77099 2.4
      vertex 15.256 8.69699 2.4
    endloop
  endfacet
  facet normal 0.171929 -0.985109 0
    outer loop
      vertex 15.68 8.77099 2.4
      vertex 15.256 8.69699 1.8
      vertex 15.68 8.77099 1.8
    endloop
  endfacet
  facet normal 0.313045 -0.949738 0
    outer loop
      vertex 14.895 8.578 1.8
      vertex 15.256 8.69699 2.4
      vertex 14.895 8.578 2.4
    endloop
  endfacet
  facet normal 0.313045 -0.949738 0
    outer loop
      vertex 15.256 8.69699 2.4
      vertex 14.895 8.578 1.8
      vertex 15.256 8.69699 1.8
    endloop
  endfacet
  facet normal 0.445366 -0.895349 0
    outer loop
      vertex 14.511 8.38699 1.8
      vertex 14.895 8.578 2.4
      vertex 14.511 8.38699 2.4
    endloop
  endfacet
  facet normal 0.445366 -0.895349 0
    outer loop
      vertex 14.895 8.578 2.4
      vertex 14.511 8.38699 1.8
      vertex 14.895 8.578 1.8
    endloop
  endfacet
  facet normal 0.536319 -0.844015 0
    outer loop
      vertex 14.02 8.07499 1.8
      vertex 14.511 8.38699 2.4
      vertex 14.02 8.07499 2.4
    endloop
  endfacet
  facet normal 0.536319 -0.844015 0
    outer loop
      vertex 14.511 8.38699 2.4
      vertex 14.02 8.07499 1.8
      vertex 14.511 8.38699 1.8
    endloop
  endfacet
  facet normal 0.268032 -0.96341 0
    outer loop
      vertex 13.869 8.03298 1.8
      vertex 14.02 8.07499 2.4
      vertex 13.869 8.03298 2.4
    endloop
  endfacet
  facet normal 0.268032 -0.96341 0
    outer loop
      vertex 14.02 8.07499 2.4
      vertex 13.869 8.03298 1.8
      vertex 14.02 8.07499 1.8
    endloop
  endfacet
  facet normal -0.0683865 -0.997659 0
    outer loop
      vertex 13.752 8.041 1.8
      vertex 13.869 8.03298 2.4
      vertex 13.752 8.041 2.4
    endloop
  endfacet
  facet normal -0.0683865 -0.997659 -0
    outer loop
      vertex 13.869 8.03298 2.4
      vertex 13.752 8.041 1.8
      vertex 13.869 8.03298 1.8
    endloop
  endfacet
  facet normal -0.381005 -0.924573 0
    outer loop
      vertex 12.114 8.716 1.8
      vertex 13.752 8.041 2.4
      vertex 12.114 8.716 2.4
    endloop
  endfacet
  facet normal -0.381005 -0.924573 -0
    outer loop
      vertex 13.752 8.041 2.4
      vertex 12.114 8.716 1.8
      vertex 13.752 8.041 1.8
    endloop
  endfacet
  facet normal -0.781266 -0.624198 0
    outer loop
      vertex 12.114 8.716 1.8
      vertex 11.967 8.89999 2.4
      vertex 11.967 8.89999 1.8
    endloop
  endfacet
  facet normal -0.781266 -0.624198 0
    outer loop
      vertex 11.967 8.89999 2.4
      vertex 12.114 8.716 1.8
      vertex 12.114 8.716 2.4
    endloop
  endfacet
  facet normal -0.984271 -0.176664 0
    outer loop
      vertex 11.967 8.89999 1.8
      vertex 11.939 9.05599 2.4
      vertex 11.939 9.05599 1.8
    endloop
  endfacet
  facet normal -0.984271 -0.176664 0
    outer loop
      vertex 11.939 9.05599 2.4
      vertex 11.967 8.89999 1.8
      vertex 11.967 8.89999 2.4
    endloop
  endfacet
  facet normal -0.984274 0.176649 0
    outer loop
      vertex 11.939 9.05599 1.8
      vertex 11.96 9.173 2.4
      vertex 11.96 9.173 1.8
    endloop
  endfacet
  facet normal -0.984274 0.176649 0
    outer loop
      vertex 11.96 9.173 2.4
      vertex 11.939 9.05599 1.8
      vertex 11.939 9.05599 2.4
    endloop
  endfacet
  facet normal -0.891022 0.45396 0
    outer loop
      vertex 11.96 9.173 1.8
      vertex 12.014 9.27899 2.4
      vertex 12.014 9.27899 1.8
    endloop
  endfacet
  facet normal -0.891022 0.45396 0
    outer loop
      vertex 12.014 9.27899 2.4
      vertex 11.96 9.173 1.8
      vertex 11.96 9.173 2.4
    endloop
  endfacet
  facet normal -0.681419 0.731894 0
    outer loop
      vertex 12.13 9.38699 1.8
      vertex 12.014 9.27899 2.4
      vertex 12.13 9.38699 2.4
    endloop
  endfacet
  facet normal -0.681419 0.731894 0
    outer loop
      vertex 12.014 9.27899 2.4
      vertex 12.13 9.38699 1.8
      vertex 12.014 9.27899 1.8
    endloop
  endfacet
  facet normal -0.430527 0.902578 0
    outer loop
      vertex 12.956 9.78099 1.8
      vertex 12.13 9.38699 2.4
      vertex 12.956 9.78099 2.4
    endloop
  endfacet
  facet normal -0.430527 0.902578 0
    outer loop
      vertex 12.13 9.38699 2.4
      vertex 12.956 9.78099 1.8
      vertex 12.13 9.38699 1.8
    endloop
  endfacet
  facet normal -0.0536859 0.998558 0
    outer loop
      vertex 13.235 9.79599 1.8
      vertex 12.956 9.78099 2.4
      vertex 13.235 9.79599 2.4
    endloop
  endfacet
  facet normal -0.0536859 0.998558 0
    outer loop
      vertex 12.956 9.78099 2.4
      vertex 13.235 9.79599 1.8
      vertex 12.956 9.78099 1.8
    endloop
  endfacet
  facet normal 0.154222 0.988036 -0
    outer loop
      vertex 14.465 9.604 1.8
      vertex 13.235 9.79599 2.4
      vertex 14.465 9.604 2.4
    endloop
  endfacet
  facet normal 0.154222 0.988036 0
    outer loop
      vertex 13.235 9.79599 2.4
      vertex 14.465 9.604 1.8
      vertex 13.235 9.79599 1.8
    endloop
  endfacet
  facet normal -0.00344232 0.999994 0
    outer loop
      vertex 15.046 9.606 1.8
      vertex 14.465 9.604 2.4
      vertex 15.046 9.606 2.4
    endloop
  endfacet
  facet normal -0.00344232 0.999994 0
    outer loop
      vertex 14.465 9.604 2.4
      vertex 15.046 9.606 1.8
      vertex 14.465 9.604 1.8
    endloop
  endfacet
  facet normal -0.171701 0.985149 0
    outer loop
      vertex 15.482 9.68199 1.8
      vertex 15.046 9.606 2.4
      vertex 15.482 9.68199 2.4
    endloop
  endfacet
  facet normal -0.171701 0.985149 0
    outer loop
      vertex 15.046 9.606 2.4
      vertex 15.482 9.68199 1.8
      vertex 15.046 9.606 1.8
    endloop
  endfacet
  facet normal -0.309527 0.950891 0
    outer loop
      vertex 15.823 9.79299 1.8
      vertex 15.482 9.68199 2.4
      vertex 15.823 9.79299 2.4
    endloop
  endfacet
  facet normal -0.309527 0.950891 0
    outer loop
      vertex 15.482 9.68199 2.4
      vertex 15.823 9.79299 1.8
      vertex 15.482 9.68199 1.8
    endloop
  endfacet
  facet normal -0.448802 0.893631 0
    outer loop
      vertex 16.048 9.90599 1.8
      vertex 15.823 9.79299 2.4
      vertex 16.048 9.90599 2.4
    endloop
  endfacet
  facet normal -0.448802 0.893631 0
    outer loop
      vertex 15.823 9.79299 2.4
      vertex 16.048 9.90599 1.8
      vertex 15.823 9.79299 1.8
    endloop
  endfacet
  facet normal -0.57652 0.817083 0
    outer loop
      vertex 16.408 10.16 1.8
      vertex 16.048 9.90599 2.4
      vertex 16.408 10.16 2.4
    endloop
  endfacet
  facet normal -0.57652 0.817083 0
    outer loop
      vertex 16.048 9.90599 2.4
      vertex 16.408 10.16 1.8
      vertex 16.048 9.90599 1.8
    endloop
  endfacet
  facet normal -0.685162 0.72839 0
    outer loop
      vertex 17.082 10.794 1.8
      vertex 16.408 10.16 2.4
      vertex 17.082 10.794 2.4
    endloop
  endfacet
  facet normal -0.685162 0.72839 0
    outer loop
      vertex 16.408 10.16 2.4
      vertex 17.082 10.794 1.8
      vertex 16.408 10.16 1.8
    endloop
  endfacet
  facet normal -0.793112 0.609075 0
    outer loop
      vertex 17.082 10.794 1.8
      vertex 17.36 11.156 2.4
      vertex 17.36 11.156 1.8
    endloop
  endfacet
  facet normal -0.793112 0.609075 0
    outer loop
      vertex 17.36 11.156 2.4
      vertex 17.082 10.794 1.8
      vertex 17.082 10.794 2.4
    endloop
  endfacet
  facet normal -0.87381 0.486268 0
    outer loop
      vertex 17.36 11.156 1.8
      vertex 17.69 11.749 2.4
      vertex 17.69 11.749 1.8
    endloop
  endfacet
  facet normal -0.87381 0.486268 0
    outer loop
      vertex 17.69 11.749 2.4
      vertex 17.36 11.156 1.8
      vertex 17.36 11.156 2.4
    endloop
  endfacet
  facet normal -0.93752 0.347931 0
    outer loop
      vertex 17.69 11.749 1.8
      vertex 18.168 13.037 2.4
      vertex 18.168 13.037 1.8
    endloop
  endfacet
  facet normal -0.93752 0.347931 0
    outer loop
      vertex 18.168 13.037 2.4
      vertex 17.69 11.749 1.8
      vertex 17.69 11.749 2.4
    endloop
  endfacet
  facet normal -0.711113 0.703078 0
    outer loop
      vertex 18.168 13.037 1.8
      vertex 18.693 13.568 2.4
      vertex 18.693 13.568 1.8
    endloop
  endfacet
  facet normal -0.711113 0.703078 0
    outer loop
      vertex 18.693 13.568 2.4
      vertex 18.168 13.037 1.8
      vertex 18.168 13.037 2.4
    endloop
  endfacet
  facet normal -0.827595 0.561325 0
    outer loop
      vertex 18.693 13.568 1.8
      vertex 18.849 13.798 2.4
      vertex 18.849 13.798 1.8
    endloop
  endfacet
  facet normal -0.827595 0.561325 0
    outer loop
      vertex 18.849 13.798 2.4
      vertex 18.693 13.568 1.8
      vertex 18.693 13.568 2.4
    endloop
  endfacet
  facet normal -0.972059 0.234739 0
    outer loop
      vertex 18.849 13.798 1.8
      vertex 18.927 14.121 2.4
      vertex 18.927 14.121 1.8
    endloop
  endfacet
  facet normal -0.972059 0.234739 0
    outer loop
      vertex 18.927 14.121 2.4
      vertex 18.849 13.798 1.8
      vertex 18.849 13.798 2.4
    endloop
  endfacet
  facet normal -0.986093 -0.166195 0
    outer loop
      vertex 18.927 14.121 1.8
      vertex 18.882 14.388 2.4
      vertex 18.882 14.388 1.8
    endloop
  endfacet
  facet normal -0.986093 -0.166195 0
    outer loop
      vertex 18.882 14.388 2.4
      vertex 18.927 14.121 1.8
      vertex 18.927 14.121 2.4
    endloop
  endfacet
  facet normal -0.847424 -0.530916 0
    outer loop
      vertex 18.882 14.388 1.8
      vertex 18.778 14.554 2.4
      vertex 18.778 14.554 1.8
    endloop
  endfacet
  facet normal -0.847424 -0.530916 0
    outer loop
      vertex 18.778 14.554 2.4
      vertex 18.882 14.388 1.8
      vertex 18.882 14.388 2.4
    endloop
  endfacet
  facet normal -0.571064 -0.820905 0
    outer loop
      vertex 18.525 14.73 1.8
      vertex 18.778 14.554 2.4
      vertex 18.525 14.73 2.4
    endloop
  endfacet
  facet normal -0.571064 -0.820905 -0
    outer loop
      vertex 18.778 14.554 2.4
      vertex 18.525 14.73 1.8
      vertex 18.778 14.554 1.8
    endloop
  endfacet
  facet normal -0.183346 -0.983048 0
    outer loop
      vertex 18.273 14.777 1.8
      vertex 18.525 14.73 2.4
      vertex 18.273 14.777 2.4
    endloop
  endfacet
  facet normal -0.183346 -0.983048 -0
    outer loop
      vertex 18.525 14.73 2.4
      vertex 18.273 14.777 1.8
      vertex 18.525 14.73 1.8
    endloop
  endfacet
  facet normal 0.184289 -0.982872 0
    outer loop
      vertex 18.001 14.726 1.8
      vertex 18.273 14.777 2.4
      vertex 18.001 14.726 2.4
    endloop
  endfacet
  facet normal 0.184289 -0.982872 0
    outer loop
      vertex 18.273 14.777 2.4
      vertex 18.001 14.726 1.8
      vertex 18.273 14.777 1.8
    endloop
  endfacet
  facet normal 0.427798 -0.903874 0
    outer loop
      vertex 17.327 14.407 1.8
      vertex 18.001 14.726 2.4
      vertex 17.327 14.407 2.4
    endloop
  endfacet
  facet normal 0.427798 -0.903874 0
    outer loop
      vertex 18.001 14.726 2.4
      vertex 17.327 14.407 1.8
      vertex 18.001 14.726 1.8
    endloop
  endfacet
  facet normal -0.0859552 -0.996299 0
    outer loop
      vertex 16.052 14.517 1.8
      vertex 17.327 14.407 2.4
      vertex 16.052 14.517 2.4
    endloop
  endfacet
  facet normal -0.0859552 -0.996299 -0
    outer loop
      vertex 17.327 14.407 2.4
      vertex 16.052 14.517 1.8
      vertex 17.327 14.407 1.8
    endloop
  endfacet
  facet normal 0.00217391 -0.999998 0
    outer loop
      vertex 15.592 14.516 1.8
      vertex 16.052 14.517 2.4
      vertex 15.592 14.516 2.4
    endloop
  endfacet
  facet normal 0.00217391 -0.999998 0
    outer loop
      vertex 16.052 14.517 2.4
      vertex 15.592 14.516 1.8
      vertex 16.052 14.517 1.8
    endloop
  endfacet
  facet normal 0.102549 -0.994728 0
    outer loop
      vertex 15.204 14.476 1.8
      vertex 15.592 14.516 2.4
      vertex 15.204 14.476 2.4
    endloop
  endfacet
  facet normal 0.102549 -0.994728 0
    outer loop
      vertex 15.592 14.516 2.4
      vertex 15.204 14.476 1.8
      vertex 15.592 14.516 1.8
    endloop
  endfacet
  facet normal 0.214336 -0.97676 0
    outer loop
      vertex 14.566 14.336 1.8
      vertex 15.204 14.476 2.4
      vertex 14.566 14.336 2.4
    endloop
  endfacet
  facet normal 0.214336 -0.97676 0
    outer loop
      vertex 15.204 14.476 2.4
      vertex 14.566 14.336 1.8
      vertex 15.204 14.476 1.8
    endloop
  endfacet
  facet normal 0.372769 -0.927924 0
    outer loop
      vertex 13.986 14.103 1.8
      vertex 14.566 14.336 2.4
      vertex 13.986 14.103 2.4
    endloop
  endfacet
  facet normal 0.372769 -0.927924 0
    outer loop
      vertex 14.566 14.336 2.4
      vertex 13.986 14.103 1.8
      vertex 14.566 14.336 1.8
    endloop
  endfacet
  facet normal 0.514261 -0.857634 0
    outer loop
      vertex 13.449 13.781 1.8
      vertex 13.986 14.103 2.4
      vertex 13.449 13.781 2.4
    endloop
  endfacet
  facet normal 0.514261 -0.857634 0
    outer loop
      vertex 13.986 14.103 2.4
      vertex 13.449 13.781 1.8
      vertex 13.986 14.103 1.8
    endloop
  endfacet
  facet normal 0.61328 -0.789866 0
    outer loop
      vertex 13.118 13.524 1.8
      vertex 13.449 13.781 2.4
      vertex 13.118 13.524 2.4
    endloop
  endfacet
  facet normal 0.61328 -0.789866 0
    outer loop
      vertex 13.449 13.781 2.4
      vertex 13.118 13.524 1.8
      vertex 13.449 13.781 1.8
    endloop
  endfacet
  facet normal 0.789587 -0.613639 0
    outer loop
      vertex 12.696 12.981 2.4
      vertex 13.118 13.524 1.8
      vertex 13.118 13.524 2.4
    endloop
  endfacet
  facet normal 0.789587 -0.613639 0
    outer loop
      vertex 13.118 13.524 1.8
      vertex 12.696 12.981 2.4
      vertex 12.696 12.981 1.8
    endloop
  endfacet
  facet normal 0.925194 -0.379496 0
    outer loop
      vertex 12.422 12.313 2.4
      vertex 12.696 12.981 1.8
      vertex 12.696 12.981 2.4
    endloop
  endfacet
  facet normal 0.925194 -0.379496 0
    outer loop
      vertex 12.696 12.981 1.8
      vertex 12.422 12.313 2.4
      vertex 12.422 12.313 1.8
    endloop
  endfacet
  facet normal 0.984983 -0.172649 0
    outer loop
      vertex 12.344 11.868 2.4
      vertex 12.422 12.313 1.8
      vertex 12.422 12.313 2.4
    endloop
  endfacet
  facet normal 0.984983 -0.172649 0
    outer loop
      vertex 12.422 12.313 1.8
      vertex 12.344 11.868 2.4
      vertex 12.344 11.868 1.8
    endloop
  endfacet
  facet normal 0.999254 -0.0386266 0
    outer loop
      vertex 12.321 11.273 2.4
      vertex 12.344 11.868 1.8
      vertex 12.344 11.868 2.4
    endloop
  endfacet
  facet normal 0.999254 -0.0386266 0
    outer loop
      vertex 12.344 11.868 1.8
      vertex 12.321 11.273 2.4
      vertex 12.321 11.273 1.8
    endloop
  endfacet
  facet normal 0.901125 -0.43356 0
    outer loop
      vertex 12.219 11.061 2.4
      vertex 12.321 11.273 1.8
      vertex 12.321 11.273 2.4
    endloop
  endfacet
  facet normal 0.901125 -0.43356 0
    outer loop
      vertex 12.321 11.273 1.8
      vertex 12.219 11.061 2.4
      vertex 12.219 11.061 1.8
    endloop
  endfacet
  facet normal 0.626759 -0.779213 0
    outer loop
      vertex 12.127 10.987 1.8
      vertex 12.219 11.061 2.4
      vertex 12.127 10.987 2.4
    endloop
  endfacet
  facet normal 0.626759 -0.779213 0
    outer loop
      vertex 12.219 11.061 2.4
      vertex 12.127 10.987 1.8
      vertex 12.219 11.061 1.8
    endloop
  endfacet
  facet normal 0.450835 -0.892607 0
    outer loop
      vertex 11.733 10.788 1.8
      vertex 12.127 10.987 2.4
      vertex 11.733 10.788 2.4
    endloop
  endfacet
  facet normal 0.450835 -0.892607 0
    outer loop
      vertex 12.127 10.987 2.4
      vertex 11.733 10.788 1.8
      vertex 12.127 10.987 1.8
    endloop
  endfacet
  facet normal 0.344418 -0.938816 0
    outer loop
      vertex 10.888 10.478 1.8
      vertex 11.733 10.788 2.4
      vertex 10.888 10.478 2.4
    endloop
  endfacet
  facet normal 0.344418 -0.938816 0
    outer loop
      vertex 11.733 10.788 2.4
      vertex 10.888 10.478 1.8
      vertex 11.733 10.788 1.8
    endloop
  endfacet
  facet normal 0.210646 -0.977562 0
    outer loop
      vertex 10.41 10.375 1.8
      vertex 10.888 10.478 2.4
      vertex 10.41 10.375 2.4
    endloop
  endfacet
  facet normal 0.210646 -0.977562 0
    outer loop
      vertex 10.888 10.478 2.4
      vertex 10.41 10.375 1.8
      vertex 10.888 10.478 1.8
    endloop
  endfacet
  facet normal 0.107195 -0.994238 0
    outer loop
      vertex 10.039 10.335 1.8
      vertex 10.41 10.375 2.4
      vertex 10.039 10.335 2.4
    endloop
  endfacet
  facet normal 0.107195 -0.994238 0
    outer loop
      vertex 10.41 10.375 2.4
      vertex 10.039 10.335 1.8
      vertex 10.41 10.375 1.8
    endloop
  endfacet
  facet normal 0.0276767 -0.999617 0
    outer loop
      vertex 8.811 10.301 1.8
      vertex 10.039 10.335 2.4
      vertex 8.811 10.301 2.4
    endloop
  endfacet
  facet normal 0.0276767 -0.999617 0
    outer loop
      vertex 10.039 10.335 2.4
      vertex 8.811 10.301 1.8
      vertex 10.039 10.335 1.8
    endloop
  endfacet
  facet normal -0.103371 -0.994643 0
    outer loop
      vertex 6.79999 10.51 1.8
      vertex 8.811 10.301 2.4
      vertex 6.79999 10.51 2.4
    endloop
  endfacet
  facet normal -0.103371 -0.994643 -0
    outer loop
      vertex 8.811 10.301 2.4
      vertex 6.79999 10.51 1.8
      vertex 8.811 10.301 1.8
    endloop
  endfacet
  facet normal -0.37227 -0.928125 0
    outer loop
      vertex 6.61799 10.583 1.8
      vertex 6.79999 10.51 2.4
      vertex 6.61799 10.583 2.4
    endloop
  endfacet
  facet normal -0.37227 -0.928125 -0
    outer loop
      vertex 6.79999 10.51 2.4
      vertex 6.61799 10.583 1.8
      vertex 6.79999 10.51 1.8
    endloop
  endfacet
  facet normal -0.800513 -0.599315 0
    outer loop
      vertex 6.61799 10.583 1.8
      vertex 6.47799 10.77 2.4
      vertex 6.47799 10.77 1.8
    endloop
  endfacet
  facet normal -0.800513 -0.599315 0
    outer loop
      vertex 6.47799 10.77 2.4
      vertex 6.61799 10.583 1.8
      vertex 6.61799 10.583 2.4
    endloop
  endfacet
  facet normal -0.994787 -0.101978 0
    outer loop
      vertex 6.47799 10.77 1.8
      vertex 6.458 10.965 2.4
      vertex 6.458 10.965 1.8
    endloop
  endfacet
  facet normal -0.994787 -0.101978 0
    outer loop
      vertex 6.458 10.965 2.4
      vertex 6.47799 10.77 1.8
      vertex 6.47799 10.77 2.4
    endloop
  endfacet
  facet normal -0.903667 0.428235 0
    outer loop
      vertex 6.458 10.965 1.8
      vertex 6.55799 11.176 2.4
      vertex 6.55799 11.176 1.8
    endloop
  endfacet
  facet normal -0.903667 0.428235 0
    outer loop
      vertex 6.55799 11.176 2.4
      vertex 6.458 10.965 1.8
      vertex 6.458 10.965 2.4
    endloop
  endfacet
  facet normal -0.50945 0.8605 0
    outer loop
      vertex 6.75899 11.295 1.8
      vertex 6.55799 11.176 2.4
      vertex 6.75899 11.295 2.4
    endloop
  endfacet
  facet normal -0.50945 0.8605 0
    outer loop
      vertex 6.55799 11.176 2.4
      vertex 6.75899 11.295 1.8
      vertex 6.55799 11.176 1.8
    endloop
  endfacet
  facet normal -0.144838 0.989455 0
    outer loop
      vertex 7.326 11.378 1.8
      vertex 6.75899 11.295 2.4
      vertex 7.326 11.378 2.4
    endloop
  endfacet
  facet normal -0.144838 0.989455 0
    outer loop
      vertex 6.75899 11.295 2.4
      vertex 7.326 11.378 1.8
      vertex 6.75899 11.295 1.8
    endloop
  endfacet
  facet normal -0.296655 0.954985 0
    outer loop
      vertex 7.796 11.524 1.8
      vertex 7.326 11.378 2.4
      vertex 7.796 11.524 2.4
    endloop
  endfacet
  facet normal -0.296655 0.954985 0
    outer loop
      vertex 7.326 11.378 2.4
      vertex 7.796 11.524 1.8
      vertex 7.326 11.378 1.8
    endloop
  endfacet
  facet normal -0.496988 0.867757 0
    outer loop
      vertex 8.126 11.713 1.8
      vertex 7.796 11.524 2.4
      vertex 8.126 11.713 2.4
    endloop
  endfacet
  facet normal -0.496988 0.867757 0
    outer loop
      vertex 7.796 11.524 2.4
      vertex 8.126 11.713 1.8
      vertex 7.796 11.524 1.8
    endloop
  endfacet
  facet normal -0.613452 0.789732 0
    outer loop
      vertex 8.462 11.974 1.8
      vertex 8.126 11.713 2.4
      vertex 8.462 11.974 2.4
    endloop
  endfacet
  facet normal -0.613452 0.789732 0
    outer loop
      vertex 8.126 11.713 2.4
      vertex 8.462 11.974 1.8
      vertex 8.126 11.713 1.8
    endloop
  endfacet
  facet normal -0.702324 0.711858 0
    outer loop
      vertex 8.686 12.195 1.8
      vertex 8.462 11.974 2.4
      vertex 8.686 12.195 2.4
    endloop
  endfacet
  facet normal -0.702324 0.711858 0
    outer loop
      vertex 8.462 11.974 2.4
      vertex 8.686 12.195 1.8
      vertex 8.462 11.974 1.8
    endloop
  endfacet
  facet normal -0.789437 0.613831 0
    outer loop
      vertex 8.686 12.195 1.8
      vertex 9.074 12.694 2.4
      vertex 9.074 12.694 1.8
    endloop
  endfacet
  facet normal -0.789437 0.613831 0
    outer loop
      vertex 9.074 12.694 2.4
      vertex 8.686 12.195 1.8
      vertex 8.686 12.195 2.4
    endloop
  endfacet
  facet normal -0.844321 0.535837 0
    outer loop
      vertex 9.074 12.694 1.8
      vertex 9.34499 13.121 2.4
      vertex 9.34499 13.121 1.8
    endloop
  endfacet
  facet normal -0.844321 0.535837 0
    outer loop
      vertex 9.34499 13.121 2.4
      vertex 9.074 12.694 1.8
      vertex 9.074 12.694 2.4
    endloop
  endfacet
  facet normal -0.886969 0.46183 0
    outer loop
      vertex 9.34499 13.121 1.8
      vertex 9.92399 14.233 2.4
      vertex 9.92399 14.233 1.8
    endloop
  endfacet
  facet normal -0.886969 0.46183 0
    outer loop
      vertex 9.92399 14.233 2.4
      vertex 9.34499 13.121 1.8
      vertex 9.34499 13.121 2.4
    endloop
  endfacet
  facet normal -0.82879 0.55956 0
    outer loop
      vertex 9.92399 14.233 1.8
      vertex 10.19 14.627 2.4
      vertex 10.19 14.627 1.8
    endloop
  endfacet
  facet normal -0.82879 0.55956 0
    outer loop
      vertex 10.19 14.627 2.4
      vertex 9.92399 14.233 1.8
      vertex 9.92399 14.233 2.4
    endloop
  endfacet
  facet normal -0.780869 0.624695 0
    outer loop
      vertex 10.19 14.627 1.8
      vertex 10.566 15.097 2.4
      vertex 10.566 15.097 1.8
    endloop
  endfacet
  facet normal -0.780869 0.624695 0
    outer loop
      vertex 10.566 15.097 2.4
      vertex 10.19 14.627 1.8
      vertex 10.19 14.627 2.4
    endloop
  endfacet
  facet normal -0.683013 0.730406 0
    outer loop
      vertex 11.09 15.587 1.8
      vertex 10.566 15.097 2.4
      vertex 11.09 15.587 2.4
    endloop
  endfacet
  facet normal -0.683013 0.730406 0
    outer loop
      vertex 10.566 15.097 2.4
      vertex 11.09 15.587 1.8
      vertex 10.566 15.097 1.8
    endloop
  endfacet
  facet normal -0.541964 0.840402 0
    outer loop
      vertex 11.442 15.814 1.8
      vertex 11.09 15.587 2.4
      vertex 11.442 15.814 2.4
    endloop
  endfacet
  facet normal -0.541964 0.840402 0
    outer loop
      vertex 11.09 15.587 2.4
      vertex 11.442 15.814 1.8
      vertex 11.09 15.587 1.8
    endloop
  endfacet
  facet normal -0.450487 0.892783 0
    outer loop
      vertex 11.769 15.979 1.8
      vertex 11.442 15.814 2.4
      vertex 11.769 15.979 2.4
    endloop
  endfacet
  facet normal -0.450487 0.892783 0
    outer loop
      vertex 11.442 15.814 2.4
      vertex 11.769 15.979 1.8
      vertex 11.442 15.814 1.8
    endloop
  endfacet
  facet normal -0.384216 0.923243 0
    outer loop
      vertex 12.425 16.252 1.8
      vertex 11.769 15.979 2.4
      vertex 12.425 16.252 2.4
    endloop
  endfacet
  facet normal -0.384216 0.923243 0
    outer loop
      vertex 11.769 15.979 2.4
      vertex 12.425 16.252 1.8
      vertex 11.769 15.979 1.8
    endloop
  endfacet
  facet normal -0.314456 0.949272 0
    outer loop
      vertex 13.068 16.465 1.8
      vertex 12.425 16.252 2.4
      vertex 13.068 16.465 2.4
    endloop
  endfacet
  facet normal -0.314456 0.949272 0
    outer loop
      vertex 12.425 16.252 2.4
      vertex 13.068 16.465 1.8
      vertex 12.425 16.252 1.8
    endloop
  endfacet
  facet normal -0.243839 0.969816 0
    outer loop
      vertex 13.593 16.597 1.8
      vertex 13.068 16.465 2.4
      vertex 13.593 16.597 2.4
    endloop
  endfacet
  facet normal -0.243839 0.969816 0
    outer loop
      vertex 13.068 16.465 2.4
      vertex 13.593 16.597 1.8
      vertex 13.068 16.465 1.8
    endloop
  endfacet
  facet normal -0.130972 0.991386 0
    outer loop
      vertex 15.402 16.836 1.8
      vertex 14.4051 16.7043 2.4
      vertex 15.402 16.836 2.38333
    endloop
  endfacet
  facet normal -0.130979 0.991385 -1.26047e-05
    outer loop
      vertex 13.593 16.597 1.8
      vertex 14.4051 16.7043 2.4
      vertex 15.402 16.836 1.8
    endloop
  endfacet
  facet normal -0.130988 0.991384 0
    outer loop
      vertex 14.4051 16.7043 2.4
      vertex 13.593 16.597 1.8
      vertex 13.593 16.597 2.4
    endloop
  endfacet
  facet normal -0.00435094 0.999991 0
    outer loop
      vertex 16.781 16.842 1.8
      vertex 15.402 16.836 2.38333
      vertex 16.781 16.842 2.38263
    endloop
  endfacet
  facet normal -0.00435094 0.999991 0
    outer loop
      vertex 15.402 16.836 2.38333
      vertex 16.781 16.842 1.8
      vertex 15.402 16.836 1.8
    endloop
  endfacet
  facet normal 0.07889 0.996883 -0
    outer loop
      vertex 17.197 16.809 1.8
      vertex 17.1275 16.8145 2.38612
      vertex 17.197 16.809 2.38683
    endloop
  endfacet
  facet normal 0.0790785 0.996868 2.24864e-05
    outer loop
      vertex 16.781 16.842 1.8
      vertex 17.1275 16.8145 2.38612
      vertex 17.197 16.809 1.8
    endloop
  endfacet
  facet normal 0.0791163 0.996865 0
    outer loop
      vertex 17.1275 16.8145 2.38612
      vertex 16.781 16.842 1.8
      vertex 16.781 16.842 2.38263
    endloop
  endfacet
  facet normal 0.143656 0.989628 -0
    outer loop
      vertex 17.718 16.733 1.8
      vertex 17.6746 16.7393 2.39567
      vertex 17.718 16.733 2.39647
    endloop
  endfacet
  facet normal 0.144346 0.989527 5.13346e-05
    outer loop
      vertex 17.197 16.809 1.8
      vertex 17.6746 16.7393 2.39567
      vertex 17.718 16.733 1.8
    endloop
  endfacet
  facet normal 0.144408 0.989518 0
    outer loop
      vertex 17.6746 16.7393 2.39567
      vertex 17.197 16.809 1.8
      vertex 17.197 16.809 2.38683
    endloop
  endfacet
  facet normal 0.256261 0.966608 -0
    outer loop
      vertex 18.544 16.514 1.8
      vertex 17.8228 16.7052 2.4
      vertex 18.544 16.514 2.4
    endloop
  endfacet
  facet normal 0.256279 0.966603 2.26243e-05
    outer loop
      vertex 17.718 16.733 1.8
      vertex 17.8228 16.7052 2.4
      vertex 18.544 16.514 1.8
    endloop
  endfacet
  facet normal 0.255556 0.966794 0.000157639
    outer loop
      vertex 17.8228 16.7052 2.4
      vertex 17.718 16.733 1.8
      vertex 17.7827 16.7158 2.39865
    endloop
  endfacet
  facet normal 0.256919 0.966433 0
    outer loop
      vertex 17.7827 16.7158 2.39865
      vertex 17.718 16.733 1.8
      vertex 17.718 16.733 2.39647
    endloop
  endfacet
  facet normal 0.394546 0.918876 -0
    outer loop
      vertex 19.075 16.286 1.8
      vertex 18.544 16.514 2.4
      vertex 19.075 16.286 2.4
    endloop
  endfacet
  facet normal 0.394546 0.918876 0
    outer loop
      vertex 18.544 16.514 2.4
      vertex 19.075 16.286 1.8
      vertex 18.544 16.514 1.8
    endloop
  endfacet
  facet normal 0.49946 0.866337 -0
    outer loop
      vertex 19.552 16.011 1.8
      vertex 19.075 16.286 2.4
      vertex 19.552 16.011 2.4
    endloop
  endfacet
  facet normal 0.49946 0.866337 0
    outer loop
      vertex 19.075 16.286 2.4
      vertex 19.552 16.011 1.8
      vertex 19.075 16.286 1.8
    endloop
  endfacet
  facet normal 0.5943 0.804243 -0
    outer loop
      vertex 19.801 15.827 1.8
      vertex 19.552 16.011 2.4
      vertex 19.801 15.827 2.4
    endloop
  endfacet
  facet normal 0.5943 0.804243 0
    outer loop
      vertex 19.552 16.011 2.4
      vertex 19.801 15.827 1.8
      vertex 19.552 16.011 1.8
    endloop
  endfacet
  facet normal 0.692982 0.720954 -0
    outer loop
      vertex 20.6 15.059 1.8
      vertex 19.801 15.827 2.4
      vertex 20.6 15.059 2.4
    endloop
  endfacet
  facet normal 0.692982 0.720954 0
    outer loop
      vertex 19.801 15.827 2.4
      vertex 20.6 15.059 1.8
      vertex 19.801 15.827 1.8
    endloop
  endfacet
  facet normal 0.825217 0.564815 0
    outer loop
      vertex 21.062 14.384 2.4
      vertex 20.6 15.059 1.8
      vertex 20.6 15.059 2.4
    endloop
  endfacet
  facet normal 0.825217 0.564815 0
    outer loop
      vertex 20.6 15.059 1.8
      vertex 21.062 14.384 2.4
      vertex 21.062 14.384 1.8
    endloop
  endfacet
  facet normal 0.916995 0.398899 0
    outer loop
      vertex 21.651 13.03 2.4
      vertex 21.062 14.384 1.8
      vertex 21.062 14.384 2.4
    endloop
  endfacet
  facet normal 0.916995 0.398899 0
    outer loop
      vertex 21.062 14.384 1.8
      vertex 21.651 13.03 2.4
      vertex 21.651 13.03 1.8
    endloop
  endfacet
  facet normal 0.985684 0.168604 0
    outer loop
      vertex 21.69 12.802 2.4
      vertex 21.651 13.03 1.8
      vertex 21.651 13.03 2.4
    endloop
  endfacet
  facet normal 0.985684 0.168604 0
    outer loop
      vertex 21.651 13.03 1.8
      vertex 21.69 12.802 2.4
      vertex 21.69 12.802 1.8
    endloop
  endfacet
  facet normal 0.977865 -0.209237 0
    outer loop
      vertex 21.641 12.573 2.4
      vertex 21.69 12.802 1.8
      vertex 21.69 12.802 2.4
    endloop
  endfacet
  facet normal 0.977865 -0.209237 0
    outer loop
      vertex 21.69 12.802 1.8
      vertex 21.641 12.573 2.4
      vertex 21.641 12.573 1.8
    endloop
  endfacet
  facet normal 0.901511 -0.432757 0
    outer loop
      vertex 21.088 11.421 2.4
      vertex 21.641 12.573 1.8
      vertex 21.641 12.573 2.4
    endloop
  endfacet
  facet normal 0.901511 -0.432757 0
    outer loop
      vertex 21.641 12.573 1.8
      vertex 21.088 11.421 2.4
      vertex 21.088 11.421 1.8
    endloop
  endfacet
  facet normal 0.958583 -0.284812 0
    outer loop
      vertex 20.954 10.97 2.4
      vertex 21.088 11.421 1.8
      vertex 21.088 11.421 2.4
    endloop
  endfacet
  facet normal 0.958583 -0.284812 0
    outer loop
      vertex 21.088 11.421 1.8
      vertex 20.954 10.97 2.4
      vertex 20.954 10.97 1.8
    endloop
  endfacet
  facet normal 0.990731 -0.135836 0
    outer loop
      vertex 20.845 10.175 2.4
      vertex 20.954 10.97 1.8
      vertex 20.954 10.97 2.4
    endloop
  endfacet
  facet normal 0.990731 -0.135836 0
    outer loop
      vertex 20.954 10.97 1.8
      vertex 20.845 10.175 2.4
      vertex 20.845 10.175 1.8
    endloop
  endfacet
  facet normal 0.996932 0.0782699 0
    outer loop
      vertex 20.883 9.69099 2.4
      vertex 20.845 10.175 1.8
      vertex 20.845 10.175 2.4
    endloop
  endfacet
  facet normal 0.996932 0.0782699 0
    outer loop
      vertex 20.845 10.175 1.8
      vertex 20.883 9.69099 2.4
      vertex 20.883 9.69099 1.8
    endloop
  endfacet
  facet normal 0.979286 0.202481 0
    outer loop
      vertex 20.987 9.188 2.4
      vertex 20.883 9.69099 1.8
      vertex 20.883 9.69099 2.4
    endloop
  endfacet
  facet normal 0.979286 0.202481 0
    outer loop
      vertex 20.883 9.69099 1.8
      vertex 20.987 9.188 2.4
      vertex 20.987 9.188 1.8
    endloop
  endfacet
  facet normal 0.949785 0.312903 0
    outer loop
      vertex 21.1 8.845 2.4
      vertex 20.987 9.188 1.8
      vertex 20.987 9.188 2.4
    endloop
  endfacet
  facet normal 0.949785 0.312903 0
    outer loop
      vertex 20.987 9.188 1.8
      vertex 21.1 8.845 2.4
      vertex 21.1 8.845 1.8
    endloop
  endfacet
  facet normal 0.912459 0.409168 0
    outer loop
      vertex 21.4 8.17599 2.4
      vertex 21.1 8.845 1.8
      vertex 21.1 8.845 2.4
    endloop
  endfacet
  facet normal 0.912459 0.409168 0
    outer loop
      vertex 21.1 8.845 1.8
      vertex 21.4 8.17599 2.4
      vertex 21.4 8.17599 1.8
    endloop
  endfacet
  facet normal 0.841694 0.539955 0
    outer loop
      vertex 21.706 7.69899 2.4
      vertex 21.4 8.17599 1.8
      vertex 21.4 8.17599 2.4
    endloop
  endfacet
  facet normal 0.841694 0.539955 0
    outer loop
      vertex 21.4 8.17599 1.8
      vertex 21.706 7.69899 2.4
      vertex 21.706 7.69899 1.8
    endloop
  endfacet
  facet normal 0.772246 0.635323 0
    outer loop
      vertex 21.938 7.41699 2.4
      vertex 21.706 7.69899 1.8
      vertex 21.706 7.69899 2.4
    endloop
  endfacet
  facet normal 0.772246 0.635323 0
    outer loop
      vertex 21.706 7.69899 1.8
      vertex 21.938 7.41699 2.4
      vertex 21.938 7.41699 1.8
    endloop
  endfacet
  facet normal 0.678414 0.73468 -0
    outer loop
      vertex 22.395 6.99499 1.8
      vertex 21.938 7.41699 2.4
      vertex 22.395 6.99499 2.4
    endloop
  endfacet
  facet normal 0.678414 0.73468 0
    outer loop
      vertex 21.938 7.41699 2.4
      vertex 22.395 6.99499 1.8
      vertex 21.938 7.41699 1.8
    endloop
  endfacet
  facet normal 0.570469 0.821319 -0
    outer loop
      vertex 23.649 6.12399 1.8
      vertex 22.395 6.99499 2.4
      vertex 23.649 6.12399 2.4
    endloop
  endfacet
  facet normal 0.570469 0.821319 0
    outer loop
      vertex 22.395 6.99499 2.4
      vertex 23.649 6.12399 1.8
      vertex 22.395 6.99499 1.8
    endloop
  endfacet
  facet normal 0.821606 0.570055 0
    outer loop
      vertex 23.751 5.97698 2.4
      vertex 23.649 6.12399 1.8
      vertex 23.649 6.12399 2.4
    endloop
  endfacet
  facet normal 0.821606 0.570055 0
    outer loop
      vertex 23.649 6.12399 1.8
      vertex 23.751 5.97698 2.4
      vertex 23.751 5.97698 1.8
    endloop
  endfacet
  facet normal 0.941574 0.336807 0
    outer loop
      vertex 23.937 5.457 2.4
      vertex 23.751 5.97698 1.8
      vertex 23.751 5.97698 2.4
    endloop
  endfacet
  facet normal 0.941574 0.336807 0
    outer loop
      vertex 23.751 5.97698 1.8
      vertex 23.937 5.457 2.4
      vertex 23.937 5.457 1.8
    endloop
  endfacet
  facet normal 0.757516 0.652817 0
    outer loop
      vertex 24.174 5.18199 2.4
      vertex 23.937 5.457 1.8
      vertex 23.937 5.457 2.4
    endloop
  endfacet
  facet normal 0.757516 0.652817 0
    outer loop
      vertex 23.937 5.457 1.8
      vertex 24.174 5.18199 2.4
      vertex 24.174 5.18199 1.8
    endloop
  endfacet
  facet normal 0.485945 0.87399 -0
    outer loop
      vertex 24.442 5.03298 1.8
      vertex 24.174 5.18199 2.4
      vertex 24.442 5.03298 2.4
    endloop
  endfacet
  facet normal 0.485945 0.87399 0
    outer loop
      vertex 24.174 5.18199 2.4
      vertex 24.442 5.03298 1.8
      vertex 24.174 5.18199 1.8
    endloop
  endfacet
  facet normal 0.0434083 0.999057 -0
    outer loop
      vertex 24.787 5.01799 1.8
      vertex 24.442 5.03298 2.4
      vertex 24.787 5.01799 2.4
    endloop
  endfacet
  facet normal 0.0434083 0.999057 0
    outer loop
      vertex 24.442 5.03298 2.4
      vertex 24.787 5.01799 1.8
      vertex 24.442 5.03298 1.8
    endloop
  endfacet
  facet normal -0.299026 0.954245 0
    outer loop
      vertex 25.004 5.08599 1.8
      vertex 24.787 5.01799 2.4
      vertex 25.004 5.08599 2.4
    endloop
  endfacet
  facet normal -0.299026 0.954245 0
    outer loop
      vertex 24.787 5.01799 2.4
      vertex 25.004 5.08599 1.8
      vertex 24.787 5.01799 1.8
    endloop
  endfacet
  facet normal -0.558376 0.829588 0
    outer loop
      vertex 25.16 5.19099 1.8
      vertex 25.004 5.08599 2.4
      vertex 25.16 5.19099 2.4
    endloop
  endfacet
  facet normal -0.558376 0.829588 0
    outer loop
      vertex 25.004 5.08599 2.4
      vertex 25.16 5.19099 1.8
      vertex 25.004 5.08599 1.8
    endloop
  endfacet
  facet normal -0.751876 0.659304 0
    outer loop
      vertex 25.16 5.19099 1.8
      vertex 25.331 5.386 2.4
      vertex 25.331 5.386 1.8
    endloop
  endfacet
  facet normal -0.751876 0.659304 0
    outer loop
      vertex 25.331 5.386 2.4
      vertex 25.16 5.19099 1.8
      vertex 25.16 5.19099 2.4
    endloop
  endfacet
  facet normal -0.933789 0.357824 0
    outer loop
      vertex 25.331 5.386 1.8
      vertex 25.413 5.59999 2.4
      vertex 25.413 5.59999 1.8
    endloop
  endfacet
  facet normal -0.933789 0.357824 0
    outer loop
      vertex 25.413 5.59999 2.4
      vertex 25.331 5.386 1.8
      vertex 25.331 5.386 2.4
    endloop
  endfacet
  facet normal -0.98944 0.144945 0
    outer loop
      vertex 25.413 5.59999 1.8
      vertex 25.459 5.914 2.4
      vertex 25.459 5.914 1.8
    endloop
  endfacet
  facet normal -0.98944 0.144945 0
    outer loop
      vertex 25.459 5.914 2.4
      vertex 25.413 5.59999 1.8
      vertex 25.413 5.59999 2.4
    endloop
  endfacet
  facet normal -0.997423 -0.0717457 0
    outer loop
      vertex 25.459 5.914 1.8
      vertex 25.418 6.48399 2.4
      vertex 25.418 6.48399 1.8
    endloop
  endfacet
  facet normal -0.997423 -0.0717457 0
    outer loop
      vertex 25.418 6.48399 2.4
      vertex 25.459 5.914 1.8
      vertex 25.459 5.914 2.4
    endloop
  endfacet
  facet normal -0.93775 0.347311 0
    outer loop
      vertex 25.418 6.48399 1.8
      vertex 25.808 7.537 2.4
      vertex 25.808 7.537 1.8
    endloop
  endfacet
  facet normal -0.93775 0.347311 0
    outer loop
      vertex 25.808 7.537 2.4
      vertex 25.418 6.48399 1.8
      vertex 25.418 6.48399 2.4
    endloop
  endfacet
  facet normal -0.965191 0.261546 0
    outer loop
      vertex 25.808 7.537 1.8
      vertex 26.047 8.41899 2.4
      vertex 26.047 8.41899 1.8
    endloop
  endfacet
  facet normal -0.965191 0.261546 0
    outer loop
      vertex 26.047 8.41899 2.4
      vertex 25.808 7.537 1.8
      vertex 25.808 7.537 2.4
    endloop
  endfacet
  facet normal -0.981877 0.189517 0
    outer loop
      vertex 26.047 8.41899 1.8
      vertex 26.152 8.96299 2.4
      vertex 26.152 8.96299 1.8
    endloop
  endfacet
  facet normal -0.981877 0.189517 0
    outer loop
      vertex 26.152 8.96299 2.4
      vertex 26.047 8.41899 1.8
      vertex 26.047 8.41899 2.4
    endloop
  endfacet
  facet normal -0.996921 0.0784073 0
    outer loop
      vertex 26.152 8.96299 1.8
      vertex 26.18 9.319 2.4
      vertex 26.18 9.319 1.8
    endloop
  endfacet
  facet normal -0.996921 0.0784073 0
    outer loop
      vertex 26.18 9.319 2.4
      vertex 26.152 8.96299 1.8
      vertex 26.152 8.96299 2.4
    endloop
  endfacet
  facet normal -0.99834 -0.0575965 0
    outer loop
      vertex 26.18 9.319 1.8
      vertex 26.156 9.735 2.4
      vertex 26.156 9.735 1.8
    endloop
  endfacet
  facet normal -0.99834 -0.0575965 0
    outer loop
      vertex 26.156 9.735 2.4
      vertex 26.18 9.319 1.8
      vertex 26.18 9.319 2.4
    endloop
  endfacet
  facet normal -0.981217 -0.192905 0
    outer loop
      vertex 26.156 9.735 1.8
      vertex 26.052 10.264 2.4
      vertex 26.052 10.264 1.8
    endloop
  endfacet
  facet normal -0.981217 -0.192905 0
    outer loop
      vertex 26.052 10.264 2.4
      vertex 26.156 9.735 1.8
      vertex 26.156 9.735 2.4
    endloop
  endfacet
  facet normal -0.940951 -0.338543 0
    outer loop
      vertex 26.052 10.264 1.8
      vertex 25.712 11.209 2.4
      vertex 25.712 11.209 1.8
    endloop
  endfacet
  facet normal -0.940951 -0.338543 0
    outer loop
      vertex 25.712 11.209 2.4
      vertex 26.052 10.264 1.8
      vertex 26.052 10.264 2.4
    endloop
  endfacet
  facet normal -0.878806 -0.47718 0
    outer loop
      vertex 25.712 11.209 1.8
      vertex 25.472 11.651 2.4
      vertex 25.472 11.651 1.8
    endloop
  endfacet
  facet normal -0.878806 -0.47718 0
    outer loop
      vertex 25.472 11.651 2.4
      vertex 25.712 11.209 1.8
      vertex 25.712 11.209 2.4
    endloop
  endfacet
  facet normal -0.811906 -0.583788 0
    outer loop
      vertex 25.472 11.651 1.8
      vertex 25.234 11.982 2.4
      vertex 25.234 11.982 1.8
    endloop
  endfacet
  facet normal -0.811906 -0.583788 0
    outer loop
      vertex 25.234 11.982 2.4
      vertex 25.472 11.651 1.8
      vertex 25.472 11.651 2.4
    endloop
  endfacet
  facet normal -0.705876 -0.708335 0
    outer loop
      vertex 24.946 12.269 1.8
      vertex 25.234 11.982 2.4
      vertex 24.946 12.269 2.4
    endloop
  endfacet
  facet normal -0.705876 -0.708335 -0
    outer loop
      vertex 25.234 11.982 2.4
      vertex 24.946 12.269 1.8
      vertex 25.234 11.982 1.8
    endloop
  endfacet
  facet normal -0.606189 -0.79532 0
    outer loop
      vertex 24.618 12.519 1.8
      vertex 24.946 12.269 2.4
      vertex 24.618 12.519 2.4
    endloop
  endfacet
  facet normal -0.606189 -0.79532 -0
    outer loop
      vertex 24.946 12.269 2.4
      vertex 24.618 12.519 1.8
      vertex 24.946 12.269 1.8
    endloop
  endfacet
  facet normal -0.545456 -0.83814 0
    outer loop
      vertex 24.366 12.683 1.8
      vertex 24.618 12.519 2.4
      vertex 24.366 12.683 2.4
    endloop
  endfacet
  facet normal -0.545456 -0.83814 -0
    outer loop
      vertex 24.618 12.519 2.4
      vertex 24.366 12.683 1.8
      vertex 24.618 12.519 1.8
    endloop
  endfacet
  facet normal -0.452206 -0.891914 0
    outer loop
      vertex 23.581 13.081 1.8
      vertex 24.366 12.683 2.4
      vertex 23.581 13.081 2.4
    endloop
  endfacet
  facet normal -0.452206 -0.891914 -0
    outer loop
      vertex 24.366 12.683 2.4
      vertex 23.581 13.081 1.8
      vertex 24.366 12.683 1.8
    endloop
  endfacet
  facet normal -0.640779 -0.767726 0
    outer loop
      vertex 23.073 13.505 1.8
      vertex 23.581 13.081 2.4
      vertex 23.073 13.505 2.4
    endloop
  endfacet
  facet normal -0.640779 -0.767726 -0
    outer loop
      vertex 23.581 13.081 2.4
      vertex 23.073 13.505 1.8
      vertex 23.581 13.081 1.8
    endloop
  endfacet
  facet normal -0.86529 -0.501271 0
    outer loop
      vertex 23.073 13.505 1.8
      vertex 22.905 13.795 2.4
      vertex 22.905 13.795 1.8
    endloop
  endfacet
  facet normal -0.86529 -0.501271 0
    outer loop
      vertex 22.905 13.795 2.4
      vertex 23.073 13.505 1.8
      vertex 23.073 13.505 2.4
    endloop
  endfacet
  facet normal -0.915975 -0.401234 0
    outer loop
      vertex 22.905 13.795 1.8
      vertex 22.449 14.836 2.4
      vertex 22.449 14.836 1.8
    endloop
  endfacet
  facet normal -0.915975 -0.401234 0
    outer loop
      vertex 22.449 14.836 2.4
      vertex 22.905 13.795 1.8
      vertex 22.905 13.795 2.4
    endloop
  endfacet
  facet normal -0.981549 -0.191211 0
    outer loop
      vertex 22.449 14.836 1.8
      vertex 22.419 14.99 2.4
      vertex 22.419 14.99 1.8
    endloop
  endfacet
  facet normal -0.981549 -0.191211 0
    outer loop
      vertex 22.419 14.99 2.4
      vertex 22.449 14.836 1.8
      vertex 22.449 14.836 2.4
    endloop
  endfacet
  facet normal -0.979086 0.203446 0
    outer loop
      vertex 22.419 14.99 1.8
      vertex 22.451 15.144 2.4
      vertex 22.451 15.144 1.8
    endloop
  endfacet
  facet normal -0.979086 0.203446 0
    outer loop
      vertex 22.451 15.144 2.4
      vertex 22.419 14.99 1.8
      vertex 22.419 14.99 2.4
    endloop
  endfacet
  facet normal -0.826092 0.563536 0
    outer loop
      vertex 22.451 15.144 1.8
      vertex 22.539 15.273 2.4
      vertex 22.539 15.273 1.8
    endloop
  endfacet
  facet normal -0.826092 0.563536 0
    outer loop
      vertex 22.539 15.273 2.4
      vertex 22.451 15.144 1.8
      vertex 22.451 15.144 2.4
    endloop
  endfacet
  facet normal -0.54588 0.837863 0
    outer loop
      vertex 22.671 15.359 1.8
      vertex 22.539 15.273 2.4
      vertex 22.671 15.359 2.4
    endloop
  endfacet
  facet normal -0.54588 0.837863 0
    outer loop
      vertex 22.539 15.273 2.4
      vertex 22.671 15.359 1.8
      vertex 22.539 15.273 1.8
    endloop
  endfacet
  facet normal -0.178885 0.98387 0
    outer loop
      vertex 22.825 15.387 1.8
      vertex 22.671 15.359 2.4
      vertex 22.825 15.387 2.4
    endloop
  endfacet
  facet normal -0.178885 0.98387 0
    outer loop
      vertex 22.671 15.359 2.4
      vertex 22.825 15.387 1.8
      vertex 22.671 15.359 1.8
    endloop
  endfacet
  facet normal 0.190213 0.981743 -0
    outer loop
      vertex 22.985 15.356 1.8
      vertex 22.825 15.387 2.4
      vertex 22.985 15.356 2.4
    endloop
  endfacet
  facet normal 0.190213 0.981743 0
    outer loop
      vertex 22.825 15.387 2.4
      vertex 22.985 15.356 1.8
      vertex 22.825 15.387 1.8
    endloop
  endfacet
  facet normal 0.641878 0.766807 -0
    outer loop
      vertex 23.519 14.909 1.8
      vertex 22.985 15.356 2.4
      vertex 23.519 14.909 2.4
    endloop
  endfacet
  facet normal 0.641878 0.766807 0
    outer loop
      vertex 22.985 15.356 2.4
      vertex 23.519 14.909 1.8
      vertex 22.985 15.356 1.8
    endloop
  endfacet
  facet normal 0.569122 0.822253 -0
    outer loop
      vertex 24.003 14.574 1.8
      vertex 23.519 14.909 2.4
      vertex 24.003 14.574 2.4
    endloop
  endfacet
  facet normal 0.569122 0.822253 0
    outer loop
      vertex 23.519 14.909 2.4
      vertex 24.003 14.574 1.8
      vertex 23.519 14.909 1.8
    endloop
  endfacet
  facet normal 0.437021 0.899451 -0
    outer loop
      vertex 24.357 14.402 1.8
      vertex 24.003 14.574 2.4
      vertex 24.357 14.402 2.4
    endloop
  endfacet
  facet normal 0.437021 0.899451 0
    outer loop
      vertex 24.003 14.574 2.4
      vertex 24.357 14.402 1.8
      vertex 24.003 14.574 1.8
    endloop
  endfacet
  facet normal 0.269002 0.96314 -0
    outer loop
      vertex 24.869 14.259 1.8
      vertex 24.357 14.402 2.4
      vertex 24.869 14.259 2.4
    endloop
  endfacet
  facet normal 0.269002 0.96314 0
    outer loop
      vertex 24.357 14.402 2.4
      vertex 24.869 14.259 1.8
      vertex 24.357 14.402 1.8
    endloop
  endfacet
  facet normal 0.156163 0.987731 -0
    outer loop
      vertex 25.122 14.219 1.8
      vertex 24.869 14.259 2.4
      vertex 25.122 14.219 2.4
    endloop
  endfacet
  facet normal 0.156163 0.987731 0
    outer loop
      vertex 24.869 14.259 2.4
      vertex 25.122 14.219 1.8
      vertex 24.869 14.259 1.8
    endloop
  endfacet
  facet normal -0.00131233 0.999999 0
    outer loop
      vertex 25.884 14.22 1.8
      vertex 25.122 14.219 2.4
      vertex 25.884 14.22 2.4
    endloop
  endfacet
  facet normal -0.00131233 0.999999 0
    outer loop
      vertex 25.122 14.219 2.4
      vertex 25.884 14.22 1.8
      vertex 25.122 14.219 1.8
    endloop
  endfacet
  facet normal -0.167661 0.985845 0
    outer loop
      vertex 26.766 14.37 1.8
      vertex 25.884 14.22 2.4
      vertex 26.766 14.37 2.4
    endloop
  endfacet
  facet normal -0.167661 0.985845 0
    outer loop
      vertex 25.884 14.22 2.4
      vertex 26.766 14.37 1.8
      vertex 25.884 14.22 1.8
    endloop
  endfacet
  facet normal -0.317608 0.948222 0
    outer loop
      vertex 27.178 14.508 1.8
      vertex 26.766 14.37 2.4
      vertex 27.178 14.508 2.4
    endloop
  endfacet
  facet normal -0.317608 0.948222 0
    outer loop
      vertex 26.766 14.37 2.4
      vertex 27.178 14.508 1.8
      vertex 26.766 14.37 1.8
    endloop
  endfacet
  facet normal -0.444615 0.895722 0
    outer loop
      vertex 27.454 14.645 1.8
      vertex 27.178 14.508 2.4
      vertex 27.454 14.645 2.4
    endloop
  endfacet
  facet normal -0.444615 0.895722 0
    outer loop
      vertex 27.178 14.508 2.4
      vertex 27.454 14.645 1.8
      vertex 27.178 14.508 1.8
    endloop
  endfacet
  facet normal -0.569656 0.821883 0
    outer loop
      vertex 27.933 14.977 1.8
      vertex 27.454 14.645 2.4
      vertex 27.933 14.977 2.4
    endloop
  endfacet
  facet normal -0.569656 0.821883 0
    outer loop
      vertex 27.454 14.645 2.4
      vertex 27.933 14.977 1.8
      vertex 27.454 14.645 1.8
    endloop
  endfacet
  facet normal -0.69623 0.717819 0
    outer loop
      vertex 28.199 15.235 1.8
      vertex 27.933 14.977 2.4
      vertex 28.199 15.235 2.4
    endloop
  endfacet
  facet normal -0.69623 0.717819 0
    outer loop
      vertex 27.933 14.977 2.4
      vertex 28.199 15.235 1.8
      vertex 27.933 14.977 1.8
    endloop
  endfacet
  facet normal -0.8 0.6 0
    outer loop
      vertex 28.199 15.235 1.8
      vertex 28.541 15.691 2.4
      vertex 28.541 15.691 1.8
    endloop
  endfacet
  facet normal -0.8 0.6 0
    outer loop
      vertex 28.541 15.691 2.4
      vertex 28.199 15.235 1.8
      vertex 28.199 15.235 2.4
    endloop
  endfacet
  facet normal -0.866136 0.499808 0
    outer loop
      vertex 28.541 15.691 1.8
      vertex 28.878 16.275 2.4
      vertex 28.878 16.275 1.8
    endloop
  endfacet
  facet normal -0.866136 0.499808 0
    outer loop
      vertex 28.878 16.275 2.4
      vertex 28.541 15.691 1.8
      vertex 28.541 15.691 2.4
    endloop
  endfacet
  facet normal -0.694369 0.719619 0
    outer loop
      vertex 28.992 16.385 1.8
      vertex 28.878 16.275 2.4
      vertex 28.992 16.385 2.4
    endloop
  endfacet
  facet normal -0.694369 0.719619 0
    outer loop
      vertex 28.878 16.275 2.4
      vertex 28.992 16.385 1.8
      vertex 28.878 16.275 1.8
    endloop
  endfacet
  facet normal -0.548909 0.835882 0
    outer loop
      vertex 29.426 16.67 1.8
      vertex 28.992 16.385 2.4
      vertex 29.426 16.67 2.4
    endloop
  endfacet
  facet normal -0.548909 0.835882 0
    outer loop
      vertex 28.992 16.385 2.4
      vertex 29.426 16.67 1.8
      vertex 28.992 16.385 1.8
    endloop
  endfacet
  facet normal -0.727505 0.686102 0
    outer loop
      vertex 29.569 16.821 1.8
      vertex 29.5574 16.8087 2.38691
      vertex 29.569 16.821 2.38535
    endloop
  endfacet
  facet normal -0.726079 0.687611 5.98079e-05
    outer loop
      vertex 29.426 16.67 1.8
      vertex 29.5574 16.8087 2.38691
      vertex 29.569 16.821 1.8
    endloop
  endfacet
  facet normal -0.725845 0.687858 -5.09612e-05
    outer loop
      vertex 29.5574 16.8087 2.38691
      vertex 29.426 16.67 1.8
      vertex 29.4596 16.7055 2.4
    endloop
  endfacet
  facet normal -0.726275 0.687404 0
    outer loop
      vertex 29.4596 16.7055 2.4
      vertex 29.426 16.67 1.8
      vertex 29.426 16.67 2.4
    endloop
  endfacet
  facet normal -0.923077 0.384615 0
    outer loop
      vertex 29.569 16.821 1.8
      vertex 29.734 17.217 2.20827
      vertex 29.734 17.217 1.8
    endloop
  endfacet
  facet normal -0.923007 0.384784 -0.000191809
    outer loop
      vertex 29.734 17.217 2.20827
      vertex 29.569 16.821 1.8
      vertex 29.6875 17.1055 2.29382
    endloop
  endfacet
  facet normal -0.923154 0.38443 4.7216e-05
    outer loop
      vertex 29.6875 17.1055 2.29382
      vertex 29.569 16.821 1.8
      vertex 29.6469 17.008 2.33419
    endloop
  endfacet
  facet normal -0.922931 0.384966 -0.000173017
    outer loop
      vertex 29.6469 17.008 2.33419
      vertex 29.569 16.821 1.8
      vertex 29.6071 16.9126 2.37374
    endloop
  endfacet
  facet normal -0.923315 0.384043 0
    outer loop
      vertex 29.6071 16.9126 2.37374
      vertex 29.569 16.821 1.8
      vertex 29.569 16.821 2.38535
    endloop
  endfacet
  facet normal -0.99987 -0.0161269 0
    outer loop
      vertex 29.734 17.217 1.8
      vertex 29.73 17.465 1.84005
      vertex 29.73 17.465 1.8
    endloop
  endfacet
  facet normal -0.99987 -0.0161497 0.00014087
    outer loop
      vertex 29.73 17.465 1.84005
      vertex 29.734 17.217 1.8
      vertex 29.7311 17.3983 2.001
    endloop
  endfacet
  facet normal -0.999876 -0.0157456 -0.00022374
    outer loop
      vertex 29.7311 17.3983 2.001
      vertex 29.734 17.217 1.8
      vertex 29.7321 17.3336 2.0853
    endloop
  endfacet
  facet normal -0.99987 -0.0161172 -7.18045e-05
    outer loop
      vertex 29.7321 17.3336 2.0853
      vertex 29.734 17.217 1.8
      vertex 29.7331 17.2712 2.16669
    endloop
  endfacet
  facet normal -0.999862 -0.0166029 0
    outer loop
      vertex 29.7331 17.2712 2.16669
      vertex 29.734 17.217 1.8
      vertex 29.734 17.217 2.20827
    endloop
  endfacet
  facet normal -0.951945 -0.30622 0.00545788
    outer loop
      vertex 29.73 17.465 1.8
      vertex 29.7258 17.4782 1.80805
      vertex 29.7254 17.4793 1.8
    endloop
  endfacet
  facet normal -0.952926 -0.303204 0
    outer loop
      vertex 29.7258 17.4782 1.80805
      vertex 29.73 17.465 1.8
      vertex 29.73 17.465 1.84005
    endloop
  endfacet
  facet normal 0.577601 0.816319 -0
    outer loop
      vertex 6.58399 17.379 1.8
      vertex 6.56166 17.3948 2.001
      vertex 6.58399 17.379 2.02157
    endloop
  endfacet
  facet normal 0.57683 0.816864 -0.000128617
    outer loop
      vertex 6.56166 17.3948 2.001
      vertex 6.58399 17.379 1.8
      vertex 6.46986 17.4596 1.84436
    endloop
  endfacet
  facet normal 0.577237 0.816575 0.00144469
    outer loop
      vertex 6.46986 17.4596 1.84436
      vertex 6.58399 17.379 1.8
      vertex 6.44859 17.4747 1.80805
    endloop
  endfacet
  facet normal 0.57693 0.816771 -0.0060403
    outer loop
      vertex 6.44859 17.4747 1.80805
      vertex 6.58399 17.379 1.8
      vertex 6.44709 17.4757 1.8
    endloop
  endfacet
  facet normal 0.837158 0.546962 0.00042954
    outer loop
      vertex 6.671 17.246 1.8
      vertex 6.58399 17.379 2.02157
      vertex 6.59006 17.3697 2.03367
    endloop
  endfacet
  facet normal 0.836744 0.547594 -4.84324e-05
    outer loop
      vertex 6.671 17.246 1.8
      vertex 6.59006 17.3697 2.03367
      vertex 6.65682 17.2677 2.16669
    endloop
  endfacet
  facet normal 0.837119 0.547021 -0
    outer loop
      vertex 6.671 17.246 1.8
      vertex 6.65682 17.2677 2.16669
      vertex 6.671 17.246 2.18332
    endloop
  endfacet
  facet normal 0.83683 0.547463 0
    outer loop
      vertex 6.58399 17.379 2.02157
      vertex 6.671 17.246 1.8
      vertex 6.58399 17.379 1.8
    endloop
  endfacet
  facet normal 0.992653 0.120992 0.000285252
    outer loop
      vertex 6.695 17.05 1.8
      vertex 6.671 17.246 2.18332
      vertex 6.67246 17.234 2.19252
    endloop
  endfacet
  facet normal 0.99258 0.121591 1.17007e-15
    outer loop
      vertex 6.695 17.05 1.8
      vertex 6.67246 17.234 2.19252
      vertex 6.68863 17.102 2.29382
    endloop
  endfacet
  facet normal 0.992606 0.121383 2.21873e-05
    outer loop
      vertex 6.695 17.05 1.8
      vertex 6.68863 17.102 2.29382
      vertex 6.69346 17.0625 2.31016
    endloop
  endfacet
  facet normal 0.992496 0.122276 -0
    outer loop
      vertex 6.695 17.05 1.8
      vertex 6.69346 17.0625 2.31016
      vertex 6.695 17.05 2.31536
    endloop
  endfacet
  facet normal 0.992586 0.121541 0
    outer loop
      vertex 6.671 17.246 2.18332
      vertex 6.695 17.05 1.8
      vertex 6.671 17.246 1.8
    endloop
  endfacet
  facet normal 0.961712 -0.274062 -1.9135e-05
    outer loop
      vertex 6.63999 16.857 1.8
      vertex 6.695 17.05 2.31536
      vertex 6.65482 16.909 2.37374
    endloop
  endfacet
  facet normal 0.961656 -0.274257 0
    outer loop
      vertex 6.63999 16.857 1.8
      vertex 6.65482 16.909 2.37374
      vertex 6.63999 16.857 2.38034
    endloop
  endfacet
  facet normal 0.961699 -0.274109 0
    outer loop
      vertex 6.695 17.05 2.31536
      vertex 6.63999 16.857 1.8
      vertex 6.695 17.05 1.8
    endloop
  endfacet
  facet normal 0.603348 -0.797478 0
    outer loop
      vertex 5.88399 16.285 1.8
      vertex 6.43503 16.7019 2.4
      vertex 5.88399 16.285 2.4
    endloop
  endfacet
  facet normal 0.60337 -0.797461 -3.24892e-05
    outer loop
      vertex 6.63999 16.857 1.8
      vertex 6.43503 16.7019 2.4
      vertex 5.88399 16.285 1.8
    endloop
  endfacet
  facet normal 0.603239 -0.79756 -0.00010285
    outer loop
      vertex 6.43503 16.7019 2.4
      vertex 6.63999 16.857 1.8
      vertex 6.48646 16.7408 2.39507
    endloop
  endfacet
  facet normal 0.603493 -0.797369 0
    outer loop
      vertex 6.48646 16.7408 2.39507
      vertex 6.63999 16.857 1.8
      vertex 6.63999 16.857 2.38034
    endloop
  endfacet
  facet normal 0.640191 -0.768216 0
    outer loop
      vertex 5.266 15.77 1.8
      vertex 5.88399 16.285 2.4
      vertex 5.266 15.77 2.4
    endloop
  endfacet
  facet normal 0.640191 -0.768216 0
    outer loop
      vertex 5.88399 16.285 2.4
      vertex 5.266 15.77 1.8
      vertex 5.88399 16.285 1.8
    endloop
  endfacet
  facet normal 0.674842 -0.737962 0
    outer loop
      vertex 3.64101 14.284 1.8
      vertex 5.266 15.77 2.4
      vertex 3.64101 14.284 2.4
    endloop
  endfacet
  facet normal 0.674842 -0.737962 0
    outer loop
      vertex 5.266 15.77 2.4
      vertex 3.64101 14.284 1.8
      vertex 5.266 15.77 1.8
    endloop
  endfacet
  facet normal 0.348719 -0.937227 0
    outer loop
      vertex 3.426 14.204 1.8
      vertex 3.64101 14.284 2.4
      vertex 3.426 14.204 2.4
    endloop
  endfacet
  facet normal 0.348719 -0.937227 0
    outer loop
      vertex 3.64101 14.284 2.4
      vertex 3.426 14.204 1.8
      vertex 3.64101 14.284 1.8
    endloop
  endfacet
  facet normal -0.13598 -0.990712 0
    outer loop
      vertex 3.273 14.225 1.8
      vertex 3.426 14.204 2.4
      vertex 3.273 14.225 2.4
    endloop
  endfacet
  facet normal -0.13598 -0.990712 -0
    outer loop
      vertex 3.426 14.204 2.4
      vertex 3.273 14.225 1.8
      vertex 3.426 14.204 1.8
    endloop
  endfacet
  facet normal -0.536562 -0.843861 0
    outer loop
      vertex 3.11101 14.328 1.8
      vertex 3.273 14.225 2.4
      vertex 3.11101 14.328 2.4
    endloop
  endfacet
  facet normal -0.536562 -0.843861 -0
    outer loop
      vertex 3.273 14.225 2.4
      vertex 3.11101 14.328 1.8
      vertex 3.273 14.225 1.8
    endloop
  endfacet
  facet normal -0.844722 -0.535205 0
    outer loop
      vertex 3.11101 14.328 1.8
      vertex 3.02801 14.459 2.4
      vertex 3.02801 14.459 1.8
    endloop
  endfacet
  facet normal -0.844722 -0.535205 0
    outer loop
      vertex 3.02801 14.459 2.4
      vertex 3.11101 14.328 1.8
      vertex 3.11101 14.328 2.4
    endloop
  endfacet
  facet normal -0.99211 -0.125371 0
    outer loop
      vertex 3.02801 14.459 1.8
      vertex 3.004 14.649 2.4
      vertex 3.004 14.649 1.8
    endloop
  endfacet
  facet normal -0.99211 -0.125371 0
    outer loop
      vertex 3.004 14.649 2.4
      vertex 3.02801 14.459 1.8
      vertex 3.02801 14.459 2.4
    endloop
  endfacet
  facet normal -0.977936 0.208904 0
    outer loop
      vertex 3.004 14.649 1.8
      vertex 3.25201 15.81 2.4
      vertex 3.25201 15.81 1.8
    endloop
  endfacet
  facet normal -0.977936 0.208904 0
    outer loop
      vertex 3.25201 15.81 2.4
      vertex 3.004 14.649 1.8
      vertex 3.004 14.649 2.4
    endloop
  endfacet
  facet normal -0.95506 0.296413 0
    outer loop
      vertex 3.57001 16.834 1.8
      vertex 3.56312 16.8118 2.38215
      vertex 3.57001 16.834 2.3794
    endloop
  endfacet
  facet normal -0.955034 0.296498 3.55421e-06
    outer loop
      vertex 3.57001 16.834 1.8
      vertex 3.51562 16.6588 2.4
      vertex 3.56312 16.8118 2.38215
    endloop
  endfacet
  facet normal -0.955009 0.296575 2.83518e-05
    outer loop
      vertex 3.25201 15.81 1.8
      vertex 3.51562 16.6588 2.4
      vertex 3.57001 16.834 1.8
    endloop
  endfacet
  facet normal -0.955004 0.296593 0
    outer loop
      vertex 3.51562 16.6588 2.4
      vertex 3.25201 15.81 1.8
      vertex 3.25201 15.81 2.4
    endloop
  endfacet
  facet normal -0.929076 0.369887 0.000915844
    outer loop
      vertex 3.81885 17.4631 1.8
      vertex 3.79859 17.4119 1.92569
      vertex 3.81842 17.462 1.80805
    endloop
  endfacet
  facet normal -0.929897 0.36782 -5.8307e-05
    outer loop
      vertex 3.57001 16.834 1.8
      vertex 3.79859 17.4119 1.92569
      vertex 3.81885 17.4631 1.8
    endloop
  endfacet
  facet normal -0.929899 0.367816 -3.73866e-05
    outer loop
      vertex 3.79859 17.4119 1.92569
      vertex 3.57001 16.834 1.8
      vertex 3.78589 17.3798 2.001
    endloop
  endfacet
  facet normal -0.929908 0.367792 3.85889e-05
    outer loop
      vertex 3.78589 17.3798 2.001
      vertex 3.57001 16.834 1.8
      vertex 3.76062 17.3159 2.08193
    endloop
  endfacet
  facet normal -0.929947 0.367693 0.000233159
    outer loop
      vertex 3.76062 17.3159 2.08193
      vertex 3.57001 16.834 1.8
      vertex 3.73415 17.2489 2.16669
    endloop
  endfacet
  facet normal -0.929836 0.367974 -0.000133859
    outer loop
      vertex 3.73415 17.2489 2.16669
      vertex 3.57001 16.834 1.8
      vertex 3.68934 17.1357 2.25116
    endloop
  endfacet
  facet normal -0.929966 0.367645 0.000120128
    outer loop
      vertex 3.64768 17.0303 2.31319
      vertex 3.68934 17.1357 2.25116
      vertex 3.57001 16.834 1.8
    endloop
  endfacet
  facet normal -0.930431 0.366459 -0.00220772
    outer loop
      vertex 3.68934 17.1357 2.25116
      vertex 3.64768 17.0303 2.31319
      vertex 3.66671 17.0785 2.29382
    endloop
  endfacet
  facet normal -0.929875 0.367877 1.79357e-05
    outer loop
      vertex 3.64768 17.0303 2.31319
      vertex 3.57001 16.834 1.8
      vertex 3.58818 16.8799 2.37374
    endloop
  endfacet
  facet normal -0.92947 0.368897 -7.64747e-05
    outer loop
      vertex 3.58818 16.8799 2.37374
      vertex 3.57001 16.834 1.8
      vertex 3.58306 16.867 2.37534
    endloop
  endfacet
  facet normal -0.929927 0.367744 0
    outer loop
      vertex 3.58306 16.867 2.37534
      vertex 3.57001 16.834 1.8
      vertex 3.57001 16.834 2.3794
    endloop
  endfacet
  facet normal -0.00143417 0.999999 0
    outer loop
      vertex 8.958 -13.117 1.8
      vertex 0.800003 -13.1287 2.4
      vertex 8.958 -13.117 2.4
    endloop
  endfacet
  facet normal -0.00143308 0.999999 1.48893e-05
    outer loop
      vertex 0.0261919 -13.1298 1.8
      vertex 0.800003 -13.1287 2.4
      vertex 8.958 -13.117 1.8
    endloop
  endfacet
  facet normal -0.000876796 0.999999 -0.000702541
    outer loop
      vertex 0.800003 -13.1287 2.4
      vertex 0.0261919 -13.1298 1.8
      vertex 0.592941 -13.1289 2.37374
    endloop
  endfacet
  facet normal -0.00153186 0.999999 -5.54616e-05
    outer loop
      vertex 0.592941 -13.1289 2.37374
      vertex 0.0261919 -13.1298 1.8
      vertex 0.399994 -13.1292 2.29382
    endloop
  endfacet
  facet normal -0.0020956 0.999998 0.000371271
    outer loop
      vertex 0.399994 -13.1292 2.29382
      vertex 0.0261919 -13.1298 1.8
      vertex 0.234314 -13.1295 2.16669
    endloop
  endfacet
  facet normal 0.00107434 0.999998 -0.00142789
    outer loop
      vertex 0.234314 -13.1295 2.16669
      vertex 0.0261919 -13.1298 1.8
      vertex 0.107178 -13.1296 2.001
    endloop
  endfacet
  facet normal -0.00366892 0.999993 0.00048325
    outer loop
      vertex 0.107178 -13.1296 2.001
      vertex 0.0261919 -13.1298 1.8
      vertex 0.0272522 -13.1298 1.80805
    endloop
  endfacet
  facet normal -0.751361 0.659891 0
    outer loop
      vertex 38.249 13.393 1.8
      vertex 38.451 13.623 2.4
      vertex 38.451 13.623 1.8
    endloop
  endfacet
  facet normal -0.751361 0.659891 0
    outer loop
      vertex 38.451 13.623 2.4
      vertex 38.249 13.393 1.8
      vertex 38.249 13.393 2.4
    endloop
  endfacet
  facet normal -0.952296 0.305176 0
    outer loop
      vertex 38.451 13.623 1.8
      vertex 38.534 13.882 2.4
      vertex 38.534 13.882 1.8
    endloop
  endfacet
  facet normal -0.952296 0.305176 0
    outer loop
      vertex 38.534 13.882 2.4
      vertex 38.451 13.623 1.8
      vertex 38.451 13.623 2.4
    endloop
  endfacet
  facet normal -0.998282 -0.0585948 0
    outer loop
      vertex 38.534 13.882 1.8
      vertex 38.507 14.342 2.4
      vertex 38.507 14.342 1.8
    endloop
  endfacet
  facet normal -0.998282 -0.0585948 0
    outer loop
      vertex 38.507 14.342 2.4
      vertex 38.534 13.882 1.8
      vertex 38.534 13.882 2.4
    endloop
  endfacet
  facet normal -0.891082 -0.453843 0
    outer loop
      vertex 38.507 14.342 1.8
      vertex 38.343 14.664 2.4
      vertex 38.343 14.664 1.8
    endloop
  endfacet
  facet normal -0.891082 -0.453843 0
    outer loop
      vertex 38.343 14.664 2.4
      vertex 38.507 14.342 1.8
      vertex 38.507 14.342 2.4
    endloop
  endfacet
  facet normal -0.75373 -0.657185 0
    outer loop
      vertex 38.343 14.664 1.8
      vertex 37.955 15.109 2.4
      vertex 37.955 15.109 1.8
    endloop
  endfacet
  facet normal -0.75373 -0.657185 0
    outer loop
      vertex 37.955 15.109 2.4
      vertex 38.343 14.664 1.8
      vertex 38.343 14.664 2.4
    endloop
  endfacet
  facet normal -0.878268 -0.478168 0
    outer loop
      vertex 37.955 15.109 1.8
      vertex 37.857 15.289 2.4
      vertex 37.857 15.289 1.8
    endloop
  endfacet
  facet normal -0.878268 -0.478168 0
    outer loop
      vertex 37.857 15.289 2.4
      vertex 37.955 15.109 1.8
      vertex 37.955 15.109 2.4
    endloop
  endfacet
  facet normal -0.953143 -0.302519 0
    outer loop
      vertex 37.857 15.289 1.8
      vertex 37.784 15.519 2.4
      vertex 37.784 15.519 1.8
    endloop
  endfacet
  facet normal -0.953143 -0.302519 0
    outer loop
      vertex 37.784 15.519 2.4
      vertex 37.857 15.289 1.8
      vertex 37.857 15.289 2.4
    endloop
  endfacet
  facet normal -0.988716 -0.149805 0
    outer loop
      vertex 37.605 16.709 1.8
      vertex 37.6055 16.7057 2.4
      vertex 37.605 16.709 2.39958
    endloop
  endfacet
  facet normal -0.988875 -0.148747 5.95541e-06
    outer loop
      vertex 37.784 15.519 1.8
      vertex 37.6055 16.7057 2.4
      vertex 37.605 16.709 1.8
    endloop
  endfacet
  facet normal -0.988876 -0.148744 0
    outer loop
      vertex 37.6055 16.7057 2.4
      vertex 37.784 15.519 1.8
      vertex 37.784 15.519 2.4
    endloop
  endfacet
  facet normal -0.953478 -0.301463 0
    outer loop
      vertex 37.483 17.095 1.8
      vertex 37.5309 16.9435 2.36102
      vertex 37.483 17.095 2.29825
    endloop
  endfacet
  facet normal -0.953508 -0.301368 2.81798e-05
    outer loop
      vertex 37.605 16.709 1.8
      vertex 37.5309 16.9435 2.36102
      vertex 37.483 17.095 1.8
    endloop
  endfacet
  facet normal -0.953534 -0.301284 -1.03819e-05
    outer loop
      vertex 37.5309 16.9435 2.36102
      vertex 37.605 16.709 1.8
      vertex 37.5406 16.9128 2.37374
    endloop
  endfacet
  facet normal -0.953533 -0.301289 -8.37498e-06
    outer loop
      vertex 37.5406 16.9128 2.37374
      vertex 37.605 16.709 1.8
      vertex 37.5958 16.7381 2.39589
    endloop
  endfacet
  facet normal -0.953484 -0.301445 0
    outer loop
      vertex 37.5958 16.7381 2.39589
      vertex 37.605 16.709 1.8
      vertex 37.605 16.709 2.39958
    endloop
  endfacet
  facet normal -0.922111 0.386925 0
    outer loop
      vertex 37.483 17.095 1.8
      vertex 37.59 17.35 2.06424
      vertex 37.59 17.35 1.8
    endloop
  endfacet
  facet normal -0.922084 0.38699 -7.38806e-05
    outer loop
      vertex 37.59 17.35 2.06424
      vertex 37.483 17.095 1.8
      vertex 37.5654 17.2914 2.14056
    endloop
  endfacet
  facet normal -0.922045 0.387082 -0.000135877
    outer loop
      vertex 37.5654 17.2914 2.14056
      vertex 37.483 17.095 1.8
      vertex 37.557 17.2714 2.16669
    endloop
  endfacet
  facet normal -0.922163 0.386802 2.2171e-05
    outer loop
      vertex 37.557 17.2714 2.16669
      vertex 37.483 17.095 1.8
      vertex 37.4875 17.1057 2.29382
    endloop
  endfacet
  facet normal -0.921797 0.387672 0
    outer loop
      vertex 37.4875 17.1057 2.29382
      vertex 37.483 17.095 1.8
      vertex 37.483 17.095 2.29825
    endloop
  endfacet
  facet normal -0.605874 0.795561 4.71962e-05
    outer loop
      vertex 37.59 17.35 1.8
      vertex 37.6537 17.3985 2.001
      vertex 37.7586 17.4784 1.80805
    endloop
  endfacet
  facet normal -0.605969 0.795481 0.00331329
    outer loop
      vertex 37.59 17.35 1.8
      vertex 37.7586 17.4784 1.80805
      vertex 37.76 17.4795 1.8
    endloop
  endfacet
  facet normal -0.60578 0.795632 0
    outer loop
      vertex 37.6537 17.3985 2.001
      vertex 37.59 17.35 1.8
      vertex 37.59 17.35 2.06424
    endloop
  endfacet
  facet normal 0.999989 0.00472547 -0.000116251
    outer loop
      vertex 31.307 17.203 1.8
      vertex 31.3057 17.4783 1.80805
      vertex 31.3061 17.3984 2.001
    endloop
  endfacet
  facet normal 0.99999 0.00438199 0.000217661
    outer loop
      vertex 31.307 17.203 1.8
      vertex 31.3061 17.3984 2.001
      vertex 31.3064 17.3252 2.0964
    endloop
  endfacet
  facet normal 0.999986 0.00533002 -0.000173203
    outer loop
      vertex 31.307 17.203 1.8
      vertex 31.3064 17.3252 2.0964
      vertex 31.3067 17.2712 2.16669
    endloop
  endfacet
  facet normal 0.99999 0.00439878 -0
    outer loop
      vertex 31.307 17.203 1.8
      vertex 31.3067 17.2712 2.16669
      vertex 31.307 17.203 2.21904
    endloop
  endfacet
  facet normal 0.999989 0.00470498 0.000584469
    outer loop
      vertex 31.3057 17.4783 1.80805
      vertex 31.307 17.203 1.8
      vertex 31.3057 17.4793 1.8
    endloop
  endfacet
  facet normal 0.987755 0.156015 0
    outer loop
      vertex 31.3224 17.1055 2.29382
      vertex 31.307 17.203 1.8
      vertex 31.307 17.203 2.21904
    endloop
  endfacet
  facet normal 0.987612 0.156916 -0.000346447
    outer loop
      vertex 31.383 16.723 1.8
      vertex 31.3224 17.1055 2.29382
      vertex 31.3401 16.9942 2.33995
    endloop
  endfacet
  facet normal 0.987731 0.156165 4.00855e-05
    outer loop
      vertex 31.383 16.723 1.8
      vertex 31.3401 16.9942 2.33995
      vertex 31.353 16.9126 2.37374
    endloop
  endfacet
  facet normal 0.98778 0.155854 0.000145655
    outer loop
      vertex 31.383 16.723 1.8
      vertex 31.353 16.9126 2.37374
      vertex 31.3719 16.7928 2.38893
    endloop
  endfacet
  facet normal 0.98759 0.157052 -0
    outer loop
      vertex 31.383 16.723 1.8
      vertex 31.3719 16.7928 2.38893
      vertex 31.383 16.723 2.39779
    endloop
  endfacet
  facet normal 0.987696 0.156385 7.50043e-05
    outer loop
      vertex 31.3224 17.1055 2.29382
      vertex 31.383 16.723 1.8
      vertex 31.307 17.203 1.8
    endloop
  endfacet
  facet normal 0.95707 0.289856 0
    outer loop
      vertex 31.3883 16.7055 2.4
      vertex 31.383 16.723 1.8
      vertex 31.383 16.723 2.39779
    endloop
  endfacet
  facet normal 0.956275 0.29247 -0
    outer loop
      vertex 31.527 16.252 1.8
      vertex 31.3883 16.7055 2.4
      vertex 31.527 16.252 2.4
    endloop
  endfacet
  facet normal 0.956304 0.292373 8.01996e-05
    outer loop
      vertex 31.3883 16.7055 2.4
      vertex 31.527 16.252 1.8
      vertex 31.383 16.723 1.8
    endloop
  endfacet
  facet normal 0.896075 0.443902 0
    outer loop
      vertex 31.688 15.927 2.4
      vertex 31.527 16.252 1.8
      vertex 31.527 16.252 2.4
    endloop
  endfacet
  facet normal 0.896075 0.443902 0
    outer loop
      vertex 31.527 16.252 1.8
      vertex 31.688 15.927 2.4
      vertex 31.688 15.927 1.8
    endloop
  endfacet
  facet normal 0.82495 0.565205 0
    outer loop
      vertex 31.96 15.53 2.4
      vertex 31.688 15.927 1.8
      vertex 31.688 15.927 2.4
    endloop
  endfacet
  facet normal 0.82495 0.565205 0
    outer loop
      vertex 31.688 15.927 1.8
      vertex 31.96 15.53 2.4
      vertex 31.96 15.53 1.8
    endloop
  endfacet
  facet normal 0.709348 0.704858 0
    outer loop
      vertex 32.431 15.056 2.4
      vertex 31.96 15.53 1.8
      vertex 31.96 15.53 2.4
    endloop
  endfacet
  facet normal 0.709348 0.704858 0
    outer loop
      vertex 31.96 15.53 1.8
      vertex 32.431 15.056 2.4
      vertex 32.431 15.056 1.8
    endloop
  endfacet
  facet normal 0.628697 0.77765 -0
    outer loop
      vertex 32.833 14.731 1.8
      vertex 32.431 15.056 2.4
      vertex 32.833 14.731 2.4
    endloop
  endfacet
  facet normal 0.628697 0.77765 0
    outer loop
      vertex 32.431 15.056 2.4
      vertex 32.833 14.731 1.8
      vertex 32.431 15.056 1.8
    endloop
  endfacet
  facet normal 0.525279 0.85093 -0
    outer loop
      vertex 33.596 14.26 1.8
      vertex 32.833 14.731 2.4
      vertex 33.596 14.26 2.4
    endloop
  endfacet
  facet normal 0.525279 0.85093 0
    outer loop
      vertex 32.833 14.731 2.4
      vertex 33.596 14.26 1.8
      vertex 32.833 14.731 1.8
    endloop
  endfacet
  facet normal 0.356463 0.934309 -0
    outer loop
      vertex 34.094 14.07 1.8
      vertex 33.596 14.26 2.4
      vertex 34.094 14.07 2.4
    endloop
  endfacet
  facet normal 0.356463 0.934309 0
    outer loop
      vertex 33.596 14.26 2.4
      vertex 34.094 14.07 1.8
      vertex 33.596 14.26 1.8
    endloop
  endfacet
  facet normal 0.241483 0.970405 -0
    outer loop
      vertex 34.528 13.962 1.8
      vertex 34.094 14.07 2.4
      vertex 34.528 13.962 2.4
    endloop
  endfacet
  facet normal 0.241483 0.970405 0
    outer loop
      vertex 34.094 14.07 2.4
      vertex 34.528 13.962 1.8
      vertex 34.094 14.07 1.8
    endloop
  endfacet
  facet normal 0.0549627 0.998488 -0
    outer loop
      vertex 35.291 13.92 1.8
      vertex 34.528 13.962 2.4
      vertex 35.291 13.92 2.4
    endloop
  endfacet
  facet normal 0.0549627 0.998488 0
    outer loop
      vertex 34.528 13.962 2.4
      vertex 35.291 13.92 1.8
      vertex 34.528 13.962 1.8
    endloop
  endfacet
  facet normal -0.0886427 0.996063 0
    outer loop
      vertex 36.572 14.034 1.8
      vertex 35.291 13.92 2.4
      vertex 36.572 14.034 2.4
    endloop
  endfacet
  facet normal -0.0886427 0.996063 0
    outer loop
      vertex 35.291 13.92 2.4
      vertex 36.572 14.034 1.8
      vertex 35.291 13.92 1.8
    endloop
  endfacet
  facet normal 0.241538 0.970391 -0
    outer loop
      vertex 36.801 13.977 1.8
      vertex 36.572 14.034 2.4
      vertex 36.801 13.977 2.4
    endloop
  endfacet
  facet normal 0.241538 0.970391 0
    outer loop
      vertex 36.572 14.034 2.4
      vertex 36.801 13.977 1.8
      vertex 36.572 14.034 1.8
    endloop
  endfacet
  facet normal 0.743819 0.668381 0
    outer loop
      vertex 37.244 13.484 2.4
      vertex 36.801 13.977 1.8
      vertex 36.801 13.977 2.4
    endloop
  endfacet
  facet normal 0.743819 0.668381 0
    outer loop
      vertex 36.801 13.977 1.8
      vertex 37.244 13.484 2.4
      vertex 37.244 13.484 1.8
    endloop
  endfacet
  facet normal 0.465962 0.884805 -0
    outer loop
      vertex 37.582 13.306 1.8
      vertex 37.244 13.484 2.4
      vertex 37.582 13.306 2.4
    endloop
  endfacet
  facet normal 0.465962 0.884805 0
    outer loop
      vertex 37.244 13.484 2.4
      vertex 37.582 13.306 1.8
      vertex 37.244 13.484 1.8
    endloop
  endfacet
  facet normal 0.133475 0.991052 -0
    outer loop
      vertex 37.879 13.266 1.8
      vertex 37.582 13.306 2.4
      vertex 37.879 13.266 2.4
    endloop
  endfacet
  facet normal 0.133475 0.991052 0
    outer loop
      vertex 37.582 13.306 2.4
      vertex 37.879 13.266 1.8
      vertex 37.582 13.306 1.8
    endloop
  endfacet
  facet normal -0.324651 0.945834 0
    outer loop
      vertex 38.249 13.393 1.8
      vertex 37.879 13.266 2.4
      vertex 38.249 13.393 2.4
    endloop
  endfacet
  facet normal -0.324651 0.945834 0
    outer loop
      vertex 37.879 13.266 2.4
      vertex 38.249 13.393 1.8
      vertex 37.879 13.266 1.8
    endloop
  endfacet
  facet normal 1 0 0
    outer loop
      vertex 60.9 -8.5 0.4
      vertex 60.9 -17.1084 0
      vertex 60.9 -8.5 0
    endloop
  endfacet
  facet normal 1 0 0
    outer loop
      vertex 60.9 -8.5 0.4
      vertex 60.9 -17.1354 0.0270103
      vertex 60.9 -17.1084 0
    endloop
  endfacet
  facet normal 1 0 -0
    outer loop
      vertex 60.9 -17.1354 0.0270103
      vertex 60.9 -8.5 0.4
      vertex 60.9 -17.5084 0.4
    endloop
  endfacet
  facet normal 0 0 -1
    outer loop
      vertex 60.9 -17.5084 0.4
      vertex 61.9 -8.5 0.4
      vertex 61.9 -17.5083 0.4
    endloop
  endfacet
  facet normal -0 0 -1
    outer loop
      vertex 61.9 -8.5 0.4
      vertex 60.9 -17.5084 0.4
      vertex 60.9 -8.5 0.4
    endloop
  endfacet
  facet normal 0 -1 0
    outer loop
      vertex 60.9 -8.5 0
      vertex 61.9 -8.5 0.4
      vertex 60.9 -8.5 0.4
    endloop
  endfacet
  facet normal 0 -1 -0
    outer loop
      vertex 61.9 -8.5 0.4
      vertex 60.9 -8.5 0
      vertex 61.9 -8.5 0
    endloop
  endfacet
  facet normal -1 0 0
    outer loop
      vertex 61.9 -17.1083 0
      vertex 61.9 -8.5 0.4
      vertex 61.9 -8.5 0
    endloop
  endfacet
  facet normal -1 0 0
    outer loop
      vertex 61.9 -17.1547 0.0464446
      vertex 61.9 -8.5 0.4
      vertex 61.9 -17.1083 0
    endloop
  endfacet
  facet normal -1 -0 0
    outer loop
      vertex 61.9 -8.5 0.4
      vertex 61.9 -17.1547 0.0464446
      vertex 61.9 -17.5083 0.4
    endloop
  endfacet
endsolid OpenSCAD_Model
